replicate_1,replicate_2,replicate_3,replicate_4,replicate_5,replicate_6,replicate_7,replicate_8,replicate_9,replicate_10,replicate_11,replicate_12,replicate_13,replicate_14,replicate_15,replicate_16,replicate_17,replicate_18,replicate_19,replicate_20,replicate_21,replicate_22,replicate_23,replicate_24,replicate_25,replicate_26,replicate_27,replicate_28,replicate_29,replicate_30,replicate_31,replicate_32,replicate_33,replicate_34,replicate_35,replicate_36,replicate_37,replicate_38,replicate_39,replicate_40,replicate_41,replicate_42,replicate_43,replicate_44,replicate_45,replicate_46,replicate_47,replicate_48,replicate_49,replicate_50,replicate_51,replicate_52,replicate_53,replicate_54,replicate_55,replicate_56,replicate_57,replicate_58,replicate_59,replicate_60,replicate_61,replicate_62,replicate_63,replicate_64,replicate_65,replicate_66,replicate_67,replicate_68,replicate_69,replicate_70,replicate_71,replicate_72,replicate_73,replicate_74,replicate_75,replicate_76,replicate_77,replicate_78,replicate_79,replicate_80,replicate_81,replicate_82,replicate_83,replicate_84,replicate_85,replicate_86,replicate_87,replicate_88,replicate_89,replicate_90,replicate_91,replicate_92,replicate_93,replicate_94,replicate_95,replicate_96,replicate_97,replicate_98,replicate_99,replicate_100
0.029849770351656923,0.07480111667077072,0.15174521030650356,1.2677891347541101,0.9932754710419069,0.06745393461171845,0.3279966485150476,0.2320119983878417,0.13879950632589177,0.5442788439438613,0.13603526606988114,0.2990298537516174,0.2951223083455148,0.8040301935219631,0.036689934694448034,0.13943927470902673,1.7512862211825366,0.7218592922428273,0.43815855836773565,0.2275272620737252,0.0437251343251972,0.17519495632070137,0.03244839834612545,0.13232635105040869,0.2038601610982571,1.0783921825276348,1.4174464967478517,0.12998537294728396,0.07105036131924303,0.18450723806402025,0.20958931240968415,0.1705264740769561,0.2648789917672958,0.057417607558021055,0.447738573130392,1.902870279347614,0.0376586205774605,3.3903577709544805,0.39736873433869,0.009699887379808203,1.4957048619563729,2.3373397668614713,0.2613501273236054,2.674433028312135,0.1920424747773648,3.4188284937197944,0.17334707860198062,0.4599243556891688,0.3238982765041851,0.09103210120176009,0.40320064816309964,1.6091619390731453,1.549485767709037,0.5688323635143948,0.007603762926243762,0.47630736621939507,0.28729774762460214,0.0060982421570046075,0.540119563930098,0.02970149804729516,1.4961517189145006,0.22746229299515108,0.07115251902289232,0.04143702333424004,0.30768541439067376,1.254129093240996,0.5732893798471741,1.8906494147361235,1.0549666027876357,1.7598094682890624,0.27667742950392893,0.09666713054936582,0.6009920134891458,1.7540826190572805,0.5380980557364179,0.620203600666029,0.17138513610827855,0.12122088350099425,0.08466607047315255,0.11992705996568787,0.06228876202857081,0.18272106223452766,2.8875230925685145,0.4347887779292119,0.14574263426412926,0.9949289229193701,0.11091439293769967,0.9071829521849906,0.5409721151609279,1.4507627424967926,0.052789150114737504,0.11205421111426839,0.21749542858786208,0.33462843215725746,0.48828157000136163,0.17337837161793956,0.040103636803008325,1.231641355086781,0.1616766840651107,0.5383763903484167
0.40200306790145346,0.11636836296650799,0.3677278447800496,1.8547458372776382,0.014475978254063548,0.31510049377598426,0.5665852469442774,0.06915071190816935,0.13279815210741353,0.3497621046860444,1.399859749595203,0.045447279977629096,1.0336959930193634,0.19187176047430188,0.07691395774042364,0.06717416236229057,1.178029910861274,0.2662792511080556,0.09105564687677115,0.14610248963290284,0.6085103428084531,0.164276033551902,0.8526114469571153,0.6433967987366973,0.5126272414244133,0.17134212325115739,0.43210289075101294,0.9681569080044183,2.0266236675108753,1.4809801795007917,1.1033318144175595,1.3179620553600593,0.06743283692524238,0.05300708740153648,0.28282152116717607,0.2879754598331312,0.14947259128204493,0.2503943316392714,2.9667023083697472,0.22673229426052433,0.1664996230236453,0.29115873118607194,0.464011989048704,1.4566680269689054,0.6406407940913352,0.1088720682224944,0.70362907985863,0.0026294569777849386,1.221567657657443,0.24604581009948245,0.3658929864446372,0.2418775793300052,0.20249611002441292,1.4970329586059097,1.633477889944682,0.6123385729409436,0.20043465089428736,1.747284499353631,0.10598572229773073,0.42355480989974925,1.2333042285925773,0.06165894620864831,9.826697006162346,0.3751720834553929,0.33825448691062876,2.4841469647835592,3.2768942468894764,0.19860843503770775,1.1131471292857285,0.05177891274673119,4.615456284542922,8.215044812200917,0.12261724528341889,0.09114554519406237,1.1101338683886381,0.8736708273861604,2.0012213025618366,2.099438307575453,0.06694621318728977,0.5602787530122746,0.4012465340124838,0.12872085641321052,0.3468396948731838,0.142430493644355,0.7315714738847054,0.6529755301945019,0.13625645505216832,0.681953367510469,1.5017754010230688,0.3306067912011885,0.48964340193496625,1.935370351544687,0.18738809615483798,0.3542864568928943,7.174672439533435,0.17642770603075486,0.21186499252079982,0.06444682886898456,0.002145463014637361,0.40498681448400586
1.4350019408802144,0.11895426725784386,1.0892134491505354,0.5133194032692678,0.3735624113236342,2.5357514590985843,0.19469340504251664,0.003085027684036623,0.32523227164239876,1.153631398690203,1.314170863011081,4.980993157398243,2.221304863296999,0.2870399495039586,0.3756850167894741,0.023217517784756003,1.987823528196714,0.625656842460824,0.24147606197912852,1.1779154336865743,0.5866835543819857,0.12930286743199337,0.6195432407553731,0.16797847958860812,7.653491152519264,0.32684567540640685,0.5619566880607503,0.15436543163121574,0.7360102164403621,0.0919905420675442,0.013952987751346235,0.23946395126023634,0.15841864337630263,0.1506392656926312,0.007924870522788341,0.8475204848547291,0.35755428167210757,1.9720848656265715,0.8707215507183979,3.849545796642264,0.692214699702149,3.219230077926146,0.23207649410887243,1.2832225029328774,0.5667181595663242,1.576976988144286,0.1438990485784939,0.07116378253780664,0.0027902990446231346,0.475878850227913,0.029525642209207614,0.014949091881847343,0.16599404510122984,0.6041325534156496,0.9112822655349397,0.4019078197176629,0.023582252805311343,0.015934821403962074,0.3227590730512164,0.44244225115349267,2.5223747457729995,0.11352444270062945,3.7437904683174485,0.7393109584782553,1.5737917940782769,0.16644380043566165,0.595804837273628,0.5521264596052216,0.057684617778157365,0.1503194169271609,1.718557861268179,0.960632689404338,0.05251116978042547,0.07060605176113666,0.07106974623117979,0.9162135313548627,0.0652326247925723,0.1104383398931923,0.0684697748935641,0.19616985779790985,0.5150397769501041,0.0002998561157518953,0.5174531780165084,0.75633223916164,6.605578825027006,0.9593418263614626,0.06043567923978066,1.053370338131614,1.3961071973034973,0.8045096560546026,0.31188371091983713,0.765497334413106,5.930506547708313,1.1576847199697506,0.4970321963274864,0.06506995275757133,0.11953235660537875,0.09446054586657193,0.13438242027585612,6.712923309640006
1.6970015142497665,0.6947451428345062,0.0316842885889379,0.06056343895290017,0.739854467471031,1.0572065475837404,0.026065723090210602,0.5599104011803198,0.15613949089526136,0.024402996978155178,1.6880756177435452,0.15922113212457023,0.34894631300323087,0.27477138642838095,0.8456930586641971,0.20087174714111145,0.04378640635279174,1.042006364654271,0.08398226242638507,0.5182282583132611,0.4547912465862167,0.3579082473956501,0.10999115383042724,0.042863888772908254,1.5600060810947016,0.30022349054725583,0.1355005065731094,0.0668144390795351,2.4912207150797556,1.0022125636730306,0.8001607874945458,0.11924973143721607,3.430007870559213,0.41005324988323677,2.051804198292318,0.45173529905201826,4.8171670177987815,0.24831743590695599,4.996333322841835,3.613466439363326,0.1684470209203075,0.6075112819260253,0.0768656550811384,0.03356603959358351,0.010124907661462235,46.76202617457141,1.1384978744476868,0.5731935004172406,0.03814888604690214,2.7875133744238827,0.12287193315810474,0.004373226974578204,0.7385175302200069,0.1422091200310316,0.3864686822395653,0.016177500367877018,2.662954753490961,1.1700112282482422,0.3036617565649693,0.36117775432446764,0.07542182281978516,0.2863678994717793,0.06996026688668122,0.40167473898842476,0.028436978608715968,0.20749159045687038,0.08671284863261897,0.30947248379352654,1.7796612264759224,0.08440911837519738,0.3005707284528054,0.05343785789423583,0.21042757690676006,0.9189155708791044,0.026826093524778383,0.8622579969230935,0.45905295875382746,0.6259924201066205,1.003298530346561,0.13962701093326402,0.360865288403476,0.07813367007749705,0.6171785825610014,0.269557332458781,0.014248605857740237,0.08053376315381744,0.03453616325895337,0.2515030308512838,0.0026355758536142915,0.11237744979834541,0.096033419196905,1.3771432718379888,0.05361383518158025,0.3484090287944115,0.32230470461270566,0.19583963572715923,0.5554378896040686,0.30536030904869516,1.6525022072789848,0.47788609649691627
0.820289233036432,0.22661671235941383,0.0881024304292699,1.7647090452412884,0.9933746979322859,0.3903788276958944,0.1046271293999903,2.2674498160575354,0.06735817973332514,0.78454773076028,1.0947092200110857,0.10170416402436144,0.52306438587247,0.596396517891725,0.24597534885646932,3.6845437052423753,8.773687203629526,0.17923641858352402,0.004571224036391319,0.13524775628195052,1.5883201595224148,0.390126216503204,0.3473984891185564,1.1432418231090682,2.135123686628854,1.6871396768078823,0.008593473045374056,1.2364882631669798,1.0452316350792512,0.09372842841081352,0.0060751860140544345,0.07382477251146446,0.2761540260047395,0.0832966249064242,0.8915887632490918,1.48555135826556,0.1068878585680908,0.9280534138328951,1.4738878205203712,0.6404042521595954,0.13163082583497854,0.7171551265416409,0.07541347245937535,0.6276729226558748,0.059102354341195706,0.000548250080037338,0.213292878587807,0.3203663460808208,0.2717184347074273,0.23863861931453467,0.06466452991319405,0.25168987295025524,0.17922086633478673,2.0209162081520358,1.3933047849316709,1.9583153336881036,0.36361994414202536,0.3743693297935311,0.15444896595725477,0.08767133475866329,0.18125487253709438,0.13273345431713746,0.3799579679099334,0.8835861487620718,0.5037358924617412,0.25358557790043057,1.3407367027330679,0.835750916743295,2.6433231767285004,0.2829331998631903,0.7231268842166698,0.05542840317968789,0.5066064118992648,0.05490356503687921,0.03919466220184997,0.0830655132045397,0.09998540296665781,0.3235619763966733,0.12795434243658832,0.22841588310725736,0.3729284685242886,0.45143743771659284,0.2713305754986415,0.13568438221666757,1.0090872956325323,0.20691013367590694,0.3114088966105766,0.15539657564628118,0.035647203045005904,0.029900409806614903,0.3432887446764825,0.7896674669108503,0.4218055146170505,0.047499283962533445,0.07644567547325498,0.547950239767788,0.22829346278385843,0.008581248302168554,0.08962167161340129,0.11518163098841039
3.7497993704319352,0.0013590788638768725,2.198660035495006,0.7619550650953382,0.07628087051362575,0.18538752605249842,0.31518966697612716,1.7643996980763013,0.024274931197781013,0.6704656991059768,1.0407979196952843,0.43545336112922906,0.5878157187491286,0.02073082685468064,0.10235451710975996,0.3206613707216639,0.06966641072115398,0.18492988793813758,0.7489399867057773,1.5874343322895603,0.32711415688639334,6.977791931435312,0.13730520557992754,0.7656581333640624,0.2807833840922185,0.514320058958496,1.9475239995434226,0.8900539722322904,0.1197742721156001,0.008633929830678122,3.1875165716137,0.08847586734092294,0.7220029012171816,1.4997493938120354,1.6936629131692,2.1924964926555233,0.980750559359675,0.686188342883429,0.6558006068376427,0.13556496273322116,0.2654160029853121,0.3652590887117746,2.3830591624670956,0.17327818948434848,0.6694884901042542,0.15952330811021564,0.03084693924382309,0.1388640759180204,0.24468818479118903,0.09307682816684326,0.323711270359061,1.6482995989087548,0.3088329560156846,1.7544940913789895,0.41302507058958704,1.1388043846931226,0.17212602908099828,3.334386781667523,0.5029977922085969,0.26534971113705796,2.52546768448456,0.17885101645796264,0.04459266481237911,0.37563299091546365,0.42925694520566493,0.15205919628618236,0.4565693589042161,0.7297855690150041,0.12132953537169122,0.2781278550085622,0.22270410402240248,0.24198268743240137,0.04166439906644204,0.14752389782553132,3.4557589094087655,0.2934232710173421,0.05476439986169934,0.4165611862613634,0.11355421372675556,1.3975469260846394,0.08008684879981076,0.4239811803618567,2.366599014561286,1.9712070346346078,0.36526766738588035,0.10329492792882844,0.5490292882473848,0.15044542429532015,0.41816616685227004,1.1475489211311127,0.204501808199143,0.21001304532570786,0.9015217581980186,0.6637200747382164,1.2427273465747803,0.47640300514251277,0.29681412141640906,2.0161270326365104,0.5468291294559287,0.4338984843478415
0.3505596519010925,0.23459712767593266,0.18114069298233293,1.5055097457114521,0.24017498796733783,0.01261319845637865,1.6521418976870748,2.4115378250974366,0.1370890946797758,1.401643658566738,1.2749360921264485,0.33385290417878966,0.46340781686165666,0.20993930785211323,0.2771543998327741,0.016791363542616455,1.4289829679023747,0.040747310399684045,0.1720363898416435,0.4000760753475694,0.7143176918519243,0.5389911794590105,0.6560205481639283,0.026057709658562356,0.09603962687348422,0.2842124877667498,0.034065200748849556,0.5571187229367436,0.6895197745040285,0.02652616985849443,0.01816010429395387,0.37889872882707065,0.17568220707522397,0.140224434669733,0.49451285910818266,1.1950890222248254,0.20027211266914824,0.07999030717928513,0.09279729876080678,0.32928490870457394,2.460458244958564,0.118740894697694,0.418558651192241,0.13880466609949238,0.03807229460241546,4.632213867726568,0.05804340674866748,0.0955426749090118,0.3099870152605442,0.33931592739782523,0.15598736451789286,0.7172609774296463,30.80420416955129,2.4659432530769534,0.041196205375985784,0.49354532619201175,1.5282443554738672,0.12848061919682485,0.6345739382313753,0.6950506720636758,0.5814826609295636,2.504815599421234,0.05916174097839488,0.04228426323384893,0.24958471043756858,0.5718658567052266,0.5187733112577468,0.09913882812030383,0.3607886333253967,0.1940157155306652,0.32809062173508874,13.312931616871342,1.2013136553464387,0.206694637754129,0.04145253814673788,1.626083955574381,0.04459732194637711,0.1052587323123233,0.061833318463230924,0.1094734772919641,0.4871189316474611,0.7855843677848178,1.102558736490903,1.8591176790737345,0.05513624258262251,0.7006659476582442,0.24227238509344096,1.0309760739267224,1.3193859580193301,0.12254080121473465,0.5874621478521147,0.32501577077719235,0.25506285002273543,0.44076090390649325,0.10338318361387211,1.3122819606261507,0.8823255467310613,0.2611401576261849,0.5120498357512628,0.18662733967955325
0.25147197718878256,0.44602986746904527,0.22888073044968493,0.31132644925198405,0.18320436232392923,0.02595407326709953,0.06336607270946337,0.6595196588828587,1.0950994292724268,1.2488796572983607,1.6748252943759097,0.14971202976045772,0.09339874134282855,0.045280821546754835,0.1901500044902511,0.6293860371187188,0.2275541204160778,2.8516652994852305,1.4283504907396622,0.010582142644965042,0.197442514439083,0.3903886699297239,0.11155375760546593,2.1194536057689772,0.005930030324690971,0.3752154447239284,22.350136411619754,0.5901422142394321,0.42925206888174006,1.0856459044363262,0.9917707236102487,0.024461178223877056,0.7380008183228872,1.9163084406120436,0.19203211422201028,2.053109693177091,0.00405445095384338,0.3157607832469729,1.5188589087677777,4.036964448318483,1.1524736249448955,2.3913929900010684,3.703559154585011,0.3001084340093747,1.0410134253392709,1.7033400704937698,0.8976585526116221,0.8442147369767936,0.1429285928558537,0.8997391843260061,0.37371456211049736,0.44368026019860674,0.34044231755389887,0.7918085766731622,0.4262937903485031,1.307173602980825,0.06668675288422454,0.36687054004066044,0.04066195993094168,0.7399993600409056,1.9427099018531244,0.23618636482248845,0.7107434249524216,0.6179218092725389,0.27868014849709466,1.8351651306881571,0.3676651554090291,0.08665112644484685,0.2446780524006229,5.755513267971696,0.5701728335476652,3.9780389768375146,0.3563046013144384,0.1579756320534511,2.059397703151222,0.44369008590171677,0.8851079420651389,0.09063741200192177,0.6892485100656389,1.014285647283749,4.1345884381657925,0.014688709701712321,0.06481443650211749,1.1122761509492678,0.12178359781091697,0.639092731473097,0.4178238330219155,1.3090654878335815,0.23413605144332794,0.11423993443904878,1.0466562498648853,0.02746524798176786,0.3845841636828198,0.3146789548033888,0.6365048981008508,0.11640093227846426,0.20506334477321175,0.38827164275894677,0.11763352999104715,0.609842734548012
0.11462505270473144,0.024346393324456095,0.6106514805435082,0.2688451262953928,7.20938784584583,0.771357063065033,0.17997363338121275,0.2760323705332792,1.2462651133200686,0.0733843641129861,0.2708212828511021,0.7882795842533108,0.161934126386577,0.0218485555118324,0.02006740193916179,0.10296182400902576,2.85470837956092,0.014667061546046467,0.3415933973938827,0.38448497789507696,2.0774153026492597,0.017121415683947427,0.008894487024788011,0.1040456775512586,0.01964682497416126,1.227649450702855,1.4214714242206128,0.6062254022556903,0.15127250846787788,0.39189532202017685,0.6869092478857979,0.03476289630203566,0.3253346618637598,0.1578253964069516,0.286312843044882,0.1331520246083917,0.9398993189934239,0.05801178525413442,0.4993589385534254,1.007060725136916,0.15162927661316905,3.5825650900362582,0.2512912997928689,1.4061945474466908,1.8190912846030498,0.045132016080567716,0.8973656263550447,0.34829464856165204,0.45115226147994103,0.1395651567029088,0.4341844531901671,0.6923460408317539,0.3106298406569974,1.4246850548966976,0.3295684905139584,1.4238092182704705,0.6884790337013478,0.005945783275810523,0.07595061469256992,0.4916052481562101,0.13643544358176096,0.07490927483168397,1.4042776062743463,0.1882617537413298,0.661676729903599,0.27441452369398145,0.7786007683952547,0.05412483030547688,0.8141714310318144,0.8630326376058237,0.22579811343371547,0.32080212455514867,1.3346275800532297,0.7797461030397437,3.9952562461365053,0.22552366233660637,0.14096731651719185,0.18902066562379605,0.06864864530729986,0.21454054855125837,4.0447638635748815,0.9922324271522596,0.06371218054723227,0.04477858605813023,0.27280946658196337,3.992884039314638,0.2499732613903094,0.10686357555993609,1.5995467479476035,0.24864026776870052,0.2573657532435043,0.26867990157445076,0.08208099439641425,0.1586757422836227,0.1298999159387344,0.07963851961796387,0.08186414967891831,1.4236221017282396,0.900777762904448,0.017588397757663854
0.3046294674825891,0.41668045557479405,0.22112760540300336,0.4779638085810598,0.7817810383414721,0.4076609276713383,0.19030998060868298,0.38399751585664355,0.47514939618566565,0.5617447453521596,0.11346126615884677,0.160198765922545,0.05055989913280379,0.037746165616426186,2.040851445672847,0.026514455358657596,0.0004528200395015336,0.318677089186423,1.0316690357248506,2.8535843425482366,2.2204461835124256,0.4150984245537215,0.27851449687872476,0.8072143825980345,0.7568888080346123,0.17347849909892865,0.05499746020736662,0.7686895571239007,1.3965305235997274,0.18350999995655792,1.3564844053642409,0.2984052940601043,0.9662773734130947,0.06698138440012746,1.156667164093038,0.15997729841025854,0.3399478027982299,0.2541734907384683,0.2985471152936974,0.6152642758468336,0.21584120865633438,1.230412585244589,0.3223377914638834,0.0417500846607648,0.10187908240384691,0.13792142101192417,0.24613508998020595,0.15948572692629015,0.793655418959422,0.08389289116659526,0.0033169471219802737,0.0828860732473593,1.0054660158935107,0.1273890337043384,0.6740772463828815,0.11893770967884931,0.05571751178377604,0.4908079074503908,2.930995675728433,1.1771784935697518,0.8023523424832029,0.20279666296508725,0.4971187459393225,0.37588301457252027,0.44194824888580175,0.09014671528306306,3.0185434256078194,0.05864966081866729,0.07419020915170949,0.04276963240527576,0.9125925466475873,0.2886542396493308,0.5766779989869364,0.10045394724104773,0.032763618877777345,0.006257746665384145,0.44205147436572534,0.013134754245772484,0.02526900086877104,0.6180681162900195,0.20529557206829585,0.4608532487404011,0.4300082588913028,0.8432934628227902,0.7510044918736389,1.7486077576056536,0.020171368198295125,0.22408784274385574,0.20775369431393753,0.4099200305552324,1.1815756396185977,1.0196421710441927,0.10666564898620212,0.03528449714057813,0.6841058938518887,1.03304958611883,0.16400978425410595,0.45226141543423837,0.2860117672764515,0.1510437475973183
1.3318523853688893,0.9197724813930797,0.12083723064126128,0.3025842023952863,0.27250339245514144,0.05803166297540807,0.9251703007244474,0.7563583036903254,0.24483522155858806,0.49617374565464223,0.033081525405556755,0.20201065546546237,0.2824228156571378,0.26850594016535845,0.00465120864468016,0.9816194668224332,0.6620438323185724,0.3922512616370353,0.27072901224757095,0.07987407481351294,0.33118581291106386,0.34580062899295405,0.019302600724059094,0.009675506083301588,0.2167752954602844,0.26349350369237534,23.0724232879679,0.1788772910035683,0.9299068289102193,0.5620466865240843,0.06161118493407125,0.689975774650851,0.24800049447056005,0.8051330787806148,0.10150925828096291,0.46844273247842794,0.3287524149905605,0.15528070220491852,0.35231988702307704,2.1561258697624557,0.5028497328883146,0.3109383088956619,0.11300163287596332,2.0693402366782645,0.3582028310926815,0.5361311464570035,9.28977821627497,0.19962372905562842,0.06498854165204748,0.726894689540798,1.4263058888645217,0.16717537676993022,0.019127797602636276,0.4662823793818689,0.20286202716926427,0.14409717305781422,0.7673237944014548,0.030860068722667888,0.017616583696755006,0.5182528729068119,0.36987549296488487,0.01709907193613658,0.05330083893672022,8.843754551330383,0.5893536654782539,0.0990469816514501,0.22649746032246143,0.13059657625112764,0.7767543832356212,0.2506490611939989,0.204274678208908,0.4722886731976712,3.8980817540689,0.6632181940564308,0.3974700423113755,0.5022860939779643,0.34319779989154475,0.057781205428434124,11.796293802445534,0.07019758182773805,0.762593802357967,0.14861649098531293,0.3962363150322066,0.037449948103893016,0.1272792224420798,2.3216338184888805,0.08676351346351807,2.0061971006322845,0.26422280035911494,0.5358305143072788,0.08661711256816407,0.8203184984268277,0.6765665201972257,1.9681936628819794,0.0207272210891134,1.0443567198933907,0.6399198490141422,0.03678378281047423,1.001169183185139,0.41280908221650936
0.02463983193468211,0.4349566770182396,3.49413126118747,0.08476491061446789,0.11097198719425538,1.36711470601576,0.40657641295789415,0.16684629027053832,0.14421681679127918,0.6743675780510685,0.15015799205605695,0.687779164825058,0.0931763135853938,0.6734802017915227,0.018464548030661998,0.29298706443532696,9.64445021098936,0.06834769760151516,1.1760307132293244,0.16845851094147224,0.7842030102764894,1.6824272666035833,0.019390536289978222,0.3275980372588887,0.5854989902797005,0.06268473105043837,1.0496890483071617,1.3914872451553029,0.061584390009986834,0.22862970504776414,0.20993650450374557,0.6619461984808341,3.2644421367677676,0.023051408015927644,0.07403085129030962,1.0154810042760212,0.6272224171119007,0.5183171123436547,3.2388874588474446,0.6754050150892728,0.2744102295077875,0.08507708616864695,0.04929910908427648,1.3366743847186582,0.17845889971726026,0.13180212611279685,0.1136447040570685,0.868450355919302,0.41061233241404693,0.3767427887201471,0.07178292525344077,0.9743013642583074,0.2272082458394109,0.14506487279694613,0.21438917950218572,0.032351745941782806,0.49365330596696366,0.029825347371940092,0.05125392181620603,0.026861147139229047,0.5799484223451077,0.5172984176126314,1.1377216562215775,0.1498509158526531,0.28689852243531533,0.7442223535048416,0.4594393922873825,0.20572594428550217,1.267571057559607,1.3583169248247322,0.10520971082606256,0.6023673515831407,0.34187284715086275,0.1618242006601871,0.6836604134433946,1.6593208447659071,1.4151685706822574,0.21751375933529626,0.44124689326605115,0.08276374737213388,0.28829173608550085,0.2823309394085578,0.008293265851848641,0.049178077093487094,0.5584983501676857,0.4573617022001901,0.14525877753347705,0.0060594342762896325,0.1853290403843495,2.0840505501226536,0.551300722988842,0.9495292292491608,0.7502518194030623,1.2298108021207907,0.08738142218300271,0.7628084517076947,0.056163026135057414,1.02711423859046,0.005409082978334201,0.9194180517446009
0.11658447209537948,0.1912891854269847,0.3771776478335178,1.135274869624098,0.08661178350504684,0.3732040156839074,0.2634083956422848,0.09687319613847967,0.017648591567076544,4.638171072866852,1.3726572622648834,0.4453809473761188,0.08735306380650565,0.31041982251538136,0.168051869885951,4.174511572269068,0.673082668820036,0.34017951439966465,1.3221569493703602,0.11939017732741375,0.12238945988508187,0.7461989662214605,0.09661838368454401,0.13772714366391559,0.4188182651525405,0.4404192216197105,1.2696693729252182,0.13963812693163136,0.4432784900467046,1.1062924833422993,0.0398793663224557,1.7156473913903847,0.09254978017872095,0.9263564273158522,0.04709468433992914,0.039433413161678255,0.579592228467138,0.8108406454306818,0.004848847411164314,0.16448871898541717,1.4460637603681352,0.04170547528344426,0.9424803221882838,0.1534374277748023,0.377078723197225,0.2411894542512738,0.09964689165852536,0.22638790507067852,0.12461114888901381,0.6492662290002431,1.231828005871658,0.004697332378154062,0.6891674486302193,0.18818447538856464,2.4489563157937275,0.4190218997640911,0.44356847179749437,0.7632744163743721,1.0709662094251455,0.8942433992678862,0.437897311213054,0.7409644227610039,1.3749213358087986,1.113391753659415,0.2509889595959385,0.7790703810842001,1.3099197936000806,0.5246862991301604,0.056991600774043416,0.08247357229206842,0.13597051388539327,0.14311234085444524,0.7548048134498557,1.3271374288137618,0.016560049336787452,0.10416749466850939,0.8795433968474968,0.5022337300760962,0.6844120248520327,0.06340585218579498,0.06656609035916161,1.0105292423260201,0.3024802451503743,0.08017228551979905,0.1491013846936331,0.07242724783764976,0.5496689647020696,0.2040646398142787,0.2885165293028933,0.848442117080513,0.2762053985391686,0.14708458148835368,0.426389877451532,2.3938941279984793,0.7379284250308447,0.06789358871425555,0.5885411202207842,1.9344256637620223,0.07264639455065103,1.1799474834818664
3.703940965793813,0.21507920208393028,0.22335308969217182,0.09621389359381305,8.873400177611467,1.2010493408887726,0.028539828492083696,0.03102561049244157,6.530841991891142,0.051678509816659446,11.684000435311223,0.1597020789808612,0.05476370142090792,0.12974685605118008,0.9193938321639918,0.7253023022150826,0.704129849103158,0.16394811704489776,0.3144876366168341,0.11427172688409382,0.5658827390163723,0.3283898261523932,0.7421477046595781,0.4221758157496105,4.464315437537416,3.5804841264570246,1.057169191413056,0.26131338752858824,0.8886762995284985,0.822055928087436,0.1594994568745567,0.3590203554442528,0.35818596553298576,2.27149020492225,0.04659968280330129,0.1832633710135403,0.5909134839559609,1.9027700637959883,0.8277324586750088,0.4330784577100295,0.4129245171680218,0.357092197328732,0.24508670037870917,0.19750030955912723,0.5160210659575526,0.1355967534789686,0.38491690709959125,0.24231297570758525,1.574878761767235,0.21831063053954503,0.4066383809922358,0.17113343677075,1.8830877313069019,1.1467261373904063,1.9836737399079207,0.7292700499649611,0.43311612390447296,0.09315363264943044,1.0538568344970516,0.23569450149145266,0.7706383291156862,0.2518162784656486,0.42912314888734326,0.4350678937106056,0.37496974717027687,0.3243750462265951,1.5039091271490963,0.8145704917445642,0.12076811584569924,0.31169326261382113,1.7667034720146337,0.08483543652399472,0.34023310459418155,1.4777682713286282,0.37277450383805455,9.036862421646827,0.6755541312226214,0.20754004979624763,1.5045645694517389,1.239482347198066,0.7973604688647626,0.3352422539175157,2.6219003243760097,0.6620034928203189,1.1311296855911763,2.2435946381595504,1.388786830344599,0.5123040589236261,0.30593384671676294,0.3843183846498035,0.22779575666650564,0.046251402185650825,1.7874240175914058,2.414526373909931,0.4749301618964308,1.7022643885587292,0.7576887923531781,1.050427312411938,0.2272008200971285,1.912430464042974
0.9726422695667685,0.27724336458802523,0.8649415965436495,0.8158628909657277,0.4631830147680096,0.9257056732283904,3.625026431954507,0.32520473729839794,0.23250125700789703,0.5393822597962448,0.2701622988359804,2.044671678413716,0.27030822668144716,0.580832504659099,0.3388270347871434,0.15956235757109827,0.6135190614221662,1.0245585764265326,2.2394973378182312,0.035577713677290346,0.03941056828743639,0.11914643372144451,2.4697261702238045,0.14674659748397034,0.71984030328138,0.20136632735701587,2.156358909662256,0.3641572854282662,0.07939416063061033,0.3147173285113194,0.5048093090902714,0.11284457630231648,0.08116459904595752,0.12106325567861309,0.3362564817699092,0.1863723274497544,0.18683674801172856,0.021574038813170215,0.8669408323117229,0.1448961226867458,1.3660802458470989,0.17155678745150849,0.9573051058222577,0.022892597221868982,0.005141944937939957,0.16697496944427193,0.422361860246512,0.37085926860217855,1.8288774698919243,1.0769892261901277,0.11948181643410138,2.7197730433364042,0.5760025491909626,0.7142178104756225,1.7281033763839528,0.05276291493328045,0.2840878161926459,4.241243561112068,2.8231649743606684,0.11457093913027028,0.10523100914800598,0.4167638228373487,0.2642960886693897,1.9308187665507233,0.27289428379067493,0.8622012026059747,1.1234763159784484,0.06737036709984423,0.059108715541917434,0.9064113913845568,0.8411581102730055,1.0913840156921708,0.08397899833326061,0.15275168598188626,0.2678186475947091,0.10821775986322679,1.7429148023590502,0.03358045362221107,0.001083301779643664,0.6885252574760314,0.20121054734748234,0.7079695803099473,0.2921745689833839,0.23452686239579257,0.17192902950621414,1.4545094230562348,0.09120249236622247,0.07162275226564585,0.32966623074086976,0.07000054324103533,0.11920598261485638,0.307372421865552,0.22451375160031217,0.08640642611896321,0.4234329559595875,0.247217623173408,0.566797091084118,0.09600543687316065,0.3233615906088474,0.22954112754283607
0.15243951631191544,1.2654545854039219,0.047999923305286574,1.6194984689021141,0.7512430180979195,0.19280738057959423,1.0454266377442232,0.04264719174913445,0.22495756803326583,0.4844275651371517,0.3157163485926351,0.7360990855263183,0.04314878004187084,0.10312617790496015,0.36515761840453553,4.65234013956655,4.40568506904907,1.1237730042775427,0.1643256384449343,0.31406142937986914,1.3700997643256279,0.7245969808993169,0.3668542213290693,0.3480288456393521,4.827459261119493,2.416944305715988,0.8487057977965105,1.0411430250679108,7.072415188313705,0.004845651686666175,3.586753238793606,1.0154360933838098,0.1420136042491047,1.0755617385146556,0.7850211970050629,1.4176684092136496,0.4588782817002339,0.8057988559619584,0.044522342697304707,0.4389053303788746,0.1369264769621905,1.3280447623136644,0.294435287352254,0.7659021235946499,1.6685834631001617,0.19889417993575798,0.2665797556894882,0.02728529211237718,0.7163656453930785,0.2717571334137461,0.933578025354217,0.5074632230616214,0.3884072346174703,2.106199112053557,0.2623857321250389,0.3171546895780155,1.6727686687081933,0.2454119989371346,1.396547501795828,0.015562178957188033,4.023310327520727,1.4600722565871957,0.2558274616118976,1.857652140648553,1.2505925993833742,0.36458524506669177,0.4301034336185867,0.1349253456880275,1.0491782509579521,0.0398245342871435,1.7072378360175038,0.20930664943599409,0.04165705291899724,0.4840036851575449,0.3613861449899347,0.44392811417226175,0.46658604800043113,1.016350279560457,1.030879617875236,1.5225056792546794,0.8629677286176143,0.2554892850663968,0.6236390303972352,1.240303184037415,1.1204555947182655,0.26132008308607824,0.11795552510524643,0.6532645358545262,0.15752759660669446,0.06584918941132445,0.12819044093426135,0.3294415518162588,0.7552476383859066,0.18369407736386156,0.04371853753510546,0.2111214609351404,0.21686121953910154,0.3300781327846709,0.4100852181264061,0.46930567629118336
1.208412676486323,0.01411270884877891,1.7469481194207575,0.38753692841980136,0.07722864024061549,0.6946674109121265,0.025514784384944145,0.3074985011163598,0.24638279724776035,0.0032642334753540947,0.24215227611871515,0.16936564009372046,0.7656467009696104,0.2298233092644124,0.5179453830978398,1.4345850074357807,0.7328402268745591,0.2795726525293101,0.22578925951119633,1.0997347491317053,0.7435402180041533,0.15839796764672376,0.6366388115921915,0.004943220073545085,0.16790246479463256,1.0335029615321005,0.38391225807560314,0.27997520380819707,0.4970795576224569,0.3752190917992002,0.1360449573717566,0.07186283915776204,0.3750094383963398,1.9702430156644768,1.614976728963406,0.8114689853957651,1.4931967663039631,0.06094822421927093,3.36279553314892,3.1357599317529727,0.6520723087887288,0.4066447143809713,2.081004489190942,0.0854018335237905,0.22182277695779407,0.38244650948387515,0.45251921815474705,0.740916658906384,0.0825908370514079,0.5929343536972165,0.5696522532395103,0.7711827570695566,0.3084656225735176,0.9406487578156604,0.8256359976804954,1.0824851663905206,0.016491709103559238,0.33268344260916227,0.11186877243204929,0.18561168038791775,0.36401035253111935,0.10529562731229247,0.6004562885791875,0.7242837873206049,1.4460999968465833,0.17135231897366898,2.3092162790202604,0.476160108266485,0.009657373024476223,1.094670528418419,2.182074149653462,0.017513643506605225,0.12408614748990954,1.0649490134942083,0.4123624811075921,0.3291928392902772,1.0710801916000765,0.0776663968836453,0.6644086448917277,0.5316377421829255,0.23048053308785232,0.41011869956274394,0.6977926441388465,0.814494963317363,0.18383764930661206,0.41922595104463056,0.7262821525939211,0.1623371383319807,0.23546607397301877,0.06277930157509015,0.30540014405938654,0.5307169502922351,0.7533997330596596,0.32619741888402376,1.3633276108793373,0.0717283230106307,0.5854835590457923,0.16736372819448841,0.9658393575460704,0.4671258529340594
0.07010869277610587,0.20954221235395853,1.0673347836613187,0.13523331583206355,0.8228869381702151,7.314152838280133,0.020879617789873794,1.0720624370343925,0.9195153430836667,0.595721060338056,0.416331135894054,1.3706226037563511,1.7226467563790746,2.7427699342601795,0.01798305714477677,0.17958686098773158,0.348120826160202,0.28125621638804876,0.32513597724953835,0.12676930290151134,2.847298934159156,0.20835233269228914,0.02234801564002442,1.8203211950950848,0.1914776754126546,0.9810708168027711,2.2806669608632646e-05,0.3611372090851064,1.363880228002257,0.2335506169023429,0.19855374334180875,0.6270853427528817,0.0873570400569097,0.1851075491177816,0.44026961997769876,0.5798301231360241,1.643491262308633,1.4151646324036111,0.3465003530783095,0.3589889508280848,0.2606454534549454,2.0101803364948654,1.551624677409781,0.164402728551289,0.0970275851735587,0.9305593888595967,1.6468790158099647,0.04189227288141795,2.745569835096632,0.23350789709162756,0.585157720383104,0.2448126591489308,0.32761390617352304,0.16093481417003996,2.389878861708004,0.6077674793805494,1.4871561245124139,0.17855699059452945,0.6423637509958242,0.5081430931544302,1.1083135961668815,0.081350970715659,1.922684553023427,0.1710377940627521,0.03392434529768096,0.0675173043155275,0.08432405745112326,0.8536879557996564,1.6566815234255428,0.05231693027841411,0.0052172680789235315,1.3342477722276196,0.45566856526180866,0.03356438785007376,0.728182878481219,0.8962536487181807,1.306359183711307,0.025304294773222047,0.19233541268308074,0.5643071362304843,0.08724572438269118,1.1764864614474382,0.013522609663544571,0.8856733359188265,0.4130831023637722,0.04613718545388523,2.8920338372897447,2.4697932691129156,0.4962495079892908,5.537082040395317,1.2089623931312086,0.04397873338591585,0.31043784527992435,0.25456350020196505,0.5488696466903156,0.08945192273266978,1.167651771307178,0.4862809972037172,1.7577325588251598,1.714633205129783
0.6125829102436318,3.0272499847423546,0.22799729554389558,0.009484549731149983,0.12631881124458588,0.8208870343532073,0.13498179202265947,0.07488051681584107,0.595177816062785,0.3483808296911741,0.32665499204424986,0.17713302150281796,0.17750666762020395,1.1571627455107465,3.00154425717486,0.16094563978078846,0.13177270742837277,0.03491361367104062,0.8211989622623972,0.7158768363152295,0.9247796658334551,0.6695280402286785,0.9724468731370435,1.0516503954153795,0.36376665152056287,0.8039137411390367,0.15307446625499121,1.2966952588540637,0.40997165746097,0.47965094499213,0.2558874415036543,0.6850216636944844,0.05107710209686567,0.9279607447064109,0.3472831366740532,0.09380602006688421,0.25308954127487304,0.5776021888941774,0.726570116746744,0.3589922199766089,0.04978067303210332,0.7537948914471018,1.113698179590584,0.24685652194816843,0.014288734008514714,0.41577031337361636,0.3126491424509099,1.5735890947871383,0.7949181082474859,0.44129933656650255,0.17567431008629342,0.048572818660739925,0.3193194083827966,1.5359567460627224,3.399650970986837,0.43333735328895506,0.2723186302300853,0.15244886000913782,0.10062324135244971,1.3021003075684408,0.008939382550654074,0.13897645568648476,1.818125968873665,2.7148406933794504,0.02683858699628261,0.37115615680620473,0.10379863511819631,1.1108165108352286,0.3980632475607697,0.31086392570048327,0.09751302395397121,0.7800614991334098,1.1780454564556204,0.44120928377232005,0.05949222705044588,0.33941139562409495,1.0272203342175121,0.20770841282614838,0.02555471162162526,0.38543590968939423,1.301770469757499,0.3477925237952326,0.15270478601019288,2.1953823207423806,0.9747202061856355,0.2226482880053866,0.20841498937366953,0.034272709934461965,0.003794055952278441,1.0682985139255337,0.41705820090391366,0.017297514933064972,1.1521321099405477,3.2432578402347945,0.45498145181353555,0.04547012348052304,0.1791199523688387,1.2017164281868498,0.18047381028458598,1.2569437222679984
0.101447924692319,1.1671197710021453,0.09381483558499615,0.58747872701321,0.8660716947262248,0.14275137669896343,0.022949336199378223,0.05744343618306358,2.4813318644752123,0.9053790588871213,0.6501312085139368,4.029379355978086,1.214875708916678,1.8990106117583596,0.41439210668892934,0.3545711230160067,0.9201835139066856,0.21179459828299074,0.2475112348951538,0.44779479944655987,0.09186163454778473,0.17685415400088478,0.29508168316225225,0.011054398983998626,0.3476787193280031,0.8593727237174347,0.4898147979351446,34.67640878921618,0.17425243823077774,0.07914990039546566,0.013626126668587313,0.09791609009223001,1.2641273209789903,0.04667932662924401,0.2372910612522383,0.38093066110707685,0.12236907239633599,1.747410057656313,0.2734429251614041,0.15569424430477352,0.23269023050072102,0.29911798219473495,0.9843815789194674,0.2547077387117924,7.493964853297383,0.13058089387701388,10.216463574315402,0.4038160313896828,0.048184280910624766,0.43684740429993485,0.25116684065638495,0.6462988705136357,2.379108234304195,0.03505885674448117,0.1284617445582752,0.386493764025166,0.18934142080966976,1.463286558292717,1.1301393915950837,0.17717337355761087,0.07405962306536429,0.11367228061782808,0.9511880851010233,1.1912975429694757,0.15976246613826017,1.1946612991167105,0.11227881878191126,0.2340067120374505,0.1114253983717739,2.926294719566083,0.24119154979582835,0.7425991036794597,0.06869926778320545,4.102843754746372,7.859123863133183,0.19517725898922333,0.22874007723366474,0.3115023944543449,0.41939045859502655,0.026655766549885884,0.023425142881801753,0.43339074363592545,2.3515948682307037,0.48059311055473364,0.04494828789072969,1.0300108826947731,0.18270141219464775,1.4018290884508238,0.4115123406893937,0.039988506725634254,0.44667209427963406,0.8181659184664625,0.3830116015100693,0.16390505082515228,3.0660646581645015,0.3939822513054412,0.14577155438109246,0.24883767221739728,1.5796968294529137,0.2715558097843682
0.38991139948761155,0.06500477348501255,1.3476845177639731,0.4196053210508004,1.908934241558502,0.47643724225382345,0.7993780958829211,0.1302503130560404,0.03426710384606935,0.8440089830797413,0.14984057203809642,1.8219627965730316,0.47188563759200375,0.07775770350188327,1.1266003043342963,0.4039628924967995,0.07932501124391922,0.2538121569054006,0.03879214678653731,0.10930962553045442,0.31517937022714104,0.16547689427281398,0.331495118246528,5.493617939127482,0.3764967759129265,0.19570945080846358,0.17668417675585735,0.9842385097856576,1.1917505671555073,0.6084892403763327,0.6604059054251337,0.02479766330952038,0.21873642786533942,1.394437473084372,0.1682354641931385,0.004034615542841236,0.03446511354019388,0.06223947258348406,0.18006034046456598,0.11755505867929594,0.19792131369523003,0.8056027807794148,0.5942444552379615,1.0200942263821968,0.8580154914269491,0.5897104667543283,2.625740543046454,2.43684366037079,0.4593462834339974,1.003626510661125,0.3964074706286673,0.27132108031881064,1.0592350504396273,0.03770968865536739,0.1107094664445678,0.222816403814859,0.482864389934627,1.6441726098227414,0.3786480225195601,0.36060415171501314,0.19263956311875963,1.472861470621432,0.2091859568769343,3.3866958926860464,0.03993457797202038,2.0965162915153144,0.2508876355670344,0.2927565665528744,0.07366681310046386,0.3625689458657073,0.10730925070056063,0.5816497134362315,2.0694379854018305,0.216492269202748,0.15191110642229555,3.0288917039416914,1.0380121033021186,1.6352372900742975,0.17295846634564138,0.015749686916808336,0.21876692104173112,0.2692979544407723,0.3639050917356921,1.3031833974800269,0.08289648251804649,4.14420312355563,0.21521008549231468,0.49080106297521375,0.008064117505087953,0.17069725505080902,0.7193547566560556,0.5607360951157632,0.5336790089513039,0.05774393615608586,0.41683854280468924,0.22998643722390977,2.932608871191288,0.47714644952659957,0.14414367721146837,0.4814238491323122
0.5442691152075665,0.2099425771519723,2.8945957070034427,0.6666946693484936,0.23779506376174409,0.2797411083282797,0.10494054512392048,0.03851569013872447,3.09200669310012,0.019597260242342873,0.25141179744398046,0.24963789664527947,0.2540521271690541,0.5243510743450237,0.2759570656782011,0.45611692892019007,0.028283305694826177,0.2933965523220057,0.0010159958502518052,0.4427925394012646,0.4048260206439016,0.2889077604338832,1.025140759772897,2.138798129754921,1.2955474691026208,1.1732599338895144,0.25792002438108286,0.16897386403059844,0.2941770383840787,0.10563001829858121,0.06045173370479895,0.09460147571241517,0.7168098391108342,0.3126797021356693,0.014940559702901313,0.1062961769217372,1.3347902827725413,0.33340826748740615,0.4432875980131812,0.05178333626343612,0.18383937947611417,3.471411140726179,1.4347221293427772,0.3458589602374029,0.30300358394755245,1.1733875270966747,0.7021062049116134,0.2509025224673169,0.5200262445350925,0.04604053803560504,0.22261308348908737,0.06985276747466806,0.1858701009761472,0.14881609293912645,0.3492725639561687,0.28329557082708434,0.11194247420351422,0.10714071314918128,0.31127060110205096,0.0769419191704448,0.71169407688186,0.0205720837229999,0.25141012838893784,3.593903203820381,0.401388390383691,0.027584156648616798,0.6136369688987289,0.6364938105560831,0.07534270494199213,1.7322494865935498,0.02467975973855485,0.2615705520673075,0.3272960144505177,0.7620911028620871,4.455289024752304,0.4409342777501135,0.380850926737186,0.13193934773746285,0.016728372489981824,0.3440298375588129,0.6248004890651515,0.0963375468252996,4.347667349355304,0.13745452396574587,2.912109939503915,0.3342113328264371,0.08441294682817446,0.5216227181344482,0.5013924050831569,0.183561604870093,0.16136253743624818,0.11402694487937959,0.019697711333706458,0.31203745477297584,1.0471493902717959,0.07385262875260601,1.6230483494441854,0.004476322137551891,0.032812980734149955,1.931263376629981
0.7773846975497294,0.007925838163522547,0.02155999798665853,2.72243588199863,1.762386518757125,0.16775239526740893,1.5257633609447199,0.2179060655170506,0.4727479141511237,0.9331116308246548,0.25104845346015225,0.6047869149695329,1.0692628950241216,0.17503213935073125,0.28257551973494155,0.11254666705795846,0.8704360294175069,0.29982762299326926,1.4505550366298108,0.3791272064814606,1.1522529190056714,0.6056132072019014,0.05534237074961723,0.5973317451081193,0.7238219399493195,3.8672743822675297,0.05089887834574691,0.051915443526505456,0.46216116653547457,4.468897887181395,1.4996430180292077,0.9855841135497898,0.32831181637218143,0.13179651442825713,0.7694962826974221,1.0219031671268906,0.08178062144014908,0.34323472068085503,1.6330779040146983,0.6012834273217122,0.5359317109680444,0.4330498289936737,1.2914637441242065,0.025206186972509093,1.3952081894590602,0.5769237526305482,0.6990495366451233,4.940477061316394,0.4768410382380597,0.11776690601110551,0.21721323030262485,1.681692899598013,0.027566216008934274,1.0357380489488537,1.4246422141937765,0.1612932888501859,0.29226430053754116,0.017658350838461345,0.35266134307739727,0.29747868079625106,0.17420074226449866,0.03904722995275667,0.7585477075722282,0.2869375685748292,0.009388363227756269,1.9729200079452593,0.2679879791895705,0.1522386227649315,0.14483914318968094,1.970644231415136,2.145838056532895,1.5914353276918427,0.35668714912159905,0.9971044365405681,0.6538891711368204,0.019810643243793002,0.20001243057818874,0.46871151415321877,2.256365002489687,0.34752081506451216,1.5742128425407227,3.844700731001101,1.6642287594111793,1.9652426631582531,0.09096183138928726,0.1559787922369431,0.34267560108655304,0.0069658586346963425,0.2297318931941119,0.17911238864656287,0.2313490792733619,1.2143427970942309,0.6646632319724455,0.36212035508783114,0.11079812937997557,0.6367299368397814,0.1465903111315039,0.2065826749670261,0.4579297258349402,41.93738007346083
1.805688709557621,0.7658079758406711,5.705686428103502,0.29834055850563024,0.3117060632040376,0.15647343652516188,0.5065848476018453,0.5039760642785471,2.166716960630517,1.688916976776739,0.18156168315490295,0.39573942705811094,0.9621293634515293,1.0897771873155326,0.08345631419050026,0.02474657137297842,0.22150191718250611,0.042944494811346434,0.5591075262736236,0.11771383567827187,0.4156098277466729,2.4444592975343222,0.3026954571650178,0.24335100176664204,0.08900661511237296,0.04910682101711661,4.475917315569934,0.6756243336798424,0.45170954644213723,1.1021395507139804,0.262324953037365,1.1856757598540857,0.8150049315272707,0.38390111842605457,0.03244931092308212,0.588414454918744,0.18029923184469054,0.7999841009158621,0.5595446875325745,0.4374556160367131,0.2542247452562667,0.17812181203626487,0.1096951211466286,0.4902969821255001,0.30317466276870975,1.0136670353378965,0.7542076856008664,0.5055677743166396,0.39524925693475854,0.16240841343181467,1.242576730465037,0.13436206904263237,0.6498470838326083,2.1288023627436483,0.38645374706111446,0.6279487582041978,0.5355899085286266,0.1517976180583227,0.010767836451531565,0.15631274307429655,0.9188469019308962,2.413295516908371,0.6701574333344531,0.04578762636640654,0.9506220174159019,0.0889505027436619,2.673849003528608,0.03815727868918817,0.037215402954434484,0.2761448399950286,1.600530093732477,0.21858193686244554,0.013893654287384871,0.8066506686898394,0.6492389727218268,0.289612698569899,0.10423568165153951,0.150634018778671,0.02124453798212511,0.11647269603210897,0.07937109389215546,0.009078351761001358,0.1539220685715894,2.381881157382862,1.6888362983034897,0.9105885726344882,0.40624894870593775,1.794369643512121,0.31078562116250996,0.002200547061635083,1.2692151378007734,0.20402615419159864,0.580581139269502,0.2567206530062687,0.18981507094499306,0.18727508766919554,0.08480270333951534,0.52477971628758,0.6111758174872028,0.7917423442560578
0.9852582983044544,0.04868300622018529,0.2365189392479019,0.6249693272254673,1.053171031035871,0.30772669473044423,0.3351418866257132,0.3201734989145588,0.8732884911185743,0.5444178410970686,1.0055778024379785,1.091522278890837,2.4062713400374465,0.30148707000950536,0.2141753157807622,0.40363001599229964,0.10924711423169442,0.0804857377699919,0.08439976046987074,0.007453163044895739,0.32519600768319545,0.07251099178297116,0.4007378478481973,1.5502626535833488,0.468609812359742,0.06077313679138663,0.05454587149945933,0.6567380209350204,0.026777442505080185,0.09078514306655183,1.4627087279361208,0.1411789558010137,0.1410975083723125,0.13813913939262812,0.853410040772218,0.4111815976460984,1.0676019321111876,3.588613655260591,0.5844588565023243,0.36968090213888316,0.0531421922691826,0.224011355883172,0.6803108031610745,0.17272043861058783,0.6591127496139046,0.2960548081896548,1.361438353895796,0.05894070893645553,0.03185445862616598,0.36021249269082145,3.2038593832739437,0.20476885566641112,0.7641222849504192,0.5699317082152588,0.9786330142995956,0.5660107363516573,0.22571608460712866,1.1325243606631954,0.7292720734345937,0.07098780124592641,0.06321311935332408,0.24184002023148277,1.970634474944501,0.35859905374902845,0.576552700641979,0.4968848264421124,0.12713778569396528,0.2899406383495804,1.0049740320296818,2.2652182709327233,0.09615273019618376,0.14516076429586455,3.5636560436726628,2.6656447723668784,2.0302054140547674,0.35354190959617426,0.6705790235554063,0.057454061057046646,0.3500389797478658,0.47076556592677976,0.04488540896796778,0.05935719631353109,0.1444864411852398,0.24016723191608547,0.36844927747019374,1.3123379377162938,0.07722688422118162,1.277709067284964,1.060375644215192,0.27895774744096524,0.023356032095873447,0.3286430690896156,1.806156656076555,0.9626340856795144,0.5990973590218323,0.6320042846528693,0.2702576636075822,6.584126679952689,0.16441953939807363,0.031350222374599834
0.16643504610819249,0.23616697169563916,1.0407268691886657,0.06909497195569392,0.3013724614626381,0.17533498749868537,0.05306330046160901,0.7401410381553108,5.463920133995074,1.421571937151013,0.4019690233037174,1.3687490613935642,2.4138915065771176,0.7856032126006522,0.09296618484283048,0.4998779171221064,0.88373706732221,0.2806456835420901,1.7468815361166725,0.25498113542647194,0.7206936436838758,0.13493428753964354,0.5117175286700026,1.3379734787925002,0.08731984052731478,0.00508901433622988,0.03271356066891529,0.33889186385073855,0.19745769305448646,0.4071090450122492,0.7805771861906379,0.3755491553996233,0.046359376784966155,1.0032696024106404,0.7226722937346421,1.2383021437564876,0.9449512322511417,0.005731406769860836,0.1800099183010031,2.3146235692679697,0.1083459996807854,0.5236185242948277,1.185696556841203,0.19789947420662335,2.934681197528021,2.0722009161115746,1.1611593567334482,0.4328157414255567,0.09960821912617845,1.8260450273332376,0.32990205910231984,0.10738516609562221,0.9021417986916689,2.143922117909046,0.3227488508937475,0.102922803972201,0.18113266776924175,0.3493062084182481,0.08282910498215101,0.3402815023082191,0.29069834269014927,0.34642403729846905,0.9801515432155827,0.05795058947713794,0.10901704457430372,0.28360531638152,1.0796418398963317,5.326550813443473,0.14907593801445485,0.04168558313961812,0.34148496037687415,0.40115599619349385,0.027576256239983277,0.8855876756711989,1.5696248754547097,0.01508439068610734,0.17104956950416916,0.5545493829389088,0.7298664990643309,1.7177163686102008,0.16930071436278338,0.71995457053048,0.20992137889861628,0.1930352780194471,0.0512274923790077,0.5518681332369717,0.11648787947561567,0.2953795090900435,0.6241714123951487,1.3297358830547523,0.3678704442233278,0.0603663311122824,0.06821991438841257,0.3447014829061612,0.5407351298837291,1.0122054646273013,0.35812634389304376,0.15227854733597623,0.08414454343825728,1.6301304954596874
1.237134813440481,1.7580769002318677,0.3049170639165064,0.06753872438370223,0.06982581804945398,0.07195211763103604,0.0626994016148068,0.05728345453457084,0.10975173587129894,0.10679143957481085,0.42895178797508127,0.5413039129098021,0.6811288906305566,0.17635503392494734,1.8871003146121397,2.9656443192239546,1.4089889720619584,0.22962037069194619,0.7455182595276484,0.18495940206989725,0.5633409271637786,5.273957717952327,0.7065101022522597,0.2684755237539256,0.26838252921328,0.6931197116691714,0.46498566200542735,0.7518783476671158,0.19291356351277944,0.3018926818778931,0.9273396227612578,0.02554869058110132,0.37897114165488976,0.1839135884182781,5.718570896630651,0.2885177760135236,0.281177323803518,0.5791178993554791,0.12299151968690958,0.5627779803802073,0.3610017914307484,3.717348987083878,0.8124206324470598,0.10589911118296924,0.703376222016477,0.5128650916505089,0.7377840629748365,0.023645142016964993,2.225127584823301,1.0089932254890548,1.3853169577814546,0.24149646610539066,0.12218913951724542,0.4898554561605175,0.830896322834302,0.14525074729815368,0.4730606821096015,0.9659129584125679,0.06616163643823825,2.7199594235848847,0.18190183238989577,0.45828845954251607,4.318669022352572,0.34066008955342375,0.18983710447488344,0.6901088266453128,0.9393632134710184,0.22548294562589,0.006594323179860195,0.20314370553445427,4.234962137939412,0.31097622674477177,0.16064522029105244,2.2432205298710484,0.1185431190953159,0.6476398096114637,0.14249151014703543,0.8246525151804533,0.377187165101756,0.9423528778740884,0.1373290543756096,0.7982894830744431,0.3624556697681165,0.16652781466758304,0.32548159039965596,0.33174494363163176,0.1031146138036334,0.33414006289834774,2.183001301256057,0.05121298895518578,0.39541225845310324,3.7835014712310473,0.09602224429730954,0.1719136983742371,0.0400675870858298,0.5358102060732566,0.08343603703240299,0.0870892372146308,0.0453271933997339,0.32650667364693153
0.02856671999592253,0.06600083800599732,0.3782026425499918,0.34395495238036755,0.6164723633854785,0.8496282316495463,0.057774456144026765,0.1982524591985506,0.3767533436032673,1.7335828359684555,0.1274756782151636,0.422773823016922,1.884778628657966,0.03137895705280891,0.18900874839915627,0.40650632868265535,0.049663974147575285,0.06907669175949516,0.8778728936645337,0.15550552339373458,0.8232434724290054,0.518041728963651,0.5427174574670539,0.6999996754916058,1.8422277312697388,0.03328080812843326,0.5257197545675147,0.028716245886787117,0.019619683170259306,1.0610648862192695,0.2273966083340595,0.09824585236692318,0.5495467040548581,0.03355950747809011,0.008813150920202073,0.15362196903014325,0.672536706998559,0.018287488779766825,0.5372203621096492,0.21441374794273216,0.37203377824692474,0.32013128996689355,0.00750035075219202,0.052860080159180756,0.12680606196172683,0.7162694349903573,1.0872428810645496,0.28679830961450126,0.9000317246512226,1.2051791632851225,1.01141055432298,0.5079903155750096,0.5530622146259243,2.2227282102118737,0.14395425337679568,5.468009363471221,0.5325893850559129,1.1780291080034955,0.16850505080051104,0.5075182966919514,0.04602073414448138,0.9407623072329123,0.11502648502398682,0.41361941164921867,0.1718302603805233,0.3883737173855284,0.19095514797865087,0.16653428731604336,1.0006953211409297,1.5561653120008496,0.47461037016948393,0.015012236079300356,0.5446265102051826,0.1209598580226019,0.6800644960474864,0.33246416830444425,0.47614694932381885,0.40668274157561335,4.993811162675328,0.4384063309659907,0.6739771926735638,0.07675768687665041,1.6863957164638226,0.3297417568978962,0.4296702554885723,1.6476194985961414,0.49887138984464574,0.1608858099649948,0.13073692719562047,0.029016406436366715,0.41786034972411423,0.7537957907184976,0.33004074783290704,0.33599339139953566,0.02467124438279522,0.0041409534659349045,0.010846737691192043,1.6718221083008635,0.28765701787263076,0.20649889273429567
0.7856312834511512,0.1868857198361482,0.3962658493312903,0.4684885283777471,0.18695240579664207,0.1627283209855186,0.109010062775875,0.2643469606569915,2.3647837885079577,2.301541012373682,0.2710214150764032,0.1975251117040322,0.02482194033953533,0.8341044827836983,0.24825732841692516,0.0767005929851361,0.26246699298245857,0.5758283103069086,0.29631005454133774,0.6845668339796922,0.32347395489324104,0.004211873170806735,1.2662757714539663,1.0607087198811258,0.033585408983022536,0.3782547756876846,0.38150879745951327,8.50421833426255,0.04927167889226025,0.7954179675024629,1.0724324158428482,0.4386887961247039,2.644992240222159,0.015635622222287537,0.12857300974656205,1.2102904428108237,0.12583647218544058,0.2693144347255012,0.07100341123562215,0.1379718826067966,0.016487148508464333,0.710257934075776,0.5186854506608927,0.1373261779570758,2.2467181915579295,0.05235635496817581,0.27698440723969764,0.6260520066936153,0.43749912553291526,0.201364114541557,0.3376217082840325,0.10615784235878722,0.557800585597747,0.2714547038965327,1.1294564588368279,0.04915500659377825,0.1772934955138632,1.1043007381720713,0.3396845471636707,0.733651987509389,0.7538391071217092,0.7181861637659035,2.0421060440936647,0.45357516091009553,2.041748023556534,0.23951294364114473,0.31862078254114445,1.1206902671361894,0.4671775611744955,0.3904206000695185,0.4026080062458093,0.15838968582619972,0.5621670155511684,0.4755446054777124,0.35752704401330915,0.053839615412060615,0.13759443431500396,0.19534916432531269,0.49697259635928703,0.14152563993923684,0.1252298119730868,0.5477376833478214,0.3533451885311625,0.6025438811458412,0.07568830622705058,0.6327117993928375,0.7169398100880711,0.18950079255736307,0.24638840436790077,0.5748954562897319,0.8646402154658188,0.12680218160624213,0.20369566823585217,1.7165133935870016,0.11012191435608742,0.15597582628725548,1.0999055903823751,0.4327344806804436,0.2568685324548079,0.1606577389406858
0.33252865894077055,1.085501752677359,3.2110545083100037,5.132554866247244,0.034818755581212724,0.22508708700640367,0.04898805846999443,0.3069028250395869,0.06643162075099052,0.15689752498630427,0.20169594341790087,1.721773383734468,0.0958071990992313,0.49283711883860337,0.06464453956979876,0.17306137428819235,0.01050705505270555,0.055922938871806105,0.836847588460784,0.7115351103363978,0.7488150051334621,1.6602162994531655,4.733791878685072,1.0948591929695977,3.2081125914044275,0.6588986947456117,0.2086085141341476,0.33353813337762905,0.44481307748523524,0.16483947614263883,0.43023950447431636,0.12210112463744127,0.9061574507704155,0.13991584443167304,0.038036305990737374,0.1698818235328421,2.1756368394932464,1.277000587577568,0.29323364458192813,0.32497058103971455,0.08732193852288717,0.08963827327696428,0.15697919463293797,1.4857288607317813,0.009813991039450132,0.5392281367459382,0.34918818586440703,0.06498046601345808,0.4656288790333525,0.19366025201892634,0.602744318740029,0.21331052102711312,0.05245822130191824,3.751147029294237,1.0008516687371523,0.6722157141702452,0.5757149922559384,0.4622684042113603,0.3627447202667655,0.11449395619534197,1.4954408080407808,0.22458100872387154,3.8922794149524638,0.003961958496849327,1.580997615487878,0.03264427915361301,0.8652316830373223,1.9686119793492782,0.014146106380763523,0.7288738586244228,0.2715425295753475,0.232185324805958,0.2747363187554712,0.22955900223920023,0.3429063110437982,0.19452451600542298,0.18167199782987975,5.80285684367626,0.4653329671374471,0.1261454225221954,0.5299897616789999,1.5598245856449569,0.9448313693725829,0.35966027743919304,0.8759276757047774,0.0004280030414971492,0.17184488644088725,0.32586079737055207,0.1154429730615334,0.9049708396229614,0.2981813159178046,2.657595908201789,0.06774114052652025,1.3630871782817988,0.3935470236682035,0.011322883861383914,2.0771854733891124,9.745008205351855,0.15703471534532065,1.0296421474407667
0.28634556485466933,0.5448654199798217,0.5404819948036415,0.44153373978173294,0.5816766986801205,1.7584002753277597,0.18327771262763193,0.031425200875732084,0.9316566637225652,0.20226671546620656,1.8182326931004837,0.49946939227769294,0.17226395402164574,1.4008516392314094,7.249028726639709,0.023472636958730142,1.1478290465815775,0.002261193354090807,0.4991621572549563,2.114755154416514,3.6688703269868066,0.15500229035095714,0.0074419352000711925,3.8476793039505157,0.11498507019354465,0.4808127269368154,2.071513961240113,0.4391035042427731,0.18414266872258644,0.21774151111899553,0.08382645772071484,0.022990799300019793,1.4654528802386078,0.39128542402020483,2.2362441881550703,1.3213845438017562,2.733829745992514,0.43244471929357453,0.13308527430463024,0.18488335577195847,0.5926286673419352,0.5237815945530602,0.9083657079689789,1.4422717849361217,2.005995783051751,0.012838006936727098,1.6630004885152312,0.08112087613552776,0.16692342989289455,0.6801788939869204,0.02984864765548889,0.005902887540125912,0.9082346635547864,0.10828310597795365,0.11711222930506104,0.3714746612387363,1.238796037329903,0.08469550701653761,0.5925156929034321,0.27485789567058205,1.4688632474651548,1.0208585455604609,1.7856344354436993,1.3248853745833045,0.4351206890644672,0.011727877790729258,1.3099546936018927,0.9342822660587118,0.11739628855045026,0.019134701725362246,0.06082511470875662,0.9785992532589898,1.419848108619084,0.7462754670731422,0.006514463211580779,0.35252060442730127,0.6954686958280052,0.014901205588808253,0.5417936149756699,1.170744250897367,0.5903763919180811,1.0148653581678189,0.45649885610824104,0.3854559918911278,0.055377408288554086,3.7258291979451243,0.8782942618636029,0.036146129274648775,0.09039712822793944,0.12892015456958927,1.2414013040924599,0.23274887182319626,0.0749061743220214,0.5888087316890331,0.9061734990534729,0.21189487467581025,0.03154755255110131,0.1359765196246574,0.1146322371468016,1.701386278535673
0.6891072226155683,0.8569346648889009,0.16494864808679632,1.9557635079580913,0.4566491398819552,0.6030085471101023,1.0688266510527713,0.02927955700446594,1.905125385396158,0.715270838221705,0.016905610091871637,0.030864410612771787,0.9824973565711288,0.0548761958165378,0.4454221383515402,0.006766568544038787,0.0035926105125492214,0.5103066356819801,0.7802051200294142,0.012172426373427081,0.09104776297678563,0.4151208742989394,0.2608677587216994,1.0133269960478226,0.0875468887251456,0.5013197181187459,0.20073757811925086,0.39185074504559414,0.35387457690705815,0.02735689365190974,1.635308106714402,1.6055735955206996,0.7667519933705693,0.5499467267088378,0.36848352216926195,0.6050482371952743,2.4523856867934204,1.27994721907372,0.7021120113429236,0.1971023317195717,0.20903429420105857,0.7781634491286893,0.7977622243291174,2.530856267613942,3.1505812640256154,0.08084837706187353,0.04267846687674792,0.8675966072762751,0.18503866022569104,1.3397381877527725,0.5646511547232249,0.07846013383242267,0.4767647570780522,0.1215238756962096,1.4488854713901391,0.03601138325122122,0.05362661607088959,0.5437119251682248,0.029978157369996428,1.4557340400073522,0.144000167897246,0.8163177497482192,0.06839941065141009,0.30549289065980867,0.21747107622944872,0.12509835964012161,0.6467208254571244,0.3805343270970487,0.18448797620087132,0.609227584784092,0.054230605031333035,0.24641916824280385,0.19234182932106014,0.074030475425102,0.3836041625828637,1.4478152211174078,0.6253300645748221,0.41861232950873384,3.839684378717518,0.2208266002090531,1.0382020291646223,0.0019532713826300174,0.11968156377343009,0.027532948093506482,0.048425428653902314,0.722387472376339,1.8375485878576314,0.035920403797462974,0.6132481672267986,1.8107984317885255,0.19728131944189609,0.2723500777645771,0.7261178575398424,0.5801957063147769,0.2387897620868893,1.2150805396610629,1.2218843140472697,0.09933140610476632,0.017470498817125257,0.6541503743854169
0.027569475505430097,3.008605435923582,0.5346602941010214,0.9609784900135474,2.1800339513422227,2.1540689991761703,0.07130666981610001,0.039111494412479075,0.22667400671870852,0.19491704213983874,0.08725613225712237,0.6162614281177416,0.019304468163570343,3.5694742156208195,0.4499397110402199,0.32658755575553,0.2402047170380126,0.03827462972798745,0.19672267755866257,1.8537667026791493,0.023633533227522152,0.22015491527135267,0.2569879198615672,0.42165969619307875,0.32945953452294074,3.1190063476574643,0.17559020412081194,0.4077983296306349,0.33274674392403236,0.4394032577394893,0.25508484549064603,0.12187787577561093,8.841830119810409,0.35900863087214274,2.8768481498953444,0.5433761569480009,0.5283425647207993,0.5631898694283406,0.3952394478473056,0.6659151996794597,0.19405474818650337,0.27042070649108196,0.05135356446479267,0.015256141696049719,0.04275869487057449,0.6846392382244035,0.9159940756719267,0.14813272823474555,0.062238732107910755,2.9972256677806897,0.12919284199760206,1.8073384770304015,0.34891208277527586,0.12974913008528444,0.05606569049620558,0.02699872439281603,2.3720890023236265,0.17027276918858036,0.19685624692327952,0.27781677984213116,3.414959811086857,1.504153027718579,2.4336380666543906,0.7069880407880724,0.3090852858646087,0.8137971360568923,2.0357295396085546,1.5941942369801652,2.3580712627054448,1.280597915684306,1.4738679210002648,2.3900082420159725,0.07588909728235538,0.08969633282132405,0.04460135830711809,0.30864143858460413,2.167817011320454,0.6168136779746525,0.18702535833088518,0.5125581431250843,0.49499693610336304,0.01807602571894984,0.26881431655415433,1.6878146894709465,0.4481148466543914,0.3317848854545007,0.3738028237168267,1.0902568709884584,0.5927977111887681,0.6457272367527829,0.19763399695144357,0.081540229099339,0.8226650878825057,0.49343325179416486,0.13442519219753746,1.054604121218179,0.2890718395458862,0.21063165204112022,0.6616192426880241,0.027068542446515576
1.4525127275126528,1.8963369122427989,0.0419962654156536,1.7121221225330263,0.04058617353273952,0.4915619389165331,0.167268880665288,0.0679734592593606,0.28978951504433903,6.250645083382752,0.5995779869617093,0.10969056914849284,0.8528619652969314,1.8914036741598395,0.07076716822462914,0.6025599786731477,1.7544491477397037,0.027483090982113767,0.3950635577656003,0.6285311961649278,0.44438087106663615,0.08683071742151593,0.8286267528804891,1.0312530460949398,1.6600182996961674,0.16871017313401104,2.5339778419424777,0.9409930252275349,0.5868578431980864,0.8563136166399465,1.6959819914128738,0.9189353809875807,0.7982809853948001,0.6844496478173563,0.07616766934785169,0.03679250961667213,0.03277291563476736,1.7898378966963708,0.04701886346452011,0.16079900148251336,0.021062182708247335,0.5523999473548404,0.19316781889397783,1.7273968976054883,0.025368977027705686,0.6320885295422483,0.6224949242216982,1.3101623015261645,2.1500818711130907,0.21643848759812157,2.3419210237382875,0.550553979046259,0.017778228792854067,0.08323889398489315,0.8897878908194274,1.0205032879989546,0.03076869486923206,0.8743693709493687,0.1296837433379956,0.1737600058621871,1.0161558848428078,0.1344800832277222,0.8524289765762789,0.05191924458819841,0.440256456028423,0.5194348785619369,0.5231777446706558,0.473320667317777,0.27322093316727836,0.6405516610011088,0.1280847578798221,0.7982111586494327,0.0187300519365301,0.06256764109362112,0.14586519368887707,1.7669396787790297,1.0090040094517483,0.2705188367892992,1.1991596285036126,1.5659419271585953,2.0147568169929526,0.3140758478752541,0.26029464693366067,0.08690256458355816,1.1817757356016254,0.00671140286518046,1.844537656322518,0.22902130981882185,0.3422647565950543,0.3253705411409826,3.2404452921897064,0.2735887872087446,1.629123028312315,0.11980729070549367,0.47510827927179267,0.08016566904113298,0.08906157919846813,0.45495789155740685,0.24042911773965558,5.570177802534338
0.1391735720368783,0.15815695213764158,0.1912433773239195,1.332024199081347,0.27716605759016666,0.2104894721709447,0.2965580200195237,0.00018963075549849329,1.1721161510512386,0.1592874972127034,0.49757992833959497,0.06851805255668575,0.620447903205402,0.5834434962539867,0.6394969881687642,2.724230551817864,0.46327094264074464,0.03975013627421298,0.01586700610055014,0.597437638596354,0.0778889028968639,0.49265936381681175,0.16091901827878985,0.1692868209838969,0.09451566479396112,0.5235162893772842,1.5597241991009985,0.03277484490904281,1.2789163651930706,0.26625042126139764,0.45191646262584584,0.2695305633297682,0.5849477163565402,0.6436624385667984,0.19018343926318737,0.32598431058163224,0.5118119429068118,0.9797120515555922,0.42880865139789126,0.006773787654285712,0.23770443450829748,0.11848843166537093,1.7279606770449267,0.21539631435896167,1.2104511298644365,0.3473442197971346,0.07243464882484285,0.5131160505611698,0.5905160989535088,0.537808366874182,0.6145093095752776,0.3565945896365328,0.30553233492179355,0.3608094913587756,1.282312853480823,0.5185850692389966,0.38134027573124385,0.10470789651800305,0.2513799493089468,0.07776719713218827,0.12613474656345547,0.0443209449778712,0.2155834855264045,0.8116709266488307,0.34305574653565385,0.26525960240085,0.2540555943458789,0.16432531949144757,0.6662496312094,2.7826749596101736,0.1475955479921378,1.1031860816055659,0.0657886076550469,0.14602019181686754,0.00467216950176752,0.8488620460736629,0.199329862919158,0.06425564838077236,0.03986019870699442,0.22105350593868223,0.6688930560337967,0.2076895838833479,7.303530712177322,0.7446986498220132,0.5137891141866526,0.020417176258937797,0.5341871000254286,4.433441188171465,0.07130939747315423,1.010751120995708,0.1859262458327573,3.8310565433272954,0.17538199919252362,0.5154812557904664,0.04632483045755431,0.6320251625674531,0.23647555325784952,0.035166785166640846,0.11153560469304491,0.42581125070096326
1.078854282022589,0.16695616659661572,0.0865285337870274,0.4041795979948899,0.12145122487438154,0.11572722309850159,0.512397935761302,0.16913128308618264,0.4381124860586618,0.012819597171733976,0.7251833053699455,5.396167550306025,1.4948915567416852,0.38285187260692943,0.6436357072115466,0.5472271075711672,1.0258050665903222,2.3118982547663642,0.0800415083400996,7.1851589324965826,0.08158775258031037,0.11096396225049321,0.006622716197232981,0.1313114953459915,0.003300002861134077,0.5347667410160493,0.3252955259294896,2.008724867396708,0.11838846628159505,2.549128694186639,0.023185090386015572,0.7021754864188849,0.1801093361985342,0.4493865646013009,0.5571726268013002,0.22532780547081188,0.2689652400564644,0.7509246504385569,0.4919616770309725,0.20702053630751172,0.02664639482397524,0.3066097353787849,0.33244345264355024,0.5756611601155481,0.011120249586684228,0.5939185808658232,0.2646126655122407,0.4106223862342231,0.14581878804860748,0.6915522985366367,0.5239461681324786,0.36950768100636044,1.2860959835788335,0.40546080329747225,1.1543182111608719,0.020066287727958043,1.7542796493783226,0.5711087416842875,0.36259113390888587,0.46102451628316476,1.4853451909242876,0.049820744334964084,0.3023543411414007,0.2880828598160974,0.02847850832727916,0.3955418299026565,0.5283081814926047,2.324413062450105,0.9194823149827442,0.6742300199595002,0.0657040642850335,1.6167054808816985,2.8541360255713784,0.09392462595482809,0.2495296596254366,0.5701894003123498,0.3116149606911449,0.08918778721644327,0.5924658760920991,0.6954868984315317,0.1283092613236132,0.04348789427594624,0.4149114092071824,0.169859109203512,0.02088505459608747,3.4661958128223063,0.09921889789764116,0.040475093227686276,0.4392707801544591,0.18551830756929788,0.09718844195725573,0.2799285507094198,0.30051241750534374,0.48997342758328677,0.08528700917181342,1.4905985300864173,1.3950435100528504,0.23875770754837178,0.37094204979270406,1.1467456832360643
0.18463707712895316,0.04006314364879415,0.4992853122518799,1.1969762919727955e-05,0.33379808045993475,1.1345872001916422,0.12501717812072166,0.2591211129008497,0.32719679041405136,1.0956736353517198,0.020417166663116992,1.6814944287182012,0.021246078778179633,0.24791842222012161,1.7722802012980994,0.09073034179181527,0.06506552639704011,0.04959978930728881,1.3251717704927115,0.035825903385108715,0.6239315074514367,0.11909710619757097,0.03431108835619079,0.16495208761872604,0.2661775467318779,0.15065461682971715,0.140338979910821,0.20062826417243063,0.21544779346984444,0.06626420195274085,0.9504055432867606,0.21110229097160182,0.13122958293678866,0.6453876256403575,0.1503512945013401,2.123514160990033,0.2443681808303344,0.8075501556580627,0.1610482591912119,2.2195821138371263,0.15531572182186681,1.1366752121813608,0.35985291988304646,0.5227017789970694,1.0340553000231414,1.1055055672435414,0.7619030883412037,0.24418772844643488,0.7199900812371085,1.756418303625943,1.7879153980831743,0.563180902961042,0.22425042080320257,0.9263399390865024,0.12946457844282966,0.15915241817266135,0.13704746785635624,0.039736641995204325,1.2776646968496408,0.0324787089613805,0.09667333985204607,0.4079361568618649,0.029636048702713413,0.79845205719054,0.31017024639549984,0.4748113402345344,0.5092604837037438,0.5920985847112199,0.3802301871834153,0.17950549039046937,0.24189658246331636,0.0993533936679214,0.1751481500287666,0.9098328396525386,2.0895359287256015,0.5272622436696386,0.4394440762024574,2.5501816471895413,0.4516989426999063,1.0203673447784767,2.394830207957024,0.09758869534668801,0.03482194842784492,0.31790844930499595,0.28404581188304956,0.9966550198865651,0.13777660559845817,2.326595011752755,0.362645440947863,0.14648373299617878,0.41751319172576307,0.6882299004144725,0.06709952548598674,0.44161367142325236,0.2997472913973125,1.383951158487002,0.058266532036128416,0.029971094754824845,1.5207244224117256,0.74237912692216
0.7785514530475206,0.2270943177104523,0.3908812864438469,0.30216000101537355,1.234854843565616,0.29581206563051543,0.5126122385651701,0.4133009881736627,0.14942380020703783,0.019430874130519582,1.5376268059548646,0.760583538753071,0.5255383526927595,0.044070521796311324,0.15609770032951276,1.811647728169811,0.05439092331452655,1.2125852328253646,0.5904662370880123,1.0274900747535476,0.26910603904736874,1.0251600039690043,2.0594994426731823,0.4072213291480067,0.4484025906475253,0.16985492387712164,0.06214707171010092,0.5319398481352988,0.4250233546240336,1.6197674056238096,0.011317481338945834,0.4937915477017478,0.15288610373163025,1.364365062071736,2.029141215670169,0.0054682719153549275,0.012422162060851782,0.43768153467362914,0.19090840920088326,0.5951788520355232,0.05371913566853226,0.10166922202783613,0.10419697334222033,0.0853517651468847,0.20840190194923647,1.1835224360977978,0.7512950610363085,3.0057380927231776,1.2986643071873765,0.787125504134581,0.8175982292738728,0.10829108462483639,4.429460858023298,0.1715003156694217,0.03748795550887141,0.1390280157229482,0.6798734951680707,1.0220252198737252,1.3535262446861256,0.09468053102717988,0.07223663297950011,0.1412056525574381,0.26008836668520696,2.095267696105957,2.0003632866889203,0.03228547569513607,0.41839676693547223,0.06433202426860185,0.04735320339147475,0.1360637739943018,0.5346486890488011,1.0240438090009731,0.5920202975805118,0.46881935459304547,1.0220449520365014,0.7652533787459441,0.24709749812850146,1.7814297096131781,0.54422538032324,0.07276887048637004,0.09593427745253513,2.47452722248939,0.4501479612046291,0.003105711432899394,0.7447105201953494,0.045302015946748764,0.47384216142576263,0.5788881729581794,0.4414313961231773,0.14113803317885298,2.7509857370393687,4.311142180485152,0.05916456052130692,1.0365801408514188,3.3883144127397467,1.0310057043052558,0.046153830975893984,0.5940135657751648,0.12190309557610002,0.19430463631232486
1.9878559575642547,0.910724625314334,0.7520415557404676,0.11372919341701171,2.4412386672459667,0.5802298155853467,0.09234256148239495,0.012131912059115457,0.3964956318948669,3.9095104695362197,2.197172654702725,0.46896752300531763,0.046807461762556235,2.1541378066643415,1.426104180834264,1.5133629259504073,0.2095460449480353,0.9186603127213708,1.149805885429518,0.4787813478650176,0.01448463443699266,0.5651623251744249,1.9700602300083663,0.4713119464151634,0.8183060440927687,0.798689910097943,1.0091561280937174,0.02623745404724298,0.8006993668753664,0.009512985468032253,0.04644752423645371,0.5915164971879299,0.012001053475894974,0.01804401406063194,0.2855101250856815,0.49433450968586645,1.4615734796251845,1.2770383755345929,1.4683973266473056,0.3710052589945354,1.205507431063313,0.04139577986283971,0.08887121902314798,0.08558064942353805,0.009750810896981266,1.605652716159831,0.6663550480432159,0.5308513498424468,0.6901371680682065,0.272196506041843,0.26589890393308524,0.015162437709657528,0.9585165130694788,1.8645778329166784,0.012938394653479346,0.4307154762548795,0.01880805215808823,0.17861076346998828,0.39485028770813235,0.10320962619078156,1.5139341691853883,0.020130243245387147,0.13149507891057488,0.769554413469699,0.2565149734682919,0.18464005232971936,0.17237520285701735,0.19467204605496624,2.268687821034796,0.539745381563506,0.40234535711596275,0.09783033787734996,3.5087191823098625,0.22363037663478158,0.026087386002546564,0.29011340502013017,5.190485694153744,0.08727101364493284,0.2902766006656554,0.03576899033955261,0.09359873225108162,0.22072475951897497,0.43817767996526347,1.0893256741395474,0.14229114419266264,0.8209306308745914,0.11727471669447609,0.1735340963434977,0.2955849324735891,0.09234473431475743,0.9286571179519651,0.5280532150124018,0.00490602463221812,0.02043169219473384,0.18741694672147324,0.12784514447855688,3.335423315735766,0.20124790109691415,0.5114506450188039,1.96454105146247
0.6669945346734194,0.1388004919097423,0.19686496615384041,0.7238486179522008,0.23135567684420622,0.8020485511541251,0.536094718727627,0.2917547170988952,0.22747379163013193,0.48934944786267254,0.9386002713374317,0.2354393169004052,0.02555733210946043,0.09897540518861603,0.2904062295943175,0.25564417654148186,0.6260438587873782,1.2256857700485866,0.4304909256744669,0.07971199034339693,0.4312610893673243,1.972941643246675,0.1374122948012082,0.18275706460183616,0.025376412905487644,0.1785745905622309,0.7561661977614209,0.3385882744596176,0.2339963075216671,1.894747998908164,0.19568714164924916,0.059051689878737434,0.12306677003475541,1.176592048610606,0.5123286483700666,0.25981348077311894,1.3344646019698527,0.31332429770156867,0.05290615125229925,0.2881920395029576,0.10090566123516709,0.6791940310131532,0.03058483171330706,0.10999442140379023,0.5645381897565303,1.6121505037329138,0.07648524628308828,0.0360314829763253,0.1527105281353469,0.887957579088954,0.9611953291669191,0.25802140150107444,1.1266170801848823,1.1784194236618495,0.010615443040393746,0.12758575889927903,0.32942948709661257,3.780460620604761,0.9547255247658941,0.017044169618966487,2.0746243774229307,1.1993098825615927,0.7376078613291719,0.5141626492942819,0.6904805750006116,1.5079481404358743,0.6135191227700731,0.5978719400983952,0.29673231959651325,0.044803467554798804,0.015278891448756049,0.41432917174223793,1.567654827435459,0.10504155073823962,0.7201520527678236,0.2694946849984967,0.015017006247947995,0.02653560502750052,0.700408397485762,1.1321178927989948,0.8031309624186345,0.11488304391538118,0.3293426370836252,3.098227824860939,0.679357555787832,0.08594204316376963,0.001620516139886341,0.14405194935190613,0.037835818837700375,1.4980591487908441,0.28290946902688496,0.15678417038451298,0.08403206033518718,0.30420327420612114,1.2885638801551638,3.9352467591959526,0.16308324355327364,3.6374218526340485,1.9647868265207578,0.17126112291934348
0.1234164201593313,1.1498767342246796,5.286789295839196,0.10059563139945382,0.5213711267393131,0.13083292950473124,0.9651157209304031,2.3508680928565027,0.319112210537986,0.2860224277807466,0.08710034992309712,0.1798710281640068,2.603512553723457,0.21174224237415173,0.11730304945881298,0.3790249131661969,0.08061414472692818,0.497908340837262,0.27901332900612963,0.8974337350340802,0.1295708982943411,0.28470768595825957,2.3038327049531673,0.33085857171672317,0.37836347541436366,0.12162561745006628,0.04973068635276223,1.0822242819960954,0.14332303719793815,0.17180887089434171,0.542841325636384,1.5502197542512217,0.15732746964779887,0.2108586334850704,0.20678395139017924,1.0349518440492673,0.18548337730241982,0.030076506928446767,3.465918791099347,1.256842459976133,0.06041667594906075,0.1776981175892367,0.0368031831694029,0.14580427370077298,0.1531323432704803,0.43633091914989786,0.9222891731092417,0.25626737818807066,0.11284504388037808,0.2960158017765484,2.1953855608173933,1.836839908171903,0.4706141163034876,0.8264010558864205,0.36483454534640414,0.9904549273667109,0.5335593366314415,0.30728281936648805,0.25217179364769327,0.043700150327022014,0.2994067374374172,1.3689447971566668,0.4359644181666069,0.7041703559451231,11.608008180741761,0.7768239427940657,1.0164883430224232,1.2022547924248057,0.08461093344934278,0.235290130953709,0.3171303502937246,0.1721706388215818,0.35691230987172173,1.0268772839198257,0.7603503252412085,0.11331431118663038,0.5703306539986801,0.08589005589459342,0.6073586098776771,1.7454412295863762,0.3746756373800011,0.07985386813750606,0.18303406070136208,0.05892951685941461,0.24332487659513347,0.23805443275566196,0.13982951971374202,2.8680092252936453,0.2587137045350787,0.241490263010538,0.358622505706065,0.20094008965156296,0.1534130579172992,0.024231512718273063,4.103895363169842,0.7358125743858324,1.3606234088317168,0.048475724077806426,0.23189992696424722,4.4494496908710515
0.68767112587101,0.4479671375430052,0.18255375497790172,0.3212068987778973,0.12401536494823007,4.076786434973364,0.010231483716035106,0.8311394814880704,1.2822768173810797,0.7743725736863638,0.966438504361667,0.19526937919749754,0.11556356338182017,0.0934571741610577,0.5999821592473464,0.3509604197754901,0.029914422235935767,0.07603435479619436,1.0833105437397013,0.21302818827971737,0.2805569729876347,0.35765143875664074,1.4780726478735287,0.45377307012002976,0.08259237708200984,4.978780691329613,0.7974744155300462,0.17756523449314976,0.6308865325168624,0.05185892022937355,0.2747836258785825,0.20834143601596722,0.03967116894243117,0.17179704684264974,0.1072228272247373,1.1847900990905647,4.219638516698957,0.8254631636179017,0.11026254760314158,0.05907464152146913,1.2750118540402138,0.3379542820722894,0.08739068722443522,0.22200427671748812,0.0738989946781956,0.20837180902666108,0.06351815543090833,0.05862488537941224,0.05047898805086426,6.649215681467127,2.490590608268472,0.3644509248239054,0.15411844959705912,4.661850873276247,0.10201820797209726,0.12550757508801702,0.40091663950007383,0.13798428143976582,5.83019019393472,0.27093410158488873,0.584904511426019,0.21983042819346177,2.260882554133294,0.7966898365972535,0.4184640554499186,0.04006014837179306,3.0026160995098916,6.042435087774343,0.8884270282001829,0.28198711522228237,0.26592453590921195,0.34898380737510215,0.03912031199075083,1.5157957695868296,0.9256909743051382,0.4263536759659645,0.5154772686708109,1.4975976215779707,1.2986883724375233,0.2516211916792934,0.07877004529468579,0.47392335223081017,0.13187728636692708,0.09738369785947687,3.3511783690062886,0.3590177271392092,0.023241749732901384,0.1972219644547979,0.17906799285745945,1.4619314042029785,13.53109198030357,0.12455550931833725,0.4365299259715998,0.9950980017885209,1.1205135814858314,0.6760486434716577,0.43109739131200286,1.656788037936761,2.634371106646221,5.034574848226778
0.6879627402248438,0.21429433306539147,0.023616209811846645,0.010846894370911242,0.8665522484987203,0.12387888467428376,2.3062248660388205,0.18340899936423094,1.2528785881065145,0.7281416667501677,0.17996587174824108,0.2995378828692079,0.09543113237253742,0.1406940318732579,0.014530940225330191,0.28706089363801013,4.045719933606666,0.8978181427325076,0.02122476860560174,0.13500415980452019,0.017459212287409986,0.03176904124411695,0.6616839179932881,0.15174041595342214,0.2769198445298773,0.04326047886425166,1.6936871878832456,0.21375429465975992,0.6064476288921581,6.179289057140223,0.24653250552076766,0.9599741741967844,0.005083842538004424,1.3742000221843145,1.0053433982685984,0.3116241809625666,0.06550199879460306,0.7909137159792907,0.12787109803437358,0.17395005519874185,0.5263014309825278,1.6299723023552506,0.006154987643634646,0.3020095497823374,0.41050192010106246,0.00012636844672542225,4.590652178431258,0.7803062591909902,0.2505483474858716,0.21849440103681284,0.13310478561355588,1.5392313268972595,0.25094280996479434,0.011623645840974861,1.4364186443544136,0.2977816791437067,0.08886777654868183,0.060101631847147674,0.060408902107973894,0.0033560241847767625,0.18277236048328604,0.06310940515130037,0.5212555485121344,0.35407000451497206,0.33270492736480883,0.15078939811603287,0.34879119265713165,0.10337497622786285,1.5317261656655026,0.49239093000630807,0.14143733645825263,0.10848588924896863,0.7367296227035212,1.3007778513759112,0.5931172554326143,0.6740637511721581,2.2294526590185493,0.046998532233616164,1.9020685918711604,0.3371956820479016,0.053999835189922685,0.31196724878048254,0.10522913476226048,0.033181198230578524,0.3334168401184472,1.7710620086520246,1.6945454214664837,0.3838192492913861,0.14635625298205324,1.5463914525201625,0.7362635282085599,2.581999378160123,0.5253076051790742,0.12226442009179683,0.2885802777842372,1.9807430375171315,0.12699642156821667,0.011635717119558242,0.005538810969903274,0.019378038057624725
2.073225612197335,0.26556462238910616,0.1469307405142508,0.0420278782546597,1.8030491739475,0.8518052962786431,0.7200390613675991,0.3837607351857686,0.009268436798855806,0.2384502322340738,0.07433126607510387,0.1996075261737571,1.467346723907108,0.24200481113040428,1.3367298328650583,0.19002134084689692,0.16112277922012863,0.43674795791548404,0.6562303437100319,0.4540912733260609,0.0289419398959454,0.21398498514137443,0.12977186552853226,0.02574669574697941,3.5539511005872058,0.17716769185588266,0.025291426376871984,0.5672966493350504,0.8493978781635618,0.8099629077128749,0.27487807301849876,0.41840198879134016,0.354965601269825,0.5007024982683852,0.9830741679359041,0.0785940226431947,1.1899304816885063,0.065222861724054,0.24069476425535297,0.4394387858783575,2.7125034405021977,0.08610357163980398,8.611500891933442,0.21341250224480612,0.012524152740166494,2.2029166439781167,0.0759932861564323,0.13323562622999052,2.0983777120040688,0.03365123557914118,0.4133200155253205,0.06029856930083444,0.5194030279378337,5.8926293096741515,0.0810265737057112,0.2691951064999556,0.00947756047571513,5.574661826941585,0.06944156745871966,0.31017152370582446,0.8772140927286749,0.13235342503811487,0.9235116230522613,1.1936406418184564,0.14645890886349422,0.10317815577992318,0.8345034426623681,1.0371385539861318,0.7739895301698183,0.1221863151451621,0.5768613008735131,3.1174103630291325,0.06341448643755276,2.0800744613563857,0.0303752838322493,0.14367145728991582,1.7391428427283686,0.07997290957247438,0.10601267109502088,0.7847037243179364,0.08404197630586752,0.19890456986268878,0.04249788408904265,0.036388805239189415,1.279531693135206,0.02350677997610262,0.6563379412113262,2.8469521013246224,0.6039646199188042,0.06310284926384124,0.047396999279651686,1.6435864028578822,0.41169329455570347,0.21878098898444387,1.0641933199274756,0.20097782608912618,0.16414176141939185,0.588232202637571,0.056521395818533104,0.06202681144518607
0.13741410774202123,0.8979814523183203,0.529844290724476,0.24195751213071492,0.3247139807822661,0.07406825016673357,2.675156265587187,0.6844767369722924,0.40944088556035196,0.11033553219525705,0.03743969698626115,0.11703297514825173,0.1769446622748816,0.6800962612039918,0.029835182706570818,5.570015078404148,0.5307473373810649,0.44087615707720684,0.504971336817188,0.3255226878439841,0.0968577781078106,0.021972478768668147,0.056292746584587494,0.04969143722874625,4.460004619986507,1.2226198851688062,0.2584155909830832,0.03171098373979864,0.34880808633568305,0.3888237182254979,0.060816070672999434,0.09190964054922257,0.09074929360468409,0.026591092080509693,1.0846776500061464,0.10454915844069168,0.5261227285746013,0.13318491275264188,2.6176835161209313,0.610169684775572,0.5353320291491988,0.9054895048059619,0.2816053618253431,0.47240866869668485,0.24278086167323765,0.10031242864394341,0.47842010460049056,0.007194889171521224,0.10156685899780404,0.7136436515850495,0.9907225579691916,0.14902431686654838,1.5621953859930828,0.12313331665763072,0.6212669191059186,0.03278933572070386,0.29510988397068094,0.24844940531615678,0.16287228673448184,3.535795105996165,1.2018034308442909,0.6359283556722606,1.0714462659399921,0.42133007707102355,0.11987555933760108,0.23260574583599203,1.0218689535301029,0.05631307793012397,0.2929796058733365,2.131551148164265,2.393375013866318,0.6108706190854296,0.07208138163110656,1.04821878575591,0.5836779968786758,0.1212002117408828,1.977965485366608,0.7046599119955335,0.8025216066599699,0.0979807106753432,2.1105183498314295,0.22091251556888336,0.22958900837970053,0.41406338011354693,0.20481087786181962,0.06474453805947311,0.013092670340181689,0.10603045775061903,0.6207313364839573,0.01800303352598509,0.5055498560187828,0.5520069891267896,0.014408980460025811,0.18862747737492636,0.020141345684796752,0.2963493488369946,0.25967183626368473,2.6142198102798977,0.39247791392791864,0.12314787363382895
3.550917233280302,0.17967264748678757,0.86095266572249,0.767374554786761,1.4462443388975963,3.929457666150764,0.1430130395208844,0.07569263851739327,2.702089654119651,1.2486650693912558,0.021224398383747456,1.8815161644591436,1.2635818023233978,1.0639853081544484,0.2475312210295395,1.8247539454178603,0.597546416716298,0.503851354878385,0.01590691220631757,0.07713304580975011,0.7346885100081848,0.20606578803685482,0.08308344911389298,0.5104904468816871,5.272317660579415,0.10358091110561385,0.2563404751910907,0.2341037939960382,0.03468571732145809,0.2430420066716612,0.6859236430365254,0.21026954624021044,0.12197228170977015,0.09631271622310633,0.19028120530056802,0.7500436481811112,0.3352922163710783,0.1300230055912477,1.6746463834260612,0.18163981608466928,0.6328621675845214,0.35964937863874025,0.25624205856527804,0.07716971979541176,0.5180839828088655,1.1769465355353375,0.9140241516021332,8.461799430488734,0.32937414907885265,0.16679940736988685,4.462973677031526,0.5596726116110002,0.7575341906650408,0.01867455245521299,1.9667410503561835,0.23939047701851335,0.09041617321272177,0.6132653433133046,0.04897715729869456,0.3022544168338057,0.10233274887900556,0.658782344644665,0.030764403978351895,0.5456832636050999,0.4229626633442094,4.783266055969407,0.6280671896829402,0.6444711854571119,4.960769020407836,2.451449880791553,0.6890360367934785,0.1337224375384758,1.5089076662051584,0.5457896638418169,0.11101183310076856,0.09372615100835824,6.178878796280837,1.099463668373812,0.40787323463689895,0.006360033492372796,0.468049635315295,0.10318136457473837,0.7382714752755706,0.08088452807860858,0.795808628280747,0.9017137489531928,0.021800302072245925,0.09150853412149473,3.859025728299658,3.4965714545133206,2.4489605455382293,0.03645719672935033,0.3768476040912194,2.328560451450012,1.3818545151307675,0.28228637404503476,0.072959520313997,0.706097699379455,0.3500895141083724,0.2218697285003195
0.6528154076470793,0.7301892673076651,0.12795556353087445,0.6271355710740902,5.006457199338143,0.13421547594354943,2.357827043994969,0.03308437818960219,0.29279040935730083,2.0313670716408923,1.2325750939716573,0.8559104443065635,0.6197452145652591,0.026441766583439108,0.06957660311843017,0.19285516514908907,0.01728245015590657,0.072309992386836,0.1945712911584967,0.7700060154945967,0.9709348419009682,0.25666791098761865,0.10055862107904656,2.0284666543409835,0.2168690506365849,0.13799201093373714,1.0601647775399283,0.9372530926592195,0.4713329928742005,0.13659941242219142,0.10255064285294702,0.039514688272174636,4.589536953970417,2.292808875186547,1.3101671667685153,1.123166142011148,3.2177697505715965,0.47720247453957243,0.8164677268641669,1.0370318106730951,0.2152709842431273,0.02097124594713029,0.4682933192447567,2.2253638269080214,0.7550110215300461,0.13371623529021637,0.0032270671306646737,0.3201444697804112,0.004356601278078687,0.7025169790966272,0.041323702296394815,0.010375935525638091,0.21427672382697183,0.2954966423152614,3.28564404609641,0.2560973808460647,0.21866737672812286,0.18333631407308704,0.002412840136494676,1.063157410085227,0.6710460918911043,0.6923720419675741,1.1116680174775504,0.27054290600997977,0.6326689157229926,0.4537600735359961,0.23014235160847907,0.05045768242009441,0.046887554712889745,0.4853233304989417,0.08995969433490658,0.12454495922308606,0.61302858062466,0.2770365233755401,0.47880515276892166,0.02735125676421113,0.18813618412827693,0.40829277073109305,0.16423241008626888,1.3059389279815319,0.7646032190019658,0.8157996773676863,0.4576648528626204,0.11498919184189726,0.1873931471376582,10.164330240655964,0.012789591604452255,0.11135833279123952,0.5492792488313647,0.10860091325707555,0.09774653061813243,0.9776952556381586,0.29805614738284314,0.19722748749149233,0.33960811393409984,0.05524017846871554,0.7128206634531098,0.01360987940389946,4.807469540283944,0.5852496024172229
0.1812952371546377,0.2644073277131289,0.9316466017880836,0.27458098801691055,0.5027055797688529,0.3702217185437364,0.30051164704928257,0.5211179970969615,0.052182392665222066,8.891582406866663,1.2372114544425084,0.5614832912262095,0.09569925031009907,1.0842399057036114,0.3184931274609295,0.5130644854430613,0.43737619538648165,0.16161155858430343,0.37397075960549087,0.1764936294358299,0.20098683815424945,0.08612338271417452,1.0453551803114451,0.2924013320835357,0.695075940016453,0.08000800069469838,0.056598901171689864,0.6174664494365136,0.17823706274140516,0.48538570510097423,0.28176567977401223,0.14763288243306705,0.07234326748391906,0.2601735587605978,0.18182639658168687,0.21960891134484095,0.46278768886704547,0.4263353106531993,0.9903817149793943,0.18230039159273348,0.8134431245059757,0.0898192521152219,1.3170636161863425,1.2021573053012107,0.37187289440501026,0.18393588382128745,0.7393249795269503,0.01556200275105013,1.242206294497863,0.03490167603422489,0.8990837824205387,0.07337941587062491,0.13841649629861008,0.6554417349119444,1.3430369800436703,0.07080864224643313,1.222036147297572,0.11775733267852373,0.18774286031006593,0.0011869025853281645,1.578299393831644,1.3163244478551848,0.08089917156114845,2.7767326854741414,0.27477222251569966,0.07764526207094091,0.7289116296401006,0.42936034366575604,0.07151725161988165,0.6239058669497082,0.581459081845288,0.07754430986523952,2.184085725190226,0.16081805380662617,0.6379563671652786,1.9323686056034077,0.33958036370565603,0.09923500637112803,0.09671274866087964,0.5907974455765364,0.06136898266132307,0.8229113945292086,0.006635600633878358,0.2982544829969642,0.15678842733961318,0.9176331602847403,0.9991788005286049,0.12400038273232217,0.16605229848761383,0.232886228626636,0.907687369986615,1.0951061537692142,0.8998098732841795,0.02337375442000389,0.2970687887988883,0.1595515144595545,0.2650149461964968,0.5927409632274909,0.06938585936808916,0.21839991244616241
0.3633467611574439,1.0867513007205853,0.1949340664531758,0.09637936792011992,0.4299042876232575,0.22154494633587252,0.0740902242971051,0.7873401576145149,0.004944667873584496,0.2168278558892882,0.014761060244885327,0.28944086447607953,0.3753729736283953,0.9838356286051482,2.945964783959206,0.03959017168265144,0.10206316887730105,7.927615099629529,0.014461042300629279,0.34242211093565,0.06008236451946569,1.3159832916656198,0.1831941593470494,0.3618471518216593,1.4499132532046866,0.4661594469032946,0.07399102457773243,0.4085531582779929,13.508838385132062,0.29572051198787364,3.5838559804475887,0.1061772155211902,0.02250654961770837,0.14856089611612622,0.21508465265327525,0.2193391627900343,1.1816695307460594,0.056746769155070265,0.3780306744439823,0.01420589598463562,0.46163055268371145,0.3464806203948634,0.6053260917413048,0.02340669599367029,0.02807979902118185,0.10576099398203431,0.11662209242173494,0.3018753867184225,0.5253718462111805,5.629641996092064,0.29823947562116015,0.052134020975486584,0.5474180524005867,0.16418032073970612,0.10453914612800919,1.561079965626285,0.4135131786108277,0.44533122452712126,0.020838129615865286,0.8063142917221473,0.8861257966211455,1.5505968519396598,0.11420759004784031,0.36981402535223773,0.0007733739692563635,0.9521446541262206,4.210889889591487,0.37903889137571545,0.15006729545768516,0.1729772156030922,0.07393537305871933,0.9206880083294122,2.978195177218095,0.0027711811535200415,0.05001126122476962,1.8363641531390429,0.09429761273728055,1.0469371759619253,0.12714015115108546,0.6436336630912765,0.2304140754133821,0.014455195185004266,1.1845855305244513,0.32959804165903495,0.08751860141243606,0.9226427334850813,0.9546159335401416,0.7002270702370503,0.3934043757586714,0.062499270597528245,0.2624266396811821,0.8285065475060527,1.8224288661771717,0.01679383588906358,0.7745935884834982,0.6972962963547311,1.6029343174943018,0.15950352797171274,6.655662384579498,2.3342649814009406
0.8659146225519265,0.1089770211940233,0.08102373662489004,0.1720742485284077,0.2322626770171854,1.7694682350239792,0.7881147916263598,0.36875270385185344,0.2561476249869332,0.45354203839589324,0.7275914545113857,1.032547045713915,0.6002993867167716,0.06503838126194483,0.06920227965575876,0.8124967711471149,0.04179624408464955,1.4567295934440976,0.17361997734689916,0.15968832758635276,2.3132389280070313,0.19544135659877027,0.6366520494297538,0.017991386709402146,0.3584319395833584,0.0011570890056120664,0.23364270328534076,0.4666241492803831,0.4603220031715072,0.35938590718907415,2.1353934227840914,0.14924373170825445,1.1343248279392042,0.10062076004051956,0.16733799655074777,0.08318551376479055,0.12174465322248995,0.2856691356266572,1.7824893106770459,0.36272920680323106,0.078152702349638,0.11694944955368292,0.11032144837969882,0.3088960375560239,0.8715842838566814,0.9155888551479094,0.09055935495672984,0.14872486550652186,0.1829474900071013,0.9962193528744598,1.2333672508359026,0.37239452704482745,0.037332478532158264,0.2945993659910944,0.387775264254673,0.22538551731042822,0.0377649733004517,0.2448390178898996,0.46177163820398826,0.3067962332859637,0.9834019498751416,6.223747990133612,0.3537590094974967,0.1098898410070237,0.4291900657672121,0.46752299573307754,0.5000606811896746,1.6560612456976695,0.06363180220109288,0.13757121656820637,0.41036986353458005,0.3284339473123248,0.30762849990059693,1.1734519375065844,0.31440439407811027,0.07462736198234543,1.0801575855575867,0.2246007338181819,0.2523988783581286,0.45551889841024673,0.4246735313300041,0.1111380284574428,0.24860799718696458,0.1589055264229271,0.5601593190231515,0.38857820345028293,0.7894475744738165,0.08578580085211329,0.5491516436048842,2.581788876622779,0.06958534436974118,0.08537714591105239,0.6059850545490768,0.11181317705089366,2.2002257761295483,0.017575226116247844,1.930388181328735,0.7658395285743074,1.2945967552683975,0.32455683117786527
0.021354733949442206,0.17411744400353868,0.06800363467783765,0.34466640135056004,0.9565949187509482,0.3784011472169362,0.6750481364047245,0.6768238861465972,1.4864679878800446,4.609120354703164,0.13594506455747624,0.07932228505253502,0.7469552940549571,0.14966522300585128,0.05069553142079841,1.2410827979824384,0.2459076477180473,0.21351247580399502,0.00652786099501923,0.28699536172362605,0.9596368260317714,0.02477913930104725,0.8889372540259348,2.7559284167313622,0.32278417817855853,1.475752293481745,1.2932515353699188,0.13647299058099316,0.2888676910058894,0.30922624280106925,0.8892352573450786,1.0269952028889082,0.14708293506329784,0.4242663008812122,0.27751529150661614,0.5931887906242688,0.014353805467050007,0.0109476264422117,0.06100060520994588,9.133389141854064,0.07618994307348292,0.21039075264942197,0.8114192190877387,1.0811422756785203,0.23765772214946423,0.28218971786400115,0.034102427609406405,0.7563120839103439,0.06134190770130288,0.6598648742859883,0.8303302831529928,1.5279008880852643,0.2263849405373144,0.12469873115538999,0.09276530793467064,1.2694839861554472,0.7321720255428719,0.3300216470625972,1.1909940918834963,0.16238463014207505,0.12046638089112838,0.20859837813768367,0.31363196054813747,0.18143203163625876,0.4456731422419078,1.364601329742182,0.7906304620059288,0.39753698950527117,0.2943827759880042,0.14637470919674223,3.1250637296721013,1.6571110786284424,0.6172963053895768,0.2829450761589283,0.12232775557903319,1.0895645038423338,0.448131599338913,0.6281795998159798,0.3337409523524997,0.4303448544423032,0.3633323102694255,0.02796391594916381,0.6943637131418503,4.655742187978887,0.32749237135244025,0.20152887987415324,0.07341028974721286,0.017914204374938958,0.2582481220816608,0.04248150440204035,1.2084484782767477,0.15512476312236778,0.7167126653141844,0.04164944456501041,0.13613406529449912,0.30956176782962186,1.900580846550227,0.2989521824642267,0.11580362220628304,0.4252169656629874
0.19504045334244502,0.3487499290514635,1.098621811368409,2.6337357982311005,1.0818591999024316,0.623569656808048,2.028952717017997,0.7365799578636238,1.6394708504193507,0.26014815810674063,0.11578300751244863,0.06738782312333425,0.33102747274914246,0.038949593769527446,0.10062940119606978,0.3144682684031723,0.9826977618889456,5.507439156075491,0.14788814789188187,0.13300023825352292,0.08149912768374534,0.24008561667835604,0.280325598537853,1.3386292590416935,0.7454184464573885,0.22706986986340305,5.533396019636899,2.592707449526072,0.8665693670910715,0.5636343552129262,1.5704481159981798,0.036938265160308514,0.3572148887381783,3.4749612295226706,0.011769329794045547,0.05730574056512072,0.10864616773097713,0.07711397347889704,0.4042922126554165,0.19097529559146253,0.5657356514210874,0.6716240571552499,0.06777450589269529,0.20797286224356504,0.0905459649940481,3.1393594847268416,0.09665716159787086,0.0033441107220588684,0.5410716178586965,0.5643505864281864,0.29772203192960256,0.0013914558496805896,0.13366398320690553,0.0005578128580854269,0.48629959931570754,0.46153497337688654,0.29684604235903755,0.7012972738833578,0.09142629478382469,0.0016504333400615412,1.138845509174998,1.886072276217464,2.806560186937061,0.07200794294959434,0.03356003887309611,0.3359418150446538,0.1247368219063556,0.7295674645484331,0.4826334363397924,0.2544051221064849,3.6974043036369766,0.0004982926419812017,0.5882387684194526,1.4460927015712017,1.0467495619768838,0.24590628876641607,0.6621480421583517,0.13163232891026277,0.1800137404752915,3.930996594183699,0.22466854354376764,0.04072461066373512,0.872458859606098,0.053683717025251765,0.21471028410434134,0.06856181013493057,5.5281940541101555,0.7383338793810501,0.5555444766662834,1.045797221704495,0.558373617763398,1.070750252108236,0.23811492967035552,0.9870483687140239,0.2706957966826291,0.7494371368516841,0.5771003368775036,0.5203076008970686,0.22039509370862742,0.5341271561420531
1.5799857369203787,0.8237531351314622,0.12455884246857307,0.5596984679417394,0.00442202941529346,0.11381793245834304,0.17064610384060996,0.5669957227841274,0.6018791044498693,0.9729930964339129,0.43180413532892525,2.8163933173555344,0.2101115341241866,0.333721552869201,2.3612291642645404,0.03493896979824185,3.53175807543227,0.03188444985933803,4.203407865867233,0.3297729346509193,0.11841562029015318,0.41239297490869986,0.1103202463780415,0.3379599689807413,0.3550445904574744,0.3532904323891961,0.4098095197198779,10.581069976212248,4.27009510119017,2.0650303100144307,0.6535263189085188,0.544435525640645,1.1804751208431061,0.06467521795072062,0.13365370661151355,0.6960208511613195,5.927387383294653,0.03160601853717737,1.1154046477289414,0.1794005886249712,0.1480878072228533,1.2655163492393169,1.3257598154497359,0.2705080543601315,0.14308265509554174,1.0573906355568767,0.5057799658743889,0.06613517571162109,0.3970176147647946,0.06805219032238985,2.110770531491821,0.02535035457931145,1.4298077007402052,1.6535711197497185,0.12617585383988317,0.004260147835253969,0.0181611385339131,0.15526886255095995,0.4909214694130457,0.4691242808496705,0.3612296265981372,0.5629860314327366,0.29304300154105656,0.05984954657684671,0.047675252350001696,1.615283073777539,0.5881050002836976,1.378942144867433,0.17001793681192168,2.16047607127658,1.5434810324709627,0.34782882126000714,0.053379340550028465,0.18396677439882492,2.2033098884312827,0.4512576242582471,0.028041677803539056,0.4205831377667293,0.22820000015131092,0.5408888112440293,0.04474186098218835,2.9423666460501523,0.3250434668372095,0.09681214875901212,0.025118665641483018,0.09140959379105973,1.2519020815684612,3.2166429549645406,1.1007457913871619,1.3578605172405287,0.0055946569777372,0.29033521413889485,0.4762272801044274,0.6290020148971356,0.5798272347817854,0.7834053984046925,0.3245280980396945,0.010485249010183217,0.05701568366588994,0.27243502537817443
0.05040235646734126,0.07742881189932849,0.11409070053240256,0.06112324881226883,0.13477966205411085,2.555166938859011,0.5393883371316419,2.3189678777035487,2.7770250078956646,2.392134744355215,0.3050234127356677,2.458046384931037,2.6430727170979895,3.5108332139632106,0.1543421935696232,0.46171515154359755,0.3459327304522508,0.20504295825105046,0.3005764457858153,0.07912388429309103,0.016284807238434507,0.3266775271771567,0.3228184568643535,1.534197411686781,0.4616065670502383,0.13238695145252266,0.07753554357065462,0.08054338670432948,0.34411331399821177,2.772911524292721,1.1061384739054216,0.20898303300214494,0.3597245051003235,0.1262566756474357,0.13671141493349515,0.4863911852732752,0.4308380573370534,0.34452105965714597,0.44321695430325625,0.3367715587923099,0.406875442638748,0.28750280218479785,0.7754982525178462,9.749616263591356,0.6139764274237549,0.4381959292962472,20.042816005708143,0.2091106925316848,4.975507238524485,0.0702116325657487,0.22033507924518148,0.6062054890391424,0.5909410191664646,0.2159777149717348,0.19027848087314303,0.6468212779031786,0.7438068011151069,0.0755389124660153,0.12790085520720873,0.9179526014944404,0.005239999449132116,0.05839308557424672,0.26782562213506256,2.2026100450313235,0.17108215084665135,1.3209231580492342,0.015240549579992102,0.06824141562790254,0.01340133186871606,0.17404213000937951,0.22019818328913998,0.33680639087119024,0.5213943111196437,0.19650036370233814,0.37110744299886433,0.40258415601448805,0.02671762479587514,0.19535296671793256,1.8753856171623453,0.06760168958550627,0.6476203920226882,0.30205077211452713,0.9807390963235165,0.2760507227633593,0.5969824899881186,0.29010939104289424,0.5646820643173951,0.4089516622228797,0.5422248095147817,2.060292840036861,1.1653189326805085,0.12812756051535734,0.4102514590407731,0.9153538133760779,0.5000143769866263,1.928216567572377,0.03907031473242717,0.15372830644790092,1.8317929412144274,0.549217049281405
0.38601179822767984,1.7619152590652707,1.5403354259123665,1.0324107345483742,0.014260668689489275,0.21010075215117152,3.0564273376588886,0.3964003961811722,0.03314876186248772,0.09328617222671443,0.09545491558506192,0.6161247042748244,0.2648074759154515,1.4828563481314019,0.5009267653922991,0.024847592189941148,1.5853329900577595,0.42223561770230855,2.6633232417653145,0.15547034592841058,1.7318426567344671,0.43375958072450005,0.06464807753625723,0.283698463635613,0.2999494416771138,0.018849651103101106,1.755278101518937,0.03493469867878041,0.19124860491504703,1.1894174743237067,0.13210918350508694,0.33306137500131294,1.6418208019757237,0.3465075903035304,1.2947554546714475,1.061492259521387,1.2298408586884406,0.028409404340127953,1.0807542632163596,0.08966330850310245,0.09738350820086006,0.36258725666335856,2.3257128747145512,0.8448981240364057,0.10055592897193577,0.9435064652439813,0.43981094737923,0.24574265640880144,0.31715050163930747,0.035482491177231346,0.24407817395440645,0.22119867210528654,0.057656780331576396,0.07130209794218967,0.418221432041187,0.25255419284078995,1.5682974063838389,0.39834774389739547,0.3880222456769795,0.0843655930208782,0.6147062863818991,0.4785476644946747,1.110567431699507,0.6088282631840092,0.48626217126491067,0.02892305176097576,1.1644870791517823,0.05606628452179585,0.4296224036481102,0.15937184687198314,0.7002380425842545,4.824548295690756,0.052325982414335837,0.009343532909424024,0.42180929482786134,0.6790432107484028,0.03442468837238066,0.12261966849638961,0.09644952249767336,0.14495114667110176,0.4860808702759636,0.10153850618053739,0.505416280821541,0.1606305270267132,0.6538204332657926,3.223091697423089,0.6413069273677532,0.21704877542359213,0.08461796695913093,0.30776961878240394,0.39607737619196337,0.5631719234054102,3.798381210250696,0.3917385728302385,0.12339049690571713,0.4294957144623146,0.8449351795242697,0.16913246457080278,0.23590168338511464,0.0416608617870986
0.4515187493928241,0.007849098277119548,0.21800638519750315,0.7422884816082651,0.9182793510447382,0.04683966414740581,1.4474321646527812,0.02582105936125889,0.2229013077898685,0.7517371061305909,0.0024776823761383238,0.3131954578850846,0.668834214507934,1.4613499218776642,0.15956753469920715,1.0873071809075463,2.5343562631931142,0.5247075539678427,1.0317870266278768,0.10990883119674466,2.2449380769999303,1.5373805345340625,1.0848903455705252,0.3045048363409548,0.771191113857767,3.1608496770716696,0.08001204373538173,0.08638786875845184,0.3305137359515362,0.14557537034971335,0.3017708563900279,0.10964403839197456,0.6062283131846793,0.11115799823074957,0.6737579411900554,0.4870398096813824,0.6523945482956623,2.719833890374358,0.08273315698236394,0.4924211961989968,0.2665790740352023,0.47423555894856495,1.4706849696952395,0.15142986696296457,0.04092031609171065,1.2328585791605828,0.4971687867083887,0.3376144685014475,0.07772166118875057,0.8725900671826143,0.8481073273558712,1.6465264867363598,0.36503036985436,0.2356010002183293,0.058287429913929545,0.7724048268401682,0.816335779957593,0.055107066207986666,0.39443494078108277,0.957754232527269,0.9160983524530897,0.2301710299701918,0.1632613648834369,0.0002541530660356006,0.08816774990753684,1.1305709650670237,0.11468119864317461,0.057492891929342704,0.4299624825649109,0.1870163785891057,0.08426191923053183,0.7530625916517586,1.321416484402116,0.33493990299553134,0.03649908708673477,0.5001427415277961,0.7237621887398475,0.7647109613322611,0.019781645808547355,0.1516783920895246,0.2677019332759669,3.3224518315481095,0.9977658368843549,1.1771794048163113,0.18261861321715434,0.501246890094303,0.2343932377982938,0.013750709193015576,0.1853713677889186,0.4322039875907233,0.5302343877546345,0.47912344183999656,0.7738632865130011,0.32175291832318087,0.007881232085570788,0.10633669014195335,0.04139026676778368,0.2944178454512121,0.01734000242967837,0.354146580759636
0.15843070488733724,0.011699596286229186,6.51155914494647,1.5955106880212058,0.08857392689953136,0.11293254793944763,1.1196932272911848,0.4363210258701291,0.9818470047210914,0.6950609396687224,0.18447129980813948,1.6072427181281528,1.2008817367655342,0.06096012077571955,0.7381886531761774,0.46580594221463767,0.28966440386040926,1.0362655008310546,0.14135073237151263,0.21486711247042356,0.03833772428994342,0.013029352209902756,1.041553930031958,0.647931785649448,1.2798101224037972,1.5206127081786573,0.22062837580260508,0.1791996890150196,0.6729394299794909,0.13181611771548285,0.15857941021979127,2.797687358952925,0.5167693445931487,25.310490292067914,0.14173643924320012,0.10628590946046779,0.07566515325215817,0.5340352144914051,0.01724834884930071,0.26846428623494023,1.3690130818781845,0.08426216508824713,0.26057534332490584,0.4364313605425172,0.5248494302022173,1.952618041726704,0.2391699396580107,0.20859437480248633,1.264871811792187,0.7225511534610991,0.14291868339277736,0.3987873515002087,0.9679583269577456,0.006145136218123959,0.20953329325328296,0.6625800868232594,4.26881596130799,0.6320890642427264,0.02326669113305324,1.429780757268703,0.9384051063681869,0.03390484353381762,1.009227845504158,1.0704224471197556,0.20139049758510952,0.05605402211498833,0.029807344477369435,0.18602460205829452,1.4347616457895698,0.12323781126053213,2.182394949041407,0.40050356104251583,2.1449823573741127,0.33867532099887376,0.23909100039394482,0.1395270276308802,0.22091483232856168,1.406468896963505,0.8045179849849573,0.10732005211800244,2.120695473563599,0.3245280051922581,0.6481251990969776,0.08829471713408732,0.5972220661316159,1.3977928256545953,0.44421273639571424,0.4441935797712464,3.2046860808117446,0.3615733066640925,0.43368119085927526,0.3751689962339302,0.15122903297429557,0.21577744722762926,0.08043078149310534,0.8978900627331072,0.09154590523902728,1.5196571460633779,0.4544314212996461,0.19036870830120978
0.2526303007046633,0.2957734352968193,0.1462747852046984,0.5079630970906328,0.051120898739321685,0.09838714432060702,1.5019007205871384,0.558087215862936,1.21764093605842,0.2388319864559032,0.2536388967908858,0.7955752431162726,0.08372530419679114,1.7367682833203215,0.542878996117014,1.4351106299564265,0.07068117796759332,0.786287756628262,2.3208093398899057,1.1619355847181665,0.07151763815978263,0.9679277941280142,2.2581993829086775,0.1850989824394531,0.3009409013292881,0.15097544623416792,0.7984404349015393,0.7155840207259048,0.626332905358832,0.4534942561343813,0.016974038131700286,0.6059673313074116,0.8484438092962505,0.2572469033828033,0.21634044964682686,0.4560125368372234,0.053869686700343644,0.9009464261730149,0.42708773141010137,0.2512328789637821,0.6654700110509473,0.4853513694226035,1.6556586713335046,1.0252187670118582,0.5704797760183169,0.03690162261740859,0.016782872733744014,0.24751024025061996,1.6597833093064747,1.3906694620118873,0.9102218240658038,0.02708946156713843,0.051859406455625034,0.03710904516783531,0.1980233158267133,0.7929124299310022,0.07730133822044105,0.4754692878392841,2.1759063848199705,0.84082603480067,2.238457372483633,0.13134498553415086,0.13026148532649207,0.38953558697701385,0.07168538570812455,0.051670885381928544,0.08873278897844061,0.23952182440479186,0.048479955526119056,0.7610588223799071,0.3021299870133718,0.4599888510333263,0.23885491099601208,0.5880618001308717,0.07036480669168399,0.23073314829470104,0.8187136950666374,1.4651845139968067,0.19529114474834786,1.3817509106882215,0.846651697955894,0.6529284099733321,0.08082176542410613,0.7245758593920757,1.5155683527555381,0.12958256452159955,0.20178409935404273,0.18856859663453918,0.21563176137394624,0.3996932554400694,0.24004008829199153,0.20114432945159333,1.583204627775177,1.0752436978473217,0.017736002470101653,0.35851297406416616,1.2352588254529002,0.22179004816892278,0.1384244798362695,0.10310959573798018
1.8517864912394977,1.153513229998317,0.5990912913355191,0.17502948509847172,1.0003239530522965,0.05103967056760905,1.2446883334639467,0.1986261371976097,0.04260132578150455,4.602138962222091,0.3235771972660142,0.8902466909076969,0.33211873909862466,0.008884653290982314,3.0366879930791777,0.23010631602825504,0.17515272426741624,0.6593897164971481,0.16781256581652437,0.3463157159646877,0.10507506240289333,0.22748571092518532,1.067416371732142,1.5280306354800337,0.34134079451523314,0.046554697931523226,0.027107914505760222,0.3972845980521802,0.8115217573012599,3.940221526302034,0.12693715106708336,0.10300297555110993,0.11337565624369716,0.28727159323499496,3.1762804841954653,1.7814035828478825,0.33487701029940853,0.2595885794363122,0.6809647286600025,0.6930163690280233,0.33708545951372426,1.054489414904317,1.057749028987601,0.15372546876796722,0.29175904672524666,1.01840136741848,0.7720153717981353,0.3341967484886852,0.048330018231396155,0.5787650100577448,1.0054489784240377,0.003023485827936545,0.44622819933012803,0.4253287977160001,0.4663385751268103,0.6683146825015414,0.43546229632253897,0.12310401769745138,0.08876799068086094,1.0594261817097639,0.039814273177746884,0.7206203812522487,0.2534236942434258,0.05170710660475897,0.1945772624292117,0.07885753287126684,0.31776548561633344,0.01725500528149193,0.2238620475268953,0.25171114190665467,0.4414099386257979,0.6857297736966381,0.6728756224922428,0.8260622728508416,0.6990005645339354,0.21692916583570132,0.37343833944435034,0.28745151595517027,0.13728028794273817,0.3769111430570382,0.21814540219428435,2.9425801039293162,0.12726256087504328,0.060235168181846266,0.20416898219245172,0.2421781441166977,0.7242826944057561,0.5781614883513984,1.1616547465804028,0.12792623360892152,0.06563391436976906,0.9116965065941613,0.396679855915663,0.0007718297438854549,0.02747952091130479,1.0782096755256045,1.3065513027456324,0.6967838255328374,0.2347995817595001,0.016869443759115477
0.027453195103619432,0.0633227653080708,0.09860881010053824,1.2656564735573492,0.44983139004064165,0.34141921165538935,0.2302815756808445,0.3209059758845305,0.4690905260839908,1.4027058626989053,0.25619300352201746,0.5796951291252603,0.41796920008337834,0.8678145518403912,0.18931069074531348,0.13334043298358478,0.23758586604900112,3.9176384425119144,0.2022086465273909,0.2710487218964728,0.0906460543792329,0.23447304309816097,0.5764911642003234,0.11020233168025317,2.0443157896137576,0.2970052572972173,0.33416966142944315,0.025264922977403126,0.5234855441312405,0.41757577214168196,0.13745664927932055,0.340607569795643,0.08543175565803995,0.11358022757192177,0.4841058009065031,0.9807584403621599,2.451344582618036,2.6565809386951167,0.4231620244372223,0.09364995702972423,0.3418190747406138,1.664950409454589,0.294033477555659,0.03503229755336812,0.3576305229475838,0.09238215647781356,0.03607124218328628,2.2252073934409142,1.1438812900557744,0.24473414585864162,0.7495144924527648,0.2858438481063901,0.8529205021066177,0.11742813900881077,0.4467864746223045,0.009053634167990321,0.043037515366829204,0.14620630884821817,0.4522443289563669,0.609881241494499,0.09467361915297134,0.20436417674410645,1.894879539562556,0.300228152767122,0.7624375555917986,2.0032956171184253,0.01897110957568393,0.13271450230374904,0.12145628168881561,0.315785219432243,0.23527549182025398,1.9795623937439135,0.6870327269640304,0.2037947792504069,3.0136064135466007,2.195177433776845,0.09702258519565277,1.830010867411715,2.5988666576585024,0.32698385665403173,0.023862380059971544,2.173638959087116,0.2717494254202144,0.14522176605587966,0.7384971924304844,0.7709375695535949,0.19473039005706028,2.874601481135834,0.06793756265511242,0.4538174998128308,0.7362865780069592,0.4419893639038954,0.07800589218138021,0.37036021497951666,0.13043263538092886,0.11444242567909413,0.2814630046895903,0.21149998128243008,0.31736772295107074,0.9349910918372344
0.07954047912167495,0.3349223253324818,0.09743123433934509,0.4540891476661657,0.07511812925494832,0.17619424488641489,0.006836145310250785,0.8963329273381158,0.6111663388615773,8.436443802184192,0.23134652002556755,2.027311167017952,0.4434120143100633,0.1674041069000447,0.17698033747614672,2.366502964221544,0.30150858723747986,0.48678244791908964,0.17019260871498454,0.446814431500119,2.4122404786745055,0.4738734847989394,0.2290680422185314,3.0818977524704616,0.4334254733533587,0.4159400458231981,0.2553175255639908,0.35507627802957353,2.8261376198424264,0.05290891129475783,0.6518008489521323,0.07615519970508422,1.2204949228794062,0.9952407375914296,0.6862483749294865,0.08507957637264418,0.06404551199702713,0.9125143055368987,0.21723427284054497,16.747734268494614,0.2374188509611026,0.0965875185361067,0.6755677687152832,0.19006723223572308,1.1708014348024642,1.9378388535097768,0.7366246649459212,0.3845673725748624,0.14077061686397707,1.727863674796208,0.22716358524505398,0.2461087418215726,0.107261705193481,0.5888578982074932,0.2397532924811574,3.2973351818617775,4.0325662898324985,0.09372721769593939,0.30523682266011254,0.972784114602357,2.105827407937288,0.5696135068344088,0.3209645032215933,0.21892419729312085,0.2254839618677671,0.3459024649155824,0.015546203573789663,0.002995233445948209,0.04825195337179844,0.726661245697743,0.2620986141303916,0.029073171780606977,0.022619403907787383,2.1281104182229993,1.044354682519045,0.019988039971103655,0.05429940533527344,0.37582801339403216,0.22127529969340531,5.600879478919932,1.0149696727958308,3.2670975652147582,0.2301906652011616,0.7960579652030422,1.252650257795997,0.0312712878230057,2.7024037654822695,0.009899627991334814,5.22554068884532,0.14006474878234743,0.6500515193067484,1.3925103700107866,1.1811247616352323,0.22564312793525065,0.7499525434723195,0.0031409577170260494,0.7391839003837002,0.10247305597828116,0.03506252421589107,0.05787128470259306
1.7355132537610483,0.2757815293547976,1.0539260541922135,0.6945589711526006,1.2466756132113606,0.3452193941348751,5.74910336569638,0.7361460485526083,0.11525788314261676,0.4151694735445115,3.208009642971847,0.17582059561234553,0.07268468994049027,0.3538016547306624,0.928381665258341,1.7307910051933164,0.5681083471965451,0.0028644797643933018,0.28899198502052026,0.9493737002968408,0.14075645080670562,0.47913726146416247,0.3476677311646894,2.1207324345586667,0.32323772236526693,0.4439841874846593,2.5395429871130175,0.4829346796448435,0.21820377412392933,1.3892935697348214,0.20012774958238833,1.8422029517909833,1.7227969609719818,0.3127073089044141,3.6632619932604396,0.043532191815739196,0.3539684220387376,0.1772801020004191,0.7466314385319268,0.4115279804197918,0.5828525161852751,1.3265401779476695,0.082430002565691,1.5377108296167967,0.19687843026563812,0.09469863638050446,1.1853149132322578,0.27714753857466357,0.3993540212117921,0.5171838932234589,0.3177125405537642,0.3303639823806459,2.151723468885953,0.2991801171705706,1.3928390049395514,0.31098915083103185,0.11103454497314225,1.628250507982938,1.0322431589132037,1.4030427279035296,0.829135619890645,1.8322475440593964,2.196404983285129,0.18278917121545502,1.0948448340191104,0.18349737529585708,0.3638643213923498,0.09657088072327746,0.16874561391932485,0.5791395455517994,0.22633927854139024,0.02927478958373464,0.08053296689654976,0.3034125182226164,0.23805498117944257,0.9402430331230758,2.125919446159676,0.20882648818545735,0.2665929161802094,0.018121588475451977,0.2868440083691437,1.2150014856177762,0.17562754849880546,0.04130137082534269,0.2844478208809029,0.15045991897242095,3.4520481389364033,0.6657005199995949,0.10878612438104929,0.46483149016238845,1.3454790405469916,1.1594331421276016,0.3849321725393493,0.0754749698139674,0.1377219784119852,0.15402133770566562,0.11415623274943099,0.31027920750455373,0.33923786286617874,0.08493629388538015
0.08971454732165451,0.8109256125585267,2.0988772533473763,0.31763398852902514,0.25502359578811373,0.036543205621417885,0.9122465486447424,0.0887354255361037,0.014856580329022151,0.11541892957615096,1.997616546613918,0.14419902767493986,0.011476166193191029,0.7778803760032558,0.07774247455437777,0.03014370865373639,0.5691399910290023,0.5173855406326884,0.03381988474170061,0.16557160546760374,0.2266063853565492,0.049755537181475074,0.09387846437109482,0.20248439746198432,3.649582666439148,1.9462520885245524,0.4098559321677313,0.06430710891007663,0.0005422164396575724,0.8169196994553822,0.11158830685269239,0.31890440136348785,0.07905486000850903,0.5753685121343959,0.5976071919417323,3.0095663169634674,0.8591477135926284,0.057666666536130506,2.182536086978012,0.0891977038024534,0.09497629722299794,1.4746474674664323,0.394160933772276,0.31559847676676567,1.378311596239553,0.08557966410927031,0.11637178303304485,0.02154518375754355,0.47841031109155274,0.021163668282746073,0.42148715271769777,0.27647190565453506,0.41828132928670647,0.032791560307542156,0.564690953019721,1.6237690725430718,2.4485412730500786,0.1813237170432831,0.22825006149124527,0.3834151117079736,0.26448651772116283,0.4740810930673929,0.22930851619341364,0.31058048357395074,2.128520023894362,0.02500009643127621,0.44085719189478145,0.24233553689109244,1.035102551265917,0.2527920242854842,0.32448604381902757,0.10520652142877096,1.5686167258735328,0.44886883551309165,0.6059135912042619,0.29294322408671936,0.5943288991233922,0.8564567466053574,0.5038785498859215,0.2967680933574728,0.3203149828152121,0.6898952528703772,0.31042838473745693,1.8173561435177508,0.07538553536279524,0.43525432281560894,0.13525527325337205,0.6259295455713012,3.1152385684901738,1.1277526741920676,0.513758103900039,2.470918919693735,0.03653201166539932,0.717562342235144,0.11729868142708955,0.0918085250836338,1.6830094096569592,0.12910589101019787,0.1595544857036817,0.08334180808824843
0.08681659842244294,0.11023747602463652,1.6570376188665525,1.0331834112244098,0.2249582689501335,0.47191968978048204,0.1177234981697981,0.12540965311517738,0.0091412468619132,0.153066824969891,0.24082236120050182,0.47052550717017705,0.6089436419770757,0.5730636613256148,0.7616432788647998,1.375385117300564,0.4059435358559882,0.8562568855229771,1.0892188830462857,1.044338174431147,0.03143069266501208,0.5478520755126999,0.6269910596481345,0.5997425168252777,0.030332596800602518,0.6257715156564094,1.5868559505531357,0.03990660930239609,0.07292171541688486,0.12596496532986579,0.005677410797241711,0.033955889255825156,0.3900364283971707,0.08677677373922799,0.2486548387302372,0.8143935301309908,0.0364056359077658,0.3070302810966372,0.4431983610209618,0.038353038332284095,0.1957738247326406,0.8696680315322944,0.024251212525415733,0.485010103084194,1.4575322820432026,0.3445942405452431,0.9155911758379582,0.07307035274380391,1.6644128470995407,1.7005142494690428,0.06145288982198727,0.49247898096822795,0.5443167355592222,0.3877686958086277,1.0334538727130584,0.08147138158644873,0.30514537179493395,1.8586011432443166,0.7657851285856963,1.1700012566983138,0.06691955553070805,2.7850796902715027,0.04063059854287743,0.560315142175944,0.17302095514528681,0.05544712165037158,0.18145816214645105,0.8415011715014276,0.1234744562747303,0.01024762812637614,1.3468469918528183,0.2885116979494682,0.10075439451565393,0.4797483752258864,12.42269228641746,0.7791259511512625,0.4971895533804189,0.1507372641330258,0.24328328079279293,0.1104966240300358,0.46939809620156225,0.10746445194002852,0.37743656000073633,0.18362202509177128,0.01756195744768907,0.6868366962472172,1.1255016569764935,0.4785216693243026,0.022408587831468596,0.0012823308233538278,0.01988211933736128,0.7982249298725439,0.24056635799673964,0.14538609759151222,0.5530242677483956,0.7323323376701374,0.5863739471627669,0.02383890035990599,0.7186648812229601,4.5305166836278215
0.46493826917572134,0.4798415395011111,1.1822673113134163,0.5328917802369684,0.5819961497984476,0.5438400979066429,0.8207649413964844,0.44426137183584347,0.21331810974313936,0.9773011340899693,2.4330006528712387,0.2064684170656399,0.5254768823963605,0.1940446049054605,0.902168596961445,2.1395568942305996,0.1192761728396532,1.9681046095546875,0.03786235518550085,0.13297041991266267,0.5379773751397481,0.08745787291156093,1.187400125878069,0.34782438769393154,0.5282849269342227,0.5164276741039393,0.041218940296267936,0.26673013968277703,0.019742073833518115,0.5406162098086627,0.24877474786059062,0.07368801293568472,0.08407392915807255,0.062059274507615836,0.23362760504459268,1.146304392589054,0.2550613030781186,0.41561381130058694,0.08458483697742647,0.8388090969572275,0.6404355897014642,1.1032274854159185,0.2586867176155636,0.01851217806594807,0.36608784087757074,1.331272739469627,1.878228613350836,0.8502679504167974,0.07752131307161925,1.4547740411445558,0.22257775934438295,1.7304144103080703,0.20848751806432708,0.547079574775758,0.4443788330610938,0.21180070242581817,0.9855766412048079,0.009918694378961534,0.9102639279814273,0.9707965701603201,1.2020045844485887,0.2006210566136839,0.8699031776279185,0.39732752157504314,0.5258351855251504,0.09549678952003338,0.00740365798188547,12.118709003286801,1.898976735951433,1.638156973216296,1.249196109423551,0.20546020832652623,0.8538755877359063,1.48315716018833,0.018261581562401652,0.1723073101273762,0.5105679568409793,0.25447323113319875,1.1393295031415205,0.2742616948591261,0.5994222483769114,0.09172472494525885,1.8494974739826087,0.19326859305506838,0.795702326482191,0.2825755824123235,0.04750582094853861,0.7593173053050393,0.4531465919859212,1.3746089460964868,0.2598057031055738,0.06688318106656843,0.3374270337626648,0.2650486182593761,0.43350056646614643,0.3539957308847317,1.3344013381837248,0.1104913477059597,0.13716574223887723,0.13546762627261222
5.0980571100585,1.9921646798260095,0.4631303683260546,1.616601503429893,0.01649826966352186,0.13637714317339467,0.21793481918893542,0.24007607804506192,0.06107605758779,0.2154727118108415,0.04042709343887707,0.025613761362659027,0.6883455633951954,1.0951604450495926,1.3392856548577878,0.3001294565021433,0.2170126723932837,0.24182390550960564,0.32727769421883957,1.2680015100097344,0.14391749264842213,0.16410387797296422,0.6809914279874882,0.4650484001883739,0.011317434666500592,0.0396114675322885,0.4258259283642811,0.9134463818164216,0.07435484832820127,0.11695256421212497,0.8977319835625808,0.3492055603384625,0.013498327005348365,0.43010641155213447,0.0530185064911366,1.7248565140790162,0.3963588594389724,0.3906870151324362,0.3775358588035025,0.1207510862098653,0.7446220942253912,0.29030400599303485,0.5373615378702803,0.1263892710401895,0.00735223291034548,0.040707068079317565,0.4254924961276263,2.990375661195148,0.008686250602551349,0.8523988310469519,0.08063977924756771,0.8465687702719167,0.9090902807268044,0.42565113315684755,0.23205779112689062,3.878553866016511,2.8362832322110214,0.2421000347642288,0.0816580219462999,0.09868528995176185,0.17565387907893526,1.480871410207952,0.1320456697084058,0.15484510511976457,0.14153726276564327,0.0934827072554123,0.30680039331006426,0.1014775308354201,0.6693664566840658,0.05424796767541995,0.1958845257556141,0.02350843529125024,0.4764760604467586,0.6709134512424888,0.1521882453481902,0.046369773407290316,0.2144241620979539,1.0025237981618376,0.2947278503316,0.0798375380811851,0.5036290404378592,0.2080974772329962,0.1677759562371175,0.12316310583656165,0.3793534211738747,1.4004327258104103,0.13763805816089447,0.22602038034433813,0.08934739950678372,0.29226137540815866,0.04916030168045049,0.21864809125640416,0.15139076745061875,0.16043909221881814,0.3615621601414605,0.22571937031696931,0.24144502596267814,0.03821076971677373,2.5063652075400915,0.09376242822468384
0.29373458642829053,0.024977652569336817,0.05359180395508534,0.2060160960223698,0.1948431587702395,0.4419723623259002,0.13110576576446764,0.8286710172462783,0.44509603347214477,0.11096260564550753,0.005584416843241291,3.14322818743897,0.11596998916355683,0.5826202362679882,0.6635795964890245,1.6393195010153838,0.26105359465947164,0.02331332197538072,0.03180428513068567,1.1804639928303526,0.13010010443882147,0.33283141604593025,2.924844750963324,0.08596089626583736,0.29575456497272135,0.38182900932533714,0.668487502623049,0.08170063517022164,0.11090348638075809,0.27224922728186196,0.5359932923427302,0.09983167081286282,0.3519560143351057,0.08895104604905413,0.04736530939179984,0.3145858893624085,0.051781149563519424,2.4077929215615375,0.8292784444283807,0.7961733685485255,1.570346525610606,3.680288853774724,0.5362426158058742,0.9500115900898283,2.038611300785863,0.027219673703198666,0.274226530561144,0.2340837041831676,0.48423267063123054,2.1400272906161835,0.15111096535590396,0.3875195751612084,0.4872431822943084,0.13655830981656303,0.23096591207468786,1.470657932511422,0.12215561254202867,1.782177504300968,0.6256789411595036,0.15863050936371104,1.1830039924527052,3.2142844030337674,0.8225851754786746,0.7489751483529961,0.44167745006389825,0.03724176769802168,1.9773060234089872,0.6908461712820226,0.04468498578044411,1.234248964654884,0.054042660459098224,0.48683905778179115,0.7227516751771201,0.20893508522265192,0.03650006813746853,1.0344053432825162,0.04805986661049788,0.34149415855457854,0.2357402301201652,0.06989355806617947,0.15448134688432313,1.7262984465302131,0.024878656587942194,1.4396664288853165,0.08772497510536126,0.4648422552318303,0.1422758109179605,0.05874384391467946,0.5695771069763997,0.5064107263531881,0.4841339359116872,0.8357819349253242,0.1630323799984741,0.5051841368593126,0.5705666861438323,0.035457494084077945,0.017909501201905043,0.0213528761628059,0.8035383946921602,3.543357472976302
0.37893370646967783,1.55562880014556,0.1961143246846433,1.26340550600065,0.036195086903055174,0.17097706424744974,0.4374496955867857,0.047529563370960926,0.13321884855173227,2.0298617979449647,0.1908434750970458,1.7645692750476014,0.19621257877517229,1.2411993765661702,0.08270216801647168,0.2940619981301773,0.606156292036035,0.0607243639210826,0.5879186224220305,0.47486926901715765,4.167854108306656,0.6136917892540517,3.8128528451464874,0.8226367375864136,0.1858209132640305,0.41908508311397097,0.07380907170289763,0.06176116941517851,0.14787229655736356,0.12469108671001528,1.692991088249098,0.7157596444656802,0.49166868296983535,0.3700249048578561,0.22919182936681604,1.4618082564756825,0.5907071307174805,0.6743662645372523,0.10050973487951165,0.7398681524552613,0.17135072751968505,0.733451256532943,0.22280348094308589,0.7163582302309528,0.06772150818661671,0.87685153778102,0.41712131010174436,3.144080275668249,0.5401757307306729,0.2475627902666815,1.7317642199488996,0.38534522776959235,1.9608320943326798,0.012383767038087079,0.10621013448315186,1.002577261508832,1.0865370829862298,0.7299875365215214,0.2834681396825216,1.4895144113195862,0.42508455331491923,0.37347679228970554,0.4524261820554354,6.034448077769919,0.05677371249694696,0.03715812722322265,0.33371389020604525,0.20793514775719446,0.11510058460739159,0.8232347329908434,0.2965068329734428,1.2378297207466367,0.07253570229666306,0.7030133089546975,0.5555679669473752,0.048931172676497825,1.497419410839922,0.06160951009415516,0.4467194737180191,0.14476938043774457,0.08890422846805346,0.13133265706338038,0.17747238479725969,0.5590971909519089,0.005206001978178998,0.5809003635273966,0.5279747321709849,0.0019145250372698541,1.7124318504849527,0.1377465030132059,0.10387822751159148,0.06502345905621265,0.06254969779562547,0.004754712987570908,0.2117139536200321,0.1100100793643255,7.732631327250811,0.7920084701486962,0.05695225518224434,0.5357508512686915
1.1410865545316273,0.10725458241163643,0.15425902274324743,0.9652146653637128,0.7828448761895763,0.07689411089576415,0.004671840161838636,0.18681372531023976,0.19651130741533862,0.1987717294893827,0.09318021026146073,0.00456498596534427,0.44391453426969374,0.21942466315044373,0.1948255633997762,0.025950089750711447,0.0685653068369314,1.8209864741665496,0.29705158988309655,0.21138029859470042,0.017252964662799464,0.850454873522263,0.6793676571358751,0.3640310175182102,0.2813642753621062,0.5405833354403686,1.270130870324254,1.2166548804202666,0.010861036923208278,0.4842286090894974,0.44894952965933865,0.2728378921848653,0.31692571862353724,21.283062260892805,0.26652633013206284,0.06275306458790553,0.7925028429127212,0.3126720497746831,0.2901948555717906,11.128939688681271,1.2998219776874365,0.1382165347415163,0.04094358534659226,0.05242029925390579,0.3849845389969746,1.215927380412254,1.0378130026970611,0.1888205483059513,3.3129710263692056,1.244772881611948,0.02552234099663009,4.862627118444192,0.3342198665885401,0.2661358704754988,1.179835660517481,0.1607202246079349,1.6048613873990538,0.02753872801355861,2.850873516283402,0.24537132332689948,0.3975502612791608,0.2171791706562367,3.9382417769521867,3.349677894762433,0.4932265950886403,0.1662756978287685,0.3003027974663637,1.278694622809828,0.015249260982100665,1.1841214926384187,0.0023630929232545395,0.025347132264100125,1.0330558310040656,1.6398178106210577,1.2309587651700764,1.0777313051561324,2.0478400999643105,2.8142243970637066,2.155854514946121,0.059760599861226726,0.012443756510103654,0.10799217080196377,0.7290746423418777,0.019823967469312587,0.2736418815993791,0.14703933646440048,1.9734565487975537,0.24866033281982247,0.16644517121725877,17.152998315013054,2.4869857624911242,0.6340263299480684,0.7143570975743374,0.5897612485462849,0.006525788500821417,2.1456063292453997,0.8671214531309475,0.676065458180009,0.06770897181380198,0.6467351245255046
0.6790322221791067,0.038166480927912305,0.13367368441753769,0.22236627482017268,0.1496659965042204,0.642312063507666,4.105300383521453,0.2205033037585935,0.2016400585814233,0.03771612957968662,0.6988089959389705,1.4130270389881336,0.026170406263273716,0.05579277021632878,0.025307268334043398,0.4101425451571039,0.12778842839948878,2.6966877474950515,0.0004930156636768768,0.26181857654944096,0.09424706880122691,0.73678607126566,0.8148123362249662,0.04899556160460339,1.757785581400587,0.07922045745106132,1.506150185562929,0.13737746984670096,0.15485196025131365,0.17005421584692537,0.021538905175987555,0.4351717850832615,0.9373459901840622,0.28848035430230223,0.5922451608226711,0.19716217728659102,0.5582703381568739,0.7189753134132826,0.6160772910272383,0.04145353328315626,1.1286110447830962,0.013082205157032067,0.5610862981084985,1.109943365090575,0.6241464786480431,0.30398584771336923,0.517002806147344,2.7482555508565416,0.04684707422944312,2.2461740595357003,0.4204432965091014,2.444240656966094,0.5012545371115984,0.5973168255136563,1.235613338152385,0.7008405258773869,0.41724845222073825,0.34581033374581294,5.8432196679284845,11.8787210540483,0.49368976081440974,0.20674615763347481,0.2728540654679035,10.88614628920609,0.0858920871476303,0.41138628979488256,0.4268893004737322,0.19284529666685346,0.054890092016814274,1.6548046176186144,0.8210175664897028,0.37980290751703283,0.21907582466810638,1.1184257302854128,0.21713178045127735,0.3951072874613226,0.3151149369508879,0.005407450898931465,0.3942424398807649,2.6155719378326245,0.005734970414278395,0.4521411129248458,0.23253246444256215,1.9280813301834288,0.27628932508810644,0.18853489924340994,0.16544590654825542,1.0376382786361118,0.2509272384125478,0.5144798616341204,0.07618964367307934,0.1890077557638239,0.024153948907983835,0.260782332558281,0.2768778537035663,0.10556877684217891,0.08236644213442657,0.07514163154325226,0.21356849225550656,1.0822654172386823
10.048198555275453,0.18192913588421922,3.8278877435719068,1.4758136263644257,1.1974643289304177,1.1903991478941025,2.474396412395216,0.2774957933493938,2.2039625324856567,0.4382981886757089,0.5340594750326932,0.37326798929377536,0.10579513953746988,0.2241145122266075,0.8360286935528392,2.3045889621421205,0.15623392884487597,0.12199559064197607,0.2780490191623455,1.0730793138503407,0.3675162487628554,0.37624007957951,0.18814706365980483,1.0100228015089097,0.36267196800816515,3.0897001028862805,0.6364197720849432,0.05663549750638053,0.07252476439668487,0.08329968119496778,0.2824577099276764,0.5198332715704912,0.12096593045024995,0.011051695713989673,0.308018964895,0.19915714807235663,0.034066254528754,0.20423124475053878,0.03636425509243746,0.41575035006202543,0.004463150640893643,0.08749878477463313,0.039239696956983705,0.3909201498717183,0.04440572694406453,0.573225829628081,0.43493921133085367,0.5048149076005515,0.25580213678615404,0.97486033316897,0.28189050889813116,0.07718918120653573,0.45089178588226897,0.032004861619394864,0.05152950453067939,0.12746906025797333,0.6285613173780469,0.061065999682118344,0.6891411441203255,0.5983004582673772,0.2669783063731017,0.27124015499378795,1.661825330845419,0.3369945607312361,0.24297244615253355,0.4494091222721477,0.08137075514944958,0.1746649551239854,0.742432483638422,0.020805429970890854,0.0011567482597756307,4.675986189915092,5.904956285194387,0.02133021595666218,0.2433167374073264,0.6408499927815723,0.27183254841407756,0.13018002214333735,0.17517848562742078,0.059950665591852026,1.5991486301267757,0.1212919718106027,0.09837253310967631,2.209532335163243,3.7795500804858095,0.01813243198247494,0.2722496184981211,0.47476332595691484,0.020942102277543784,3.8018317071464365,1.1772953387673337,0.12411540928220766,0.1552762120038953,0.7239467077170623,0.2197844213749549,0.45792755026874343,0.5594126708290497,0.01825129700025574,0.012099284567127278,0.40998088414166034
0.5104359670838337,0.36385802536400513,0.07296658499833097,0.47806805568310096,0.26598908968939927,0.07518829959225193,0.9714715601499204,0.8815611900952449,1.3626278974059303,0.4153707713548298,3.927740376263838,0.35770435479363183,1.521227886210856,0.34530323795202444,0.6666550247579992,0.3938692187202566,0.37388502458405104,0.6314602415143975,0.21720444059603317,0.038080410742881154,0.43216499492718774,0.08449198532368385,0.02027180437896514,1.7430331715932819,0.46402524973711223,0.4467618240625968,0.37629341289511165,1.8000675078772939,0.03986722662892617,0.027077405030196733,0.266969052645341,2.617630740022307,2.005515518033979,0.5486256513182111,0.7574396180068965,0.015959766246059326,0.002860383142980094,1.0100900268587294,0.10452445441018376,0.680555220645614,0.624940999103323,0.8138988004818679,0.1230918480496348,0.13318642000250946,0.827884730977891,0.06204989095157054,0.2537449411906503,0.01276900641930978,0.7159059871685367,0.7705953051487526,0.6174073240281899,0.552408639889086,0.4550040862181277,1.9527831348533802,1.1679306943025347,0.6222447825168045,0.2900315763132204,0.06876201218938727,0.4342734661508305,0.020933167127743513,0.051968649106723275,0.6001295874948143,0.7495375960495978,0.019453820962116453,0.12462247248657321,0.15926672779066653,1.0266004471801753,0.39516205172468055,0.07563104881363159,0.2844820699345221,0.1057002655929562,0.022682748699344613,0.27987358110158467,0.030187665324963753,0.16346245508393342,0.14393196106932238,0.11436987518585706,1.0425123357978778,0.19925049924606308,0.3135310008158605,8.633429064064254,0.4572464002699208,0.2374592659230208,0.415459388724867,0.06764015517800104,0.034491228117008,0.23977058549831898,0.07188842429258746,0.4516930818274667,0.903947265429285,0.5038239819340757,0.4082346661864924,0.1088515317618235,1.2117931027327353,0.9012458018359022,1.112715794499437,2.546528733719836,0.010509252225971988,0.02207513382253201,0.4053327478890427
0.2669140700587991,0.21175579835663716,0.3170451937103025,0.22410496086480758,1.5633247685113725,1.591124845594464,0.024164189269648695,0.00814699599213875,0.5760332328928799,0.2694451312434589,0.8396355578408172,0.0829005065437054,0.0755268343247737,0.06993337081423134,0.36956304287152597,0.06725223573513595,0.8514653221071726,0.3215070297471565,1.9077173288977018,0.9580717528459386,0.7208261901814144,0.6341593107005397,1.3389749238219113,0.002696427754351527,0.18980304878325316,0.26385934619955886,0.6736230956813196,0.23407413341097016,0.4600559754366198,0.5440458312604846,1.2775054360830889,2.2509403618041586,0.43345581090745866,0.13913290649487164,0.047024393672638665,0.09435243645124336,1.0068591259179076,1.5317227952699106,0.7433623443527126,0.09751241935637278,0.8842186295988579,1.3667249839201916,1.0277926568257096,0.07625448042796945,0.5110529871806258,0.483805581730568,0.011449546113641018,0.03601823521619174,0.4233629873778679,0.21110650137494447,3.1760339889614846,0.17643191266355807,0.7241781906915354,0.19985249915164705,1.111559109367771,3.4156570102410466,0.2722989819792452,0.29054766756262285,0.18072367823083835,0.23686598910122014,0.4670164916579438,0.28537209386928586,0.07059354191066514,0.7626725447336207,0.9940433975007759,0.03701256147806786,0.014801890378821847,13.163629547210796,0.16235384135284647,0.026216823169630254,0.0734061905173522,0.1637139306102091,0.1808454496274723,0.6391686601034363,0.4338193002708477,0.6387958859835485,0.003682516423302973,1.2534883748783643,0.10037556884157373,0.9293320760952419,0.21220414420711098,0.5813090250119521,0.739212306579182,0.1787722714247595,0.09392465829245467,3.2288852260543903,0.23131061912629036,0.18127660826796999,0.49486239193156,1.478478066700481,0.173925063558239,0.04185751051348752,0.2954123108325817,0.3687964706361413,0.04200127376053575,0.16128117248206375,1.7009745954987947,0.7711920814971878,0.7358047468506916,15.032689379909396
0.1929784309313256,0.06379384993403847,2.105138960909117,0.15050550385562866,0.11473842022389924,0.4870085840231124,0.03441756500545612,0.07026785363305343,0.07707466778618333,0.29316593310408834,0.24397276428470116,0.09990615583741169,0.08109989759087854,0.4313300372044162,4.3287933993592125,0.28632863404974307,1.2450864182148988,0.49655061276353707,0.48777167094842966,0.0641633681122209,0.10738304152723965,4.117557418524459,0.6591857136899879,1.0440118587850873,5.253509312660732,0.6061180146858591,0.15715781322227707,0.26490092771718277,0.09768778856770699,0.48391280809710757,0.5919111360460492,0.22747114198069318,0.39169128864425695,2.415342913409845,0.17937170009561476,0.7632416207584012,0.3400789085271445,2.5885485114800075,0.177301173168245,0.9235301138993011,0.0017249586951084694,0.040610048985512126,0.2833865851716866,0.08521001760614388,0.6256466043936051,0.004733787776572296,0.07162836126669703,4.450952792253066,2.8142606186389543,0.1968650494995534,0.30553266385376654,0.10153617973622286,0.049372451802589756,0.20272127439384802,0.49381492571434427,0.20589792397646778,0.0784289617103946,1.472225620139299,0.14165004883822618,0.977991916571417,0.2687792428160569,0.8698183899270657,0.7186967222408691,0.6058994916799221,0.09110172253926452,0.5035903163807902,0.02551058123781602,0.2082319786018496,0.6507740331230993,0.18046780276805396,1.4558471454084798,0.28873603261957315,0.06944272126243667,4.637463899783619,0.060554704480195065,1.6372017996655024,0.690724482069536,0.6336636451919264,0.5359177329261939,1.2474782591220221,0.10977201459705799,0.20924569547513472,0.04365162552749635,0.07918848348981622,2.7924636360798947,0.4158063107194636,0.4525866237505807,0.6051226896569593,0.5195238100165462,0.13888215822838634,0.9766791924259142,0.6731573428014617,0.9543776181843342,1.4215436052302826,0.9357962363432324,1.020868874956958,2.397447683369704,0.27044227363627216,0.18811970213529539,0.663745857132187
5.711587501936566,0.325153371948542,0.027530078932467283,0.04070224186496474,0.5834622227119379,0.9059949031671595,0.575077582709574,0.41669407624854693,0.03542747798109347,0.11392936153385791,0.14583849423120943,0.15417137805791947,0.7422407722301678,0.6012511613074889,0.18240813217894702,0.05004585852338295,0.8033128396565714,0.02271299792125636,1.145292880480898,1.0851750441950676,0.24335049265648356,1.0893878466929556,3.2860283596835007,0.43952842053283936,3.951388324745351,0.07033765044187779,0.05233740188724978,3.4871313495563134,0.0376010423626556,0.09868056815244275,0.14381264071924016,1.67312975969636,0.29945175872529095,0.12273630944649616,1.766606832429066,0.31002326374320166,0.43634863496305787,0.015231350591994541,0.04350170394330699,0.3730557753347463,0.34452169156082535,0.5868005003181069,37.302745048283995,0.26533722911991475,0.07533890403114896,0.16913069971529615,0.3662494281401687,0.17157086684100453,0.041191212363240526,1.7026363155987059,0.3581031867159814,2.455294375669412,0.49483530917186913,0.19273177895283333,0.8155810688369496,0.338239887961306,0.6615713353808299,0.21766473371877715,0.32792657206120923,0.22173954554575093,0.30634678561256634,0.6649199958222805,0.554684914365408,3.406905231642412,3.2104559923695604,0.5907360676421656,0.02545025660940925,0.10334728246499947,0.5568537492442565,0.0681838322881958,26.54103136123618,0.08632755417333526,0.03210134587263802,0.48845527379407394,0.0949090479318131,0.09035457140037839,0.35220190929370143,0.5110431202034964,0.012914291709661407,3.090476044847766,0.24810977868712691,0.30130867382240645,0.6772771614120621,0.14070784000672054,0.04319721036838842,0.05803845258209961,0.6263688810065324,2.0983576055241118,1.903606784301331,0.5672619657616986,3.3460915524347055,0.2552514870342406,0.16690483410231716,0.06417541850748898,0.7155183946652304,0.18547255222748826,0.05194029840595671,0.27648449027436683,0.10405346786956704,0.7168367580383843
1.0511779402384125,0.0008888149505752452,0.8133934883262821,0.04309611881447273,2.5254280337351007,0.6714734561223523,1.0123840327076241,0.3364404827901548,0.21061455602420454,0.16473144998158684,0.024677171264023023,0.42356338578945163,1.5462724017415317,0.0011242062312080137,1.6154739587107185,0.46621028834474143,0.8213229606053802,3.2438393382711643,0.07029263551703901,1.737456148353513,0.1585694716636885,0.2777970925000648,0.0001355458918308461,0.02273934906291042,1.4422884588805647,0.28290882100013826,0.4178800172568411,0.7004429606683937,0.08976003571127511,0.0012153249735289418,0.6909474054288851,8.232080673171412,0.1110458871579385,2.23172890974767,0.019666358167264475,0.4840616872483836,1.8082523908631578,0.16016223468687096,0.8119174155763811,0.22527822982545342,2.7739902943128394,0.22164959055577005,0.8954802144344816,1.4791677854569083,0.14790499992750483,0.009452797509711397,0.5703717548698701,0.006147694205216325,0.07112872223033695,0.0899325613042321,0.056936614665789254,0.03985017149568937,0.2656864917667465,1.7187966422732206,2.0170422757739614,0.24833380412031048,0.08262510605139517,0.6515797093222981,0.3954378014601685,0.2279348161935102,0.48988823411732785,0.18647933517210924,4.244341006262975,0.22331835246179366,0.056662045156057106,0.6834647440764077,0.9817006178509549,0.6777978073986217,1.6864105289061304,0.4559334670650408,0.0711573047546501,0.4167327093934865,1.5284577499709626,0.2823009239385239,0.037509217943610285,1.1071233502061384,2.6847958797343967,1.1763615005231607,0.6575019126520838,0.4234916922217069,0.04852159184158977,0.3150095044905079,0.06542863173782898,1.4819128578663698,1.0920803421417342,0.17610047219640945,0.24683434855738562,1.3422974698235555,0.04313767060553775,0.2092291316284618,0.0701128376847795,0.48537763015451474,1.4530139437249905,0.01538228194469382,0.1934494690187969,0.4511757034315411,1.3096175912183248,0.029046659781570394,0.2209293922857718,0.04094350734816543
1.1063411813569153,0.004166518666348207,0.5050440417047164,0.948010482835772,0.24341221472136887,1.5458970155405112,0.024474874063897145,2.7266619689369254,0.444909843716941,0.3362092844319271,0.14271154223433746,0.3319478931265494,3.6583907711515513,0.4219354428289708,0.09113154954203062,0.5312548872774217,0.1272796073979705,0.3196443592976097,0.06049404207876563,0.3678308686343805,1.1859848201678829,0.3064419618308012,0.7279821920262661,0.2923265331265368,0.7081763900912983,0.7418859572513781,0.33167804970126435,1.8674367676610673,1.4108978069695293,0.0656876303961651,1.1684367452923743,1.5126508908046645,0.1557631097349399,0.00805155487176945,0.5933718731589426,0.5148767653410002,0.42778309448474827,0.08174857240056133,0.107048085721827,0.21638611555229215,2.8005408099352236,0.46987329229877406,0.2534010100231674,0.2206091893872857,0.1696278892423153,0.14763772379004014,0.08968288122025214,0.03602310136671072,0.5129435519928491,0.01908068030081811,1.8668225761974937,0.012104109547257158,0.2973659526203276,2.5297490676226,0.3351657010356113,0.04672952814211495,0.0912288684062541,0.11862761932161758,0.4088858031133027,0.2012980351234921,0.06886027389910043,1.0392327813562212,0.3041787397944469,8.32906826718222,0.26142819524983385,2.13579536250642,0.22103057027053752,1.6510127308424485,0.19336202039200456,0.5159159285794779,0.4413509174703656,1.2948880030938557,0.058244437710741837,0.4608476544311204,0.06960203184049574,0.4560572409432946,0.0198377356468451,0.8124071808986932,1.6882444775903114,0.17650124014541935,0.5402603226869231,0.05739983994398146,4.467744382862721,0.10572407817393237,1.1547780653300088,0.5486129745406587,1.042551897083357,0.5448042675224667,0.3191730520840532,1.095443606767554,1.2148388113276405,0.040472321612246676,1.40500234871361,1.5652848366944423,0.5362448110571558,0.15474589468323385,1.6245746949167286,1.0187798310760803,4.8292620512088975,0.05418380327037475
0.09855283479986343,1.1678145631128163,0.2143142658806796,0.2357884160640651,0.07762935291488526,0.0271392158713748,0.4341547340494285,0.02530034328384878,0.7529157603157126,3.7424883838870624,0.09145695647546415,0.1509218117456479,1.1965059889550664,0.061328851226619685,2.8532624226409125,0.6069814238242348,1.5590301895793717,0.9040397982077448,0.09179517157946604,0.8363795739867625,0.2139801678112092,2.8274304471280933,0.1454514221517651,0.26312440082137223,0.27492634301652275,2.4109567234299623,0.27344638126576015,0.17069154832738564,0.38783847592266474,0.17166359715511614,0.025897142698032338,0.02293821991156597,0.41878145602375527,4.296659808706396,0.4207489582910269,0.10845663530350458,0.1355961498790088,0.6125202695416718,0.048149494510589363,0.21883887680504976,0.7975867236670138,1.2735901915652637,0.051880717313753655,0.5805751223122315,0.07343566001041313,0.010042270596080982,0.6393074241264474,0.3883533747470138,0.5386889115527087,0.5601533234004485,0.23856043891396683,0.318460125040428,0.28084714632356045,1.62003183048922,0.9199668786830384,2.7110528220970673,0.35493435608505375,0.25166534439222565,1.0519383429051676,0.18969048816958867,0.12637161273413855,0.8528151622749045,0.4225877937889402,0.029978122273103036,0.8882352248015246,0.016228840306766967,0.5654013666913464,1.1607453231483422,0.21995133780256082,0.44130240928543407,1.1391772995763776,0.21918791009172822,1.517667491388624,0.3018817585157598,1.2410311580123605,0.11017883245674054,0.1956766362743214,4.509451111648656,0.5813059923719301,0.5560135106906396,0.11720422119602447,0.053246012877588234,0.2909466346990093,0.07285643707695044,0.11423244395419374,1.3392728219294847,0.4703771800806431,0.11310043645071954,0.16521979015188637,4.06783897176935,1.0663862608349022,0.28522265736918584,0.2557049492727883,0.05601729236684272,0.38426230762196,0.45228772092816505,0.09057399672779654,0.1618314769370428,1.7505908304999518,0.36085373996625125
0.30762834443982023,0.44085685946134734,2.3544451013943446,0.38001438932442544,0.4202227042535678,5.581335034417932,0.6856501428509567,0.16522765869840406,0.010627902411524115,4.493810504127172,1.2128854787858554,1.0402483892829992,0.7190014665672577,0.06917471891188165,0.15972322114436155,0.023907807019993843,0.023754386503667124,0.3716574736963989,2.492315843944576,0.10334873332205885,0.14062287524703354,0.030977792331756016,0.2910328306929977,0.09714145743134228,0.06059847433527721,0.29344068251868727,0.0953600267414576,0.4998605642748697,0.394368248815973,0.3798370137676137,0.7432536069413107,0.18799961215934835,0.8019658065568973,0.14899364448695795,0.027441643621324285,2.1113637566651438,0.2943946164130933,0.1368685502781739,0.5305858663225462,0.9123310534380911,1.169939234219283,0.27486143925662665,0.2760438123707112,0.06926364028079912,0.4375327616355804,2.4148086799382567,0.380359453354423,0.11941644598549761,0.3131217738745964,0.1959589446070431,0.01889983203464718,0.39639406638410524,0.05234233247248077,0.9651262912337766,3.0071628209130816,0.23708690171427027,0.3052878668789536,0.0547769692627007,1.237536968190712,0.09829104519800902,0.15868282807297907,0.519574974584285,0.7118139404328665,0.2132978350383723,0.05564776296729823,0.1081748994753966,0.036690212422967994,1.5151680920764066,0.044582061677491014,0.11628491933046159,0.20791529684178678,0.0038426264320841064,0.4154964037317803,0.1100901632310376,0.09019184904291278,1.1935865790225808,5.2224022096705,0.3079053606030928,1.230880341763255,0.4795519254211449,0.18061451964759145,0.07239938043603256,0.24120731107966487,0.18817049397758634,0.2155886306198247,0.03003928726670413,0.14782474271478074,1.4234539538964825,0.12896751919952987,0.11007140472509236,0.860566658925306,0.9497984002472635,1.1560142044757242,0.0907231800267485,0.10966091267403777,0.10849870828290586,0.706612734779803,0.2671618476881026,0.13629297760798265,0.7633446991680304
0.010037309652384252,0.21705606807983924,0.1942032400555449,1.1877345586930068,0.2788507215565772,1.5145735639628093,0.08077215734326737,0.9234451689314651,0.09877569661819674,0.04046169244544373,0.18701257118655912,0.2072915602760519,1.5730082232027733,0.22831386663007192,1.0412219059232926,1.2694059949579715,0.40192886964275387,1.3277844119292954,0.046581009705351395,0.9006493690346058,0.5175114701266119,0.4781046758203389,0.29840785163818206,0.2141640617140872,1.8371518993929703,0.5416819794175969,0.09610430109250956,0.31277657711720774,0.1481789884369744,1.5667272263386751,0.9919742075591689,0.05179755144592568,0.06819946154203427,0.9378025943078729,0.06329716207113778,0.06771356491104652,0.3342425410088994,0.3096389122735528,1.851585021458512,3.0850093893226713,0.1732648067748359,0.09443753483285877,0.06596040696002392,0.029118754722902374,0.035262201313052355,1.5420442040540276,0.6198835527926665,0.8403492580283165,0.7968076858966353,0.7663644137071375,0.388389268571266,0.050528301977465606,0.006438878950190796,0.14011140309165238,0.23251951043036523,3.0841443007416407,0.5773941348251252,0.06492819550935991,0.20895169803607083,0.09563130733130865,0.22857566430524656,0.09410940874623641,0.5026731367390374,0.7966626825720888,0.17836237480702954,0.44607277916968857,0.8689282879681424,0.015017662185149883,0.15597722244547763,0.12998736780454778,0.1364630409588956,0.5121508495905807,0.6031849778678866,0.1532393332917945,0.3324631353469123,0.116996138102893,0.5247078547204571,0.14702256108818879,0.0393916509924952,0.47388251865508346,1.3185053889265759,0.8499527094711972,0.46612976464097033,0.1688386089710956,1.8743945940799036,0.300869594312942,0.22382431772298128,2.0104015168024927,0.19496432683482312,0.7853777679054041,0.14704856042678593,0.712246269437544,0.16743356327740444,0.05780074445524375,1.7700052588131676,1.0525502138615126,0.6703821281957196,0.2887027824998045,0.03516961545608921,0.8395169808365754
0.3942800983108312,0.25136105184359536,0.09517069701173853,0.587811531882322,0.3588781520807367,0.019441610722442437,0.08757540088310178,3.1148214999610593,0.28516036172051273,1.8003363926910176,0.6494714576128369,0.10001927134150601,0.3531174092324545,0.04328104323516446,0.05314701658695453,1.9472592709342762,0.04107633161643265,0.5459779685356037,0.3327146318199887,0.6949493906946493,0.0506966511899154,0.0683178290395774,0.01592561920527613,0.3551904215055228,0.3936324303015355,0.2777358103414247,5.253561098759042,19.494258369553332,0.37113066799153693,0.10810525098186297,0.215279691094449,0.6501045839583453,0.3791852257275381,0.31393341080092463,0.15850986302304992,0.0013944884849679262,0.645023613094664,0.9524948517303045,0.32556826107184067,0.5903465272404544,0.30834857056872633,0.05377609456654775,0.6638216888246378,0.25890950915115885,0.13759628030730386,0.10530407116712848,0.3850195958030429,1.5548696976185439,0.19377611390310268,12.501677136721208,1.2474140190760057,2.5932162158372463,0.050384688555426216,0.798149471857238,0.2936343329429738,0.7397112349310386,0.37863117860948536,0.5850212553415439,0.3652864450971469,0.9878397676745825,0.045557484918117286,0.35903763176374914,0.5151475334673306,0.5147560010650698,0.2997206477994938,0.004392298542519102,0.19391339064060098,0.037088599768254404,1.2529800777519582,0.173516736666258,0.16148440295534927,1.5349039274806562,1.0442665953340957,0.16703287097733677,0.6859792996137795,1.5172779410218489,0.2072498057746306,0.0019161495223600777,0.7799793826649954,0.2109537777705044,0.4420020313241144,0.8869993355850585,0.07015184207199865,0.7961828068995405,0.5540179561749041,0.031362423410229656,3.228680715449401,1.8386989525138806,2.3648283531428005,0.8114713142852064,0.8967970552845983,0.3993642047778889,0.1389473327613726,0.08515445411589218,0.09578154537960692,0.329538323686849,0.6608652442133001,1.5326622217595292,0.18881501769974784,0.9449717343311286
0.03388725958615857,0.30322893150920827,0.7515729505976512,2.4560989377654248,0.32428139994612715,0.13486025755414266,2.2051285164788452,8.413665817465729,0.21382616951932354,0.2868401539418841,0.5743472232844895,0.2611246857468219,0.16154756716279106,0.44639315155943593,0.2570897459646524,0.15828245342544722,0.49084118166114954,0.18305139357710098,0.03510017426693368,0.05442130295086667,1.27465249405838,0.034663784776304274,1.29511671356192,0.4138801454674459,0.4314554923539984,0.38078250855878926,2.1209823535370127,0.3347174295918409,0.784325386374505,0.11129290434501127,2.7197708844249284,0.20562685596990193,0.013410197447961014,0.22288468439794284,0.04790831477553281,0.14229234878746588,0.2074072816222714,1.2870945129561675,0.11636070888253869,0.11396946890833193,9.23937999449992,15.61901900884589,0.049425229683248695,0.08124847445197791,0.8639813706920334,1.9528671632201693,0.274815439725439,0.21632013520806415,0.14932632823576042,0.11212804099118778,0.47499776575324604,0.04292784638854008,0.28219949596483884,0.16176310205546418,0.5872773616151756,0.11484219076245128,0.17897880623266516,0.005133692926333255,0.851118492299219,0.5153036306227072,0.07674985778999854,0.2996474990427125,0.2986605067412691,0.1053681581328898,0.8676674835750238,0.0228256053441116,0.1113122730469358,0.980553341933261,0.06703436877845914,0.07638613389803983,0.1847729349485605,0.985224437563488,0.40402093869226663,0.48835297912770637,0.09515218337907139,0.21213688175938228,0.10102110577193213,0.19009074082042088,0.8536921642079982,1.500040978619671,0.06498809823661111,0.276278130652549,0.1922337468974149,0.2345799624189695,1.2209477127411308,0.30950439229982174,0.4936077114548336,0.437769802358976,0.1345007310224855,0.20605642182925665,0.036445461513479716,0.09726935761357836,1.4231631604855681,1.7106574870538163,0.0667255238139306,1.955053807670022,0.44720051100811165,1.1788463356180232,0.003908885535935935,0.720207591247995
0.10007301083493303,0.12401364028056117,0.19215124063611255,0.3799878598635442,0.14383865307281551,0.39542806606859915,0.24962283699431542,0.16177453944566555,0.30542675498850547,0.30631192274383645,0.02695339446874878,0.70250310978454,0.7397303504682038,0.7877618125743169,3.344854303278633,0.9434138356259476,0.021286376397995133,0.3500602769186427,0.8556796830700846,0.35648225372801123,0.15286036436620254,0.15659530916078124,0.04107521795683877,0.07097253211096355,0.048150387812438744,0.3551747098100595,0.1352423931474407,0.6578438117463536,0.48381935239884544,1.2439942277225966,1.1728565553955552,0.09508903438844118,0.09202456263004466,2.968067972275019,0.22237530117471027,0.35959654730268853,1.2170171330530892,0.4971480572263538,0.4609792765123255,0.05778962097647233,1.046084538718099,0.8850849479049674,2.4830200499345194,0.09871181516793981,0.12486065017661785,1.6738188121614965,0.17832330365342197,0.677498926792363,0.09465887816161356,0.18239724831088955,0.48720705291064825,0.7438428932787715,0.22894051583095898,0.22812526329520888,0.35004460031123297,0.5016638363956325,0.02625326585921517,0.7226759153177544,1.4431787691229307,0.1489005268367556,0.13655652659776796,0.008784151217408276,0.8983072995664159,0.211880458616984,0.9604393374832574,0.24318929286042645,0.7253153488642419,0.26021922277867016,0.2234245808194979,0.2792672945917436,0.13747591565926864,0.5798341504987345,0.342996848036929,1.1692169140727309,0.29598338346215014,0.6884763206388198,0.02981645293315993,1.139989208602569,0.19881434145033117,0.4218478515780739,0.04461836389317786,0.011972854267141342,0.4460477667641234,0.10398413996327127,1.1100103334216658,0.7447789281436366,0.35257000194506816,1.4385345676912435,0.039241888713592576,0.0694855835688839,0.04963222506086673,0.47305741328202333,0.6281046666463521,1.2679461484191465,0.2577363362269496,0.5406565299599124,0.12549382064844283,0.18910812129633658,0.11516468610969799,0.055723732038145624
0.15492857142384042,0.7582050697936484,0.1583455093528059,0.05255473847602321,0.3692699733655149,1.3243790630790868,0.14974936437384567,0.48244311287004527,0.18819225578239007,0.2135664493065479,0.009974462436590281,0.18533297006256455,0.25485932372023545,0.18745048030904865,0.1759989070257595,0.33261780190954515,0.5609365932069486,0.9733592066784345,0.2352195072343617,0.8808959403125758,1.128389861985403,0.11999900462417012,2.772452740245344,0.46820092310477945,0.9816306634841856,0.6791703289325908,0.027236837891208232,0.10280385446895224,0.3977855244775297,0.3615014228733582,0.14195218068267024,0.10623636950107262,1.0294667957029366,2.4442219768061566,0.619981840457914,0.08314844508521668,0.3960622032109318,0.298188893039083,0.5507843631270442,0.038790746367546536,0.02003403366222356,0.024572957433271814,0.23953652645736323,0.14638607550830707,0.0986123131640877,0.11313026103963342,0.08217386230100288,0.7528519080212881,0.5001933721659444,0.4836263625344561,0.00950042609952062,0.21828465002355135,0.06866698890783329,0.06976356315529908,0.14025877219799066,0.04233514300513819,0.47161852462164666,1.382721793969738,0.07321492071763225,0.9419072853133035,0.6751585307486074,6.947984242416021,0.004162874501037805,0.08001691078880091,1.3191106885451527,0.45057793277513514,0.029400821664621768,0.29821717492350186,1.2384604109746689,0.6988634202692732,0.030523176862575552,0.9146179230192439,0.942239315799043,0.023181273496021282,0.11050917930250304,0.7670552038183558,2.046357819351661,0.014960161105612935,0.6935950523432333,0.49655174486174714,0.5867297183557802,0.006010508427360728,0.03160248621500705,0.06994482062908691,0.37075639337376964,0.9075344157550931,0.13132721498387934,0.9841496474343474,0.2588750833535478,0.18184981486803165,0.1727726500793878,0.6340669871175169,0.1293072669484565,0.14358817553940084,0.8052930542113186,1.149284264357671,0.050716014324130976,0.033759021483658724,0.5309243743894285,1.18268141889296
1.0935114661517211,0.17301778769372134,2.2018359946047408,0.20372635939872952,0.07195090620702671,0.17679715255622241,0.020487247876680215,2.958246192360169,0.47018581519658964,1.5084488497850828,0.29179977368898125,0.1814823109201562,0.22781645260991867,2.282493483534718,0.9336078439344799,0.39002923614452256,0.015008427868439256,0.14541286996636082,0.5088764319749279,0.043115332581359356,6.898424387021379,0.020466894185863893,0.4448005070965493,0.13764402718487267,0.41827455142521,0.5852598711411856,0.1860981026271329,0.06801248132889137,0.21712709015267295,0.6672615533831585,0.24271262990683873,0.2268429366329956,0.15096143766124093,0.4959557625814537,0.7763682705896102,0.9068502818253361,0.4092498640837894,0.02895767195135046,2.3475980997901407,0.43553431104874485,0.024678335114893146,0.08530309472876207,0.014541760735776954,0.027983385707202046,0.06861749051803656,0.6254459442490217,0.0399575655422415,0.3215585950399191,1.0328913542378486,0.6084039510203292,3.632281953026607,0.14183790150232722,0.7492699089890038,0.38543201130764726,0.5039011799025099,0.09927911403003176,0.3388640511415304,0.13582106449687337,0.817653205794368,0.48236964566366414,0.6206523592733975,0.7083371682509154,0.07729217643978159,8.602835047263005,0.17244729973483497,0.6472741948917444,0.3357877376445899,0.24644536487495317,0.11427126008321409,1.0292922074289654,1.9851727170617917,0.1844489275391039,0.263394620370605,0.3793199423504414,1.9173891235898104,0.34741820723993233,0.24987696460931685,0.6656656819431195,0.28005612760727727,0.2795287299205895,0.08024162615498209,3.0167536684234477,0.13763246192191647,0.3467375842160265,0.02922413786023359,0.1496978177904611,0.3925223270370948,0.5212434636236922,0.14448937609371493,0.08307041862260345,0.13800049782265922,0.4282062982649457,0.01136757666844268,0.699330422287114,0.11492522303590502,1.2831181921934687,0.13046618623636452,0.425019685114288,0.04173970626678325,0.8830289256564379
0.04812291171822669,0.4529443649227749,0.17341015896993106,0.06653809713051073,0.46263312948524593,0.022459101457960262,0.016479177967768877,4.180965221253179,1.3961341990131868,0.3042709681553115,2.09844097064372,0.05496236071077165,0.2727782170372959,0.7150217050815635,0.33381747832196895,0.12855007233611637,0.08162166389222647,0.958845936272618,0.03285133475964441,0.5961309434954221,0.009416156745739368,1.301645340530324,0.14984606573522807,0.0804888250413669,0.13879842815694632,0.003442798809413894,1.250333348052604,0.04632580415223431,0.5418372682831647,0.2033684903655424,1.8246301922000203,0.4822833473285493,0.15555102468369242,2.3804617470326432,0.2198840909966442,0.10777597433335329,0.8593386756102499,0.7882962383342527,3.4827243530744356,1.590606071433199,0.45759562481355553,0.6525092409250308,1.152988201172319,1.017042573817725,0.517936022203805,0.09420161141511585,1.3257295723043359,0.13960519832029372,0.013287904841436049,7.802229412573375,0.25401955775358753,0.10856834969615514,0.7250743748630133,1.0430343834748923,0.8596616552978218,0.05011461611658419,0.037352699864215744,1.4608934190064402,1.9868277367376024,0.3255242867145489,0.00400940415514528,0.22237994838706832,1.2939597645672447,0.3689750103508822,0.00673434824118857,0.13229619643142376,0.23372728226010486,0.08359929134637611,0.07717936393268388,0.010200538680193771,1.7215992666902693,0.3353311813718469,0.03623895040926106,0.3890419196287802,0.01642080618523356,1.2043294022721636,2.5283749217983997,0.020115904776024207,0.7383705150164637,0.12189756192373236,0.0999722621645005,0.11962787434691657,0.34861160887661846,2.6056345098165434,0.40048314714400335,0.14479061608559918,0.03768916363270236,4.747027058774992,0.1610663447372449,1.5466856115145822,0.3241899975621769,0.8452641915769197,0.8256694837419016,0.9642838485470913,1.4013731793939028,0.38385516496234806,1.9112215484101895,0.14953098792220332,0.08556340331174028,0.2254106131154483
1.8144173828677777,0.06485190801864982,0.4498908091407041,0.8193607856193919,0.2838763347863731,0.9310494894540853,0.13865052524704402,0.05601576412055609,0.037860690285645315,0.002477880101619867,0.5578816267414943,0.04770285785087225,0.5319404054023564,6.104612478835214,0.49812084178222205,1.661328337917681,0.8379602116066518,0.7096624052663842,0.2783151210928254,1.0187067614028535,0.09710811920130058,1.1901077134651783,0.55676816450104,0.19081112440948034,0.08542446417551908,0.038545012364292974,0.11620184485927787,0.4468044040459527,1.330025446971228,1.2116675944634867,1.1744373011075937,0.6432805462767732,0.3898671445339319,0.9654886757981802,1.5345950754040127,2.8278396603235922,0.037912292689731286,0.7154430896095203,0.20028116456942913,0.25856503939649844,0.22528076277180276,0.26992187148463165,0.20711818697141493,0.40434498287400933,0.3009949508405074,0.6451573065525391,0.4061407641912902,0.8525638599582526,0.07910183011421212,0.34671207215796707,0.0687809990738173,0.0877326243553429,1.8673852965991107,0.6374591921553106,0.002500375704853397,0.029572565265842066,0.6855774048345722,0.7738016964207814,0.13384302711420037,0.5201345995316027,0.03237049776614587,0.4537286553377109,2.1971946172926637,1.4059546791872002,0.7379203296106238,0.5240055761088804,0.8000101900490002,2.379481647194682,0.003006888599474955,0.020364017635158715,1.2970773974898915,0.23510130503886906,0.5418517082228034,3.0969623260264267,0.468742260577103,0.22227367561138323,0.20708374120015116,0.3243545370437362,0.6813930982034435,0.11684299396557551,0.4923225356670409,0.08323949216308257,0.6269057600112136,0.2622355732212196,0.012282541532986135,5.863997349666301,0.24878054541172734,0.12952503304480745,0.2998113346264153,1.145534012153199,0.43694332819449544,0.22733860183777965,0.17625369309400551,0.07590863548281779,0.45469399946411415,0.7293753353561763,0.11763751043790505,0.17420039064074677,0.27827684864627833,0.2566331200044223
0.437942774555961,0.012228576088905374,0.5875059903949196,0.3139472326568611,3.7784629463953276,0.28075181319586595,0.5229560610969111,0.2095830305017814,0.16269814817370332,2.289932303190625,1.3285966983701756,0.16267337715036745,1.7489657074919602,0.5005386182644769,0.4870717824519053,2.982746605596448,0.16975296815453178,0.0036335964115130626,0.06443532205393598,0.20465226611585718,0.816895709275612,0.6428381725115537,2.1270983646716224,0.5533295875363584,0.5125894398143203,0.8617117898736424,5.051815293600447,1.458578211940658,0.09634731279309272,0.29661129354818616,1.0449578771918633,0.00960136470721551,0.22351962729293717,0.21690577031122937,1.465499794817188,0.7123976120559921,1.5914995569703079,0.12410877645808083,0.7839923100158572,0.07360422711619874,0.12419987240975905,0.5241472790938744,0.6192404029916454,0.25519254988649087,0.11404110974289305,0.029016916099614987,5.752833548894434,0.022944495911994878,1.2995713646330906,0.11349378147063316,0.06791379980844447,0.3858445097708523,1.2700813805371909,0.22968681776568767,0.1022948442254823,0.5207097227862179,0.13644358652240118,1.1267068906647628,0.3388776923138672,0.17075597542938925,0.35055489285383734,1.6177082632091828,0.7923111548134021,0.2432158702421825,0.08612388962261819,0.2217852149509787,0.5573291016583686,0.7705286722034044,1.966518215625023,0.5300233111276622,0.8837710553160578,0.01789382023947894,0.01572949080645225,1.0970762607610922,1.525346152687968,1.3005584659849037,2.4716145218230294,0.2694931548313477,0.16894418334546968,0.5433895115927785,1.8568684076591606,0.039281113960538905,0.17638235870130692,0.01642821512555459,0.18773975385439212,0.055350643018500234,1.3996433141071605,0.5302912190099847,1.0842413065358638,0.87721294240658,0.16826623208169678,0.2440804794375544,0.045641072834899044,0.11919155561835337,0.09602792969029728,0.42292841493869915,0.27858238369484933,1.5369247235224073,0.7260678244152043,0.41996976494256866
0.051319725766991064,0.07282395114412354,0.33483585342976996,0.02602096392903963,0.04434216647004141,0.8632715804440576,0.49780877241246557,0.7774014926972452,0.14413628688366487,3.896133869634637,0.019746612855831458,0.7381629486093721,2.7450298719779203,0.30809812521752766,0.4436567792066921,0.5876341262117162,1.5524632980204265,1.4019006774174092,0.18597381238740818,0.23263172859228476,0.038307570023359716,0.8887632588395935,0.9345021251795171,3.039022719117656,1.380295368206919,0.07957963055160344,0.10409143375358432,1.4594486593907057,1.129226362258306,1.7567357863460344,3.679724181078054,4.629206365135913,1.2260862602958889,1.6753281020425361,0.06964192205031594,1.3182402257726906,0.09857602542607102,0.764592242717582,1.35851387077803,0.29153573763294616,0.18264667846246296,0.4361241978198014,1.3756980225085562,0.191208537774048,0.10420185112465163,1.346384315608447,1.2421075143964146,0.03819321584122126,0.009751231332694843,1.5414764480009948,0.6155140833423434,0.02011047695677215,1.1495008729734906,0.6184406472870223,8.21283179596378,0.14632456469164268,0.015297481794705803,0.958495572936299,0.0012850137471578371,0.7997356675902927,0.27208498170138395,0.016952817690423894,0.07722545081149379,0.12938045665841225,0.2397982517550612,0.42341598010084436,1.6275806141843927,0.18472858456688712,1.4278765881632367,0.30485290024984013,0.8215186415895508,0.1302303582367239,0.4885019316281993,0.24089953164182165,0.9552392835962427,0.4429888552879542,1.0571789402613376,2.3160201988191265,0.012478362291936218,0.00570117262517611,0.40349721558661833,0.6863637271732759,0.5321164795902191,0.14910745271445847,0.06111960954411799,0.5694459182615006,0.27871801378736016,0.011724708372802928,1.1901676767616038,0.854531635481369,0.6776386872389881,2.444225581037179,0.15945627662899886,0.3264224391557795,0.4052392866170085,0.010033505300012013,0.2876258084424832,0.7854007138934318,0.3852511133394494,7.560372795333858
5.5933602196413155,0.2081082574008417,0.17596284442310028,0.007280510213823144,0.8330112736173714,0.18677063564787733,0.11750069653896245,0.4275729194187976,0.407123085976258,0.27920648848880925,0.2295959257300415,0.39876112901648786,0.5869539906273453,0.8734371715328366,0.3326178016123307,0.07414645713735646,0.045929459784026294,0.37696647177807674,0.09527842358220973,0.14969451900455777,0.2932199975643057,0.030398723627046653,0.08189087154083174,1.1312261600921651,0.38237418832626546,0.8930373375457694,0.4261641603984052,0.03178233813311304,0.3334088525569314,0.24913321987391668,0.03419081722701334,0.01825277442327189,0.30093437240106713,0.21309533807240721,0.6276161095070751,0.4126403926819304,0.19236411579610868,0.12109688177867106,0.5543878625241299,0.9857782979637764,3.0078526408382738,0.07710613849268788,0.02670922010823551,0.00042368663097036574,6.053873295508037,1.1336638979901275,0.05550079001958652,0.055612614274128,0.019883765457001212,0.7130251779116163,0.2783770235929519,0.89624935027637,1.0217790618124805,0.5476442832692894,1.344587370662278,0.8500923619169427,0.0048456398458358585,0.0006560537528399468,1.120070577375996,0.12429720507674902,0.163620916777945,0.13904636342114318,0.4577439282217066,0.33777885209899217,1.034922493550257,0.618354076803129,0.7578151139480334,0.476577441752573,0.09510237826323009,0.20120194227469557,0.7026741941972079,0.348021523439882,0.3645177514962039,0.5054684728865402,0.12247820496620188,0.018761831539626517,0.18794652073494333,0.18235863313104672,0.927996670174901,2.2370681461117665,0.31607697460906903,0.7597004629892177,0.1341228864396371,0.18896042120332424,0.26769878254008517,0.7856456361510551,1.229793538386927,0.2977206834657866,0.3326442383135104,0.2484629329920951,0.0030242314792479075,1.8489980292840205,0.2802063179095329,0.5529179015308896,0.1219886876999201,0.7343815076355424,2.072458529635072,0.2395702933538466,0.7761462782877588,0.8090029616178755
0.0008992659109698931,0.06723129620542379,0.40475040898491277,0.025129559755907804,0.20541666100017664,1.1013239848731593,0.8040439268945765,0.4523322110701158,1.6339934855234137,0.28286611655659777,0.02672925097659906,1.1332966412657992,0.016052971342900735,0.24385385929663816,0.09630305366504732,0.3943892271249987,0.38927232248964105,2.12993222812822,0.33077819627290306,0.09417303430537194,0.07352266666453366,0.14852443971756868,0.1749896349586395,1.3913106832007296,1.356078856333006,1.0848617801229947,7.2861543431932105,0.9892080887779555,4.392681195378639,1.0527005610248237,0.02852272760344543,4.497507296149995,1.3221898692458676,2.5625195470321005,0.14491829040288762,0.41974100196074615,0.0426874563917361,0.6302161564624174,1.2893977600655315,0.9263534415022401,0.18374453775931032,0.28613564777238354,0.006914239939779687,1.4227581607663904,0.030501925745398673,0.08544651955658766,1.4378305590054916,0.1810775015980881,0.3698266312676366,0.5228130488588554,0.02423316963285127,0.1225343276167925,1.5299323365834252,0.4024918754690632,9.287397884527476,0.19466608156542398,0.40116699873216555,0.637793089554733,1.2343689303444658,0.4243702248553578,0.3525182412295613,2.612996103555129,0.15338195782819986,0.8925516438224173,0.5066686411155596,0.13392693577093762,0.263137340577706,0.38577149892719786,0.960649562278884,0.9318235778448296,1.2964307012081022,0.5697368276726384,0.1714729874047427,0.590688708821824,0.39816553824859624,0.29775266310310333,0.2724090772595875,0.3951815981953597,0.1631339591169838,0.282799066884426,1.341374063200068,2.9824785799961377,0.2813025474918849,0.5220156874342798,0.0432875462741682,0.9070245978985132,0.017912092099109822,1.1811030980179527,1.206641856708503,1.808360959132195,0.1196960764985282,0.09085865586410735,0.11300485970960072,0.2679820053238011,0.10327052424819061,7.96448226113014,0.054569472690214615,0.5731264743119904,0.04312260648514177,1.2051243923460908
0.08040417597058225,0.5969761951073216,0.24840126785494476,0.6240909741487415,0.6812923613030517,0.2149769648248241,0.308475523841238,0.2774099193056565,1.107186677644163,0.007710452519210209,0.1987982777925743,0.7346610252390688,0.2554990098528074,0.00034536856890943213,0.0053717586847688015,0.1695367279608191,2.098252824552095,0.00475741561618559,1.6485531789905403,2.9621300349295177,0.3176264281656007,0.4761143434714534,0.05125437014379863,0.11191036832588752,0.09436286247676295,2.276493180679091,0.062471941003442666,1.5140247096083592,0.1411815211742673,0.025223571515210708,0.28176431118250145,0.14587279674440778,0.003908742214591587,0.37086603911128546,0.4795432419102792,3.953799207262981,0.3190774170090289,0.07175618675006468,0.3784457380639914,0.24562790795803724,0.21565829866343478,0.3887747272594051,0.06862351013269818,0.866181900778505,0.8073093850775324,0.286656178087598,0.9171675274867659,0.16647817699008405,0.2199603780970727,1.3873531029943886,0.03996467161689199,0.28093777368923045,0.36890264047450794,0.14518067953889435,0.5588392503621855,1.4323184223736192,2.1460289435058235,0.29620993624421654,1.9032783371047786,1.2435872265250492,0.10185208939302659,0.006914432141672533,0.43153968874456416,1.8502637892183151,1.456809361613527,0.21281807989914503,0.09313546101364523,0.32517439702054163,3.829601342891695,0.34157767176687104,0.024696157966564325,0.008496981690652605,0.20216695044876576,0.6193868421830988,0.02825173104472256,1.0975967081700788,2.482917880887288,0.5235623820912907,0.4509707699875727,1.3490415432170133,0.1630707739536592,1.234857255968869,0.26951196975011205,1.4090439025375678,0.25023820531490637,0.6110382468819264,0.06699208799728584,0.12356226698821682,0.08203068625803733,1.0600708218269217,0.20852403129066244,0.13027190579951142,0.027307703478780976,0.9421739596785514,0.07508067986262112,1.427931982233917,0.32722308821424506,0.09679020321455511,0.0794878921156208,0.10528782886325705
0.09236114774339144,0.08039082485633764,0.01583716875450003,0.1025114178085742,2.9542821661751963,0.3248942561224484,1.0104966519270437,1.2447214887615448,1.7521379183053298,0.10295260474094237,0.1564532284530693,0.5549099622490243,0.06232704198671457,0.10978381863703102,0.635319514707027,0.2977256805030639,0.26077782790217396,1.3640240399267887,0.24626439938782618,0.6966768058652537,0.00551313540427345,1.632972994406022,0.7706417493385456,0.30880912458378984,0.4197281908229469,1.0773746521477352,0.10043484722607254,1.0459695918743166,0.04568307676475891,0.6474982810526237,1.8868542082293644,1.6346493408432266,1.0515430009234419,0.7924651980057331,0.22764171253679488,0.05565544425972946,0.19658332145558433,1.8811095522356345,0.488439585663468,0.33008572966369276,0.29818976681908493,0.28512087858218416,0.12387550831451333,0.7700173956060454,1.9216476162949254,0.13604587637148757,5.761334285280518,0.18087802565266187,0.8939912786028419,0.03513543418163012,0.2732624275490878,0.03703853859683792,0.036042843650749834,0.012783842741713514,0.35889312062866363,0.28829772294004585,1.2668805993742094,5.958652745861923,0.7677151060313132,0.3793241873188353,0.06516719573512986,0.4598161597060957,0.10482434216536185,0.09765016795245329,0.5843228630193302,0.41929303696720743,0.29694395420929176,3.1704858694294353,0.17159780851014395,0.4709371983602735,0.893653466562564,2.117041244469425,0.30197562165923086,1.8238081149488727,0.15283487600433943,0.1428354549948938,0.8088656685881754,0.1604830663895258,0.5320263577545012,0.2785107093106729,0.015418725299792158,0.011031926921591717,0.015866336454259722,3.252417882947565,0.015061725971458051,0.26279304714718554,0.7771613751486306,0.832404000585355,0.14434877328860374,1.7955255968989356,0.2431595183035704,0.43964615929152684,0.1927974150581957,6.506803023784069,0.4709446757743292,0.023791621217378545,1.0561473399077776,0.6139676402273193,1.6156963921240886,0.35853518150428276
1.4134426924582604,1.0729106006639002,0.1743032686229835,0.9227577073325861,1.6949469180310301,2.333884251809456,2.0727797408708737,0.02940794000001401,0.10946848264713971,0.057215662164602055,2.0229688299630646,0.06926131192362273,0.4264611011649373,0.1053876849214479,0.7026934447842197,0.6291389085944514,0.18848988651790322,0.8950175511552079,1.7654448293205038,0.023820952748203172,0.0735148436669204,0.7050035996731834,0.1024560260583185,0.29323299898650035,0.2878448376120011,0.3930754212535277,0.47424563758656535,0.01076780051679016,0.0790736443130089,0.0685986644987906,0.3931219980337337,1.5153794435636607,0.012892543673072465,0.55365102921645,0.4409224913967713,0.45945313580032643,0.11165725800610149,0.24693162977598693,0.0472132066334956,0.542999605866042,0.07923699607737156,0.3299202138669757,0.38108069632934893,0.08692376240146782,0.2921189325696911,0.058857437002250546,1.597154400636601,0.04555202497646649,0.5829998762224688,0.30178742739934106,0.9944254696899535,0.3176613076231112,0.43844576767958787,0.017043607753673307,0.014289108943855044,0.20707314635170904,0.04771197071662603,0.45869272509164594,0.1971812252501186,0.3604615497453425,0.031902670216923834,0.39705756039148343,0.06627875965984553,0.06131371787919315,0.2332065166711621,0.1212916494940548,0.08268477663345752,0.2974657088320589,0.6157029985947682,0.19504935099966647,1.414601167945429,0.4851525622715014,0.34157726596332383,0.45913820561550023,0.23524214535754995,0.7198131833842074,1.0353601845401843,0.13186306198236863,1.5612244254413001,0.05562604250468084,0.42570890326817334,1.0755058439159644,2.401545014364469,0.12357072985301776,0.18065849493116937,0.05628548507699582,0.809581612696187,0.8644008307002762,0.07871326455136929,0.35079684109146214,0.21759624888337736,0.4261595559977831,0.3534934236130225,1.3869289204746633,0.004355330320956696,2.267734332360703,0.02809737681821578,0.028519028890200637,3.0389894025663207,0.4327256068621661
0.20423413057866102,0.9957548842838351,0.46789275382903495,0.3673404401043663,0.05368744737194242,0.07215598308344418,0.12501459606986542,0.11985968020699711,0.20081792705123003,0.9941146838824562,1.098380387136007,1.920143699719703,0.24462919864387622,0.33909436852500296,0.9085425482681548,0.03239474182064028,3.3489151887536774,0.6006696237766738,0.9125539822197068,2.1329197592533977,0.15003450028143028,0.007846242755352062,0.8133645816443633,0.30767481595290946,0.18482323895785147,0.10868398502479804,0.968427935989175,0.7018874589226236,0.008449619574955713,1.68790828573241,2.252326092667713,0.3334148406115174,1.4241598392651484,0.7772109762272905,0.5371779694421157,0.031126666921490243,0.08816136782318029,0.49424317020542996,0.23270262840591283,0.3663086063970815,0.23916381594213787,6.208518360320403,3.0962285384985284,0.02358156233475439,0.33065897473055283,0.005848780974534673,0.21196101219371477,0.2680461991421106,0.094412259688748,1.6021876525546705,0.06910649014670223,0.5346997496543919,1.258756330276246,2.735042333394522,0.2016730922023029,0.018223664773300063,0.18124358719657385,0.49563858985823983,0.09061832623270294,0.5743167558449054,0.03290041175708058,4.476409555549272,0.0974792571739509,0.07936990290915502,0.014786856315335495,2.398995589545096,0.05370031123114427,0.5119334520217236,0.10513126577840892,0.1657372834735269,0.5760585548238157,1.185609618020219,0.2714939216455161,0.11369808176212381,0.03444369166691641,0.2979202138872368,0.5356783878277485,0.1579803125029211,0.012755613295889257,0.04986090909920504,0.06342735637219676,3.4277228815233194,0.8384367511953126,1.306165667826226,0.24659809882342243,0.4454251298105556,0.5705526651438375,0.5492848150236576,2.0167910754145133,0.15613124054509653,0.005354969185016545,0.036222673331765654,0.9920741637103963,1.29194913723554,2.776168626744434,0.1024244824154219,0.8135975305290939,0.5916202351061282,1.1110552977948345,0.019866591952210744
1.1880526638056037,0.15605229584577773,0.005566161414158,0.4591145960421159,1.4818214791833184,0.4614800447931615,0.295117750827101,0.6955956762442541,0.15039596868180038,0.3702622006192131,1.0418889926238473,0.01320196833036169,0.7888912493170701,0.7171352773500161,2.194799031977943,0.10386329527579785,0.27125073648938103,0.486248777694144,0.8174015759825397,0.05481439010672484,0.10061876787843649,0.1261532012535631,0.06333893067436103,0.10170657856787146,0.04694761101377587,0.06170845479448306,0.6935072549106926,0.2235229407216781,0.21857805601086877,3.2766749503156767,0.07614752467474051,0.8307211304949733,2.7318638385665164,0.09043157549430725,0.07370546245684872,6.472787513361013,0.06767034175542075,0.10591048394518765,0.0060970518907459414,0.12878170697065539,0.571743681886522,5.237198153816725,0.40836080449649415,0.02950949875676212,1.3017449507716128,0.1696850458073571,0.56282798120287,0.3325780032789223,0.19646716847413948,0.03829896513828013,0.05396576293199162,0.022265894063528524,0.04434049743875601,1.4086395411230281,0.26186686002142356,0.7680809934777764,0.17737315198217396,28.277832133105385,0.19646855078457404,0.17799171018181004,0.1004851313104842,0.27684305201626414,1.6414775455078074,0.17025221801537227,0.006482106850176583,0.7492592271260188,0.021990502706941584,0.14007784847884786,0.4692684611917941,2.638104521674359,1.2728808250040449,0.09273791345522175,0.24169018353386984,0.5649953784409023,0.0828464467551937,0.1753684762340293,0.02746877351075594,0.06161911240783047,0.3923352155496429,0.0006527942735758963,0.027544164176531938,0.3831289075219986,0.46900460737063976,0.04439223502727718,0.11095227715459988,0.4722710871218896,2.0203178726064848,1.6474882128494674,0.8488389209332716,0.5756765664628778,2.3473225602167416,1.905847324279577,0.9409397123736141,0.10283216628174818,0.011916063136767852,0.024689068551106752,0.04386991557871078,1.577189967452608,0.7396769228717965,0.05274386833035649
0.01888891124821468,0.3133761603919025,0.5783682233241634,0.08417739923695411,0.24060896061444326,1.0770288125333782,0.024048375503888053,1.104242764624555,0.4095188190768626,0.1601024163104381,0.011017819865379863,2.9492736651924085,0.4912613352391677,0.42456841677036716,0.08018560794329566,0.8267180897916935,0.6850355141812532,0.4883697191121288,0.935709574888129,2.0672556831992983,0.21525772770137497,0.252779020064005,0.8685343095161884,1.2389858296805794,0.1056118691272252,1.4610406726615892,0.4721933604828865,0.7608470891850196,0.1827398584379769,0.18351164665998154,0.7879334516691361,0.6079407932777128,1.5734977848602858,1.6029827213648185,0.35503007856176927,0.542153214282036,0.028936160723183058,1.2967953280901452,0.8153931417911096,0.9091316756048589,0.13935026194689315,0.20802863342372357,1.345903774359198,0.3966940892300723,0.006347377755285377,2.366279488251736,0.5542265955464898,1.5331787837812674,0.04024790554351876,0.44817180926411626,0.31993438334278834,1.4147382408619689,1.109382989399709,0.12487977054011612,0.06361799718514072,4.097801436220422,1.2989364203902656,0.14527990791602585,0.1187815548124227,6.133673972338212,0.9752186834625052,4.040540919263732,0.02631280364382982,0.4873585987334643,0.13436580519025831,0.5378848281850122,0.4044745394253444,0.21926354516758373,0.18829791584915978,0.6848269902564581,0.16594691737043488,0.5362983076716572,0.18558280113506065,0.12374128720940702,1.238820457410604,1.6050124815714417,1.349550628223127,0.05494562943749193,0.5483305346465561,0.1603932553187073,0.04538097991060197,0.08080946084211527,0.18518555863103736,0.4340908199815934,3.0313754540648654,0.5832753768590448,0.38585557422713146,0.29613755938890374,0.8877589618468493,0.6461691927807425,0.8718947204999643,0.9088850391715058,0.07906363063960109,1.7757782033389553,2.181621530219841,0.0051175020528715365,0.2992640017504231,0.458919538167077,0.0233219142688601,0.11063753866885717
2.993392874830132,0.6481137238508519,0.013796315651670277,1.4931273836531602,0.03235917024035806,0.6670745823157924,0.8689644647833796,3.637915964898389,0.6218656348246925,2.0765802508897364,0.36103979292950306,1.0287054310453683,0.09177553367201186,0.048483933431771264,1.6158704244579236,0.017063993540664235,1.9976163881593325,1.2118067697877768,0.7146745235731307,0.29866820886771595,0.07044083756101749,0.526211520106368,0.3690645142199991,0.19153315299598206,1.5935232966473896,0.24004923177023407,0.27733482524583275,0.30604146167521296,0.5562466727944686,0.43273974203819043,0.18444576095196075,1.1174411449547246,1.6200766922397865,1.1197562972980317,0.0811518171310277,0.03831823757164843,0.11115924810017352,3.4807468131997705,0.2496314724525277,0.2842749876675703,0.5281266683269548,0.7655107785185558,0.10164444383004456,0.5519933852605716,0.09581176112029843,1.5922824116914072,2.429440220187286,2.161583436751714,0.044024355618625055,0.17558054806312895,0.3815154757876955,0.16672848195106815,0.0664619866442262,0.09853847239269986,0.24417177743686191,0.14022145919724882,1.013955889475747,0.8975946830883594,0.051101454685823944,0.6912277341975608,1.0246652882183458,0.0051148025855061174,0.015555177202383641,0.7892061390129719,0.5719254289249298,0.7648966577948566,0.4378180503640474,0.4484326416385829,0.5160680214458548,0.1905017147095054,0.21538403159814634,0.03743327944814068,0.5737158336410564,0.05531590852118207,0.31529145859957675,0.3287831321313244,0.9234384097612005,0.47671363372792097,0.5074731133937496,0.2790615801856098,0.052143640435768024,0.12178528478461681,1.1357109234287672,0.2026018965381764,0.16101875576941183,2.129466393025151,0.7576094276022853,0.10718129320822256,0.6560982325359666,0.7035958028143363,0.0025185966664393877,0.9996391572799921,0.3169509679987659,6.740895607149639,0.19165343869683715,0.2699540572398418,0.07761620543486525,0.1983252926900123,16.336540554084305,1.545498509457409
1.3064296412139278,0.2713833975790234,0.43304107607425846,0.3194760845412119,0.10654126184143542,0.2735020688450269,0.18451375312673357,0.1649285930325992,0.26287377986527494,0.5709017466326565,0.04546813190503851,0.13474306453746943,0.07515983713779573,0.14022262439417355,0.12407572932571398,0.4924506220775393,0.004720233157026188,8.204593101397837,0.10384879596625418,0.33520989531343104,1.1117197719031702,0.6082653801843094,1.210578678164544,0.322612481727256,0.2159403522235559,0.023590765180894868,0.9560718357187701,0.6192400125329134,0.0803009888554369,0.24847473686983945,0.634943420403532,0.4234329136219783,0.41983550502568323,0.5425030653519054,0.09038115700510496,0.15776495579057492,0.001732224713913988,0.17145515521947652,1.707654980705069,0.20081991676623012,0.12979622680681602,0.12266356250993882,1.6433996441999863,14.599903042028142,0.7228231304056572,0.2811471972046615,0.08609520952932526,0.19247112296412783,4.667256188929032,0.4375417467767211,0.3676330873000302,0.19833144199398034,0.011489245256494751,0.17004318596457657,0.11748533046061538,0.5872268178856088,3.3287591146850737,0.025106407298207012,0.3136000299348467,0.19474549175046008,1.8836205188842619,0.19759138757254502,0.09631362632246399,0.21802939609319272,0.7236460873116688,0.12296539075019974,0.5889833804636608,2.1090821180376578,0.6151235599678042,19.126625283961346,0.5061641186086465,0.29961537185542264,0.2572120716209314,0.5035203607000873,2.456153968409044,0.8415111531628046,0.4455045051892419,0.04717268088648119,0.8555296100042542,0.0105530265065088,0.5896805337146673,1.2042282312812866,0.6991002467092908,0.058100631164339944,0.5058045782997456,0.285743832963526,0.147756761436318,0.5815040932851925,0.005811506743538475,0.23753415977345993,0.2067327966708028,0.6678224615305186,1.3985321710686769,0.4372260128777796,0.4433782365673249,0.1682984701599013,0.2396022379910807,0.4266406216316698,0.1084298039400835,0.9134091723705717
0.3243036912048789,0.036071900324212036,0.02773867635343752,0.25995166987632823,0.012676368636145074,1.0243493074044285,0.5808376513847218,0.11428305532138139,0.1734074158543013,2.3188220174443055,1.3937748650671633,5.300592600254935,0.04694004056950574,0.06594927763499925,0.4044940192558648,0.14477318777571146,0.4423774725553766,0.3094958824580436,1.2085192764378467,0.40168645261580993,0.37623559544051477,0.5075273696057154,0.3745658271670651,0.21632894854751994,1.3362971160975912,0.2038802123796819,0.06809818170681425,0.14927427169258478,0.8625002004514948,0.5108298530513538,0.2751880773906039,0.1953090555012924,2.579618161761572,0.10905470806858197,0.8113189773583009,1.6216437152312744,0.037871220376176185,0.10452495267411566,0.048753036977392084,0.1546440329210539,0.9576384206896651,6.929221704900637,0.724899820806943,0.3788687144362348,0.3688204763114673,0.1595298101172491,0.28793842151688454,3.121155370456024,0.017404525044250052,0.04485136532061906,0.35539327760078665,0.08207299359026865,0.6932832522147812,0.4466509170425612,0.2889671915534051,0.6291978176487467,0.37669282975996765,0.34207880717608385,0.10446628775723399,0.5487597814658076,0.601027392813194,0.1460027366020662,0.4391187622226229,1.9821744223138946,0.2013267941778616,0.0028576155766646405,1.5783993522906479,3.7739161580052976,0.7337927269237923,0.02442516802000294,0.06864354266426242,0.6812649442508676,0.1807912663871698,0.15454352683305772,0.07676404442674412,0.3110213922086811,0.6760467465007209,0.09788875703930433,0.02792365647489925,0.300794310104328,0.46177992852388994,3.379497410365521,0.0672346072676766,0.09869519059920862,0.15290340508333422,2.9922311051698594,0.5130800309217594,2.636461338360989,0.10882735577645497,0.3705027949208637,0.2892065594072113,0.08243349787658705,0.02291697156766004,0.8601915449927136,0.3519150150500576,0.0892583148401438,0.01665852592671979,0.19113656353020536,0.25939688509272085,0.3359297016989853
