replicate_1,replicate_2,replicate_3,replicate_4,replicate_5,replicate_6,replicate_7,replicate_8,replicate_9,replicate_10,replicate_11,replicate_12,replicate_13,replicate_14,replicate_15,replicate_16,replicate_17,replicate_18,replicate_19,replicate_20,replicate_21,replicate_22,replicate_23,replicate_24,replicate_25,replicate_26,replicate_27,replicate_28,replicate_29,replicate_30,replicate_31,replicate_32,replicate_33,replicate_34,replicate_35,replicate_36,replicate_37,replicate_38,replicate_39,replicate_40,replicate_41,replicate_42,replicate_43,replicate_44,replicate_45,replicate_46,replicate_47,replicate_48,replicate_49,replicate_50,replicate_51,replicate_52,replicate_53,replicate_54,replicate_55,replicate_56,replicate_57,replicate_58,replicate_59,replicate_60,replicate_61,replicate_62,replicate_63,replicate_64,replicate_65,replicate_66,replicate_67,replicate_68,replicate_69,replicate_70,replicate_71,replicate_72,replicate_73,replicate_74,replicate_75,replicate_76,replicate_77,replicate_78,replicate_79,replicate_80,replicate_81,replicate_82,replicate_83,replicate_84,replicate_85,replicate_86,replicate_87,replicate_88,replicate_89,replicate_90,replicate_91,replicate_92,replicate_93,replicate_94,replicate_95,replicate_96,replicate_97,replicate_98,replicate_99,replicate_100
0.43513292883861965,0.30784267656339637,1.0082631959290227,0.28158614482564204,0.41704190790094986,0.769081785136218,0.4418673247187429,1.2158221611532198,1.20650139829948,0.8042265141320166,0.511705683735906,1.1650900684070433,1.2268003285106595,1.052585679579813,0.5906041665812917,1.077518922106303,0.8795576968917366,0.771296047654139,1.0425951162883833,0.37786680122241756,0.922702994208898,0.3426254830513672,0.8033711897497718,0.6834722327556344,0.31725591396736785,0.536519548927123,0.39122354337314946,0.8614636112256608,0.5463576135132884,0.6813017063410146,0.8219958782835928,0.881375326048251,1.0999593305032054,0.33061540516960175,0.37328377929894685,0.8492992870063887,0.4486316138618691,0.4999728908688297,0.37384602670581746,0.2560470431839784,0.6436355202774421,0.6990785141348759,0.5544904243540304,1.0335015025879088,0.49399530235247224,0.7687478471147094,0.5181432296119208,0.5448172383467669,0.5494231248031066,0.8815443786761603,0.898256954077822,0.6025292413005173,0.9532800540422505,1.0329236142575724,0.9342090751884866,0.45117523228887946,0.7834802087447829,0.8212129177515172,0.30709907844517637,0.4797162836832317,0.28879945472888746,0.2591655501838165,0.6190177324111727,0.3790364088894249,0.31560076494502953,0.7928781323608052,0.9180194525125599,1.2466832779346797,0.2878201365520353,0.8270204016905583,0.9702679239473956,1.0662278518628003,0.44128915669651436,1.0382752081708295,0.7490361729040813,0.6744928326765351,0.6683630384287931,1.1779006298620271,1.0136152989616567,0.6150836732844007,1.163578011402695,0.8264055514536334,1.195629677748997,0.5151232614457395,0.9369274167743025,0.7666642598438743,0.26917291074989824,1.0307327300286697,1.0348829833877944,0.2731106684677922,0.6236408184666985,1.222095993212311,0.7712677538240658,1.1612343103146714,0.4217891094777668,0.2872538806141961,0.443700292785702,0.4343682380196938,0.6012170196384881,0.7643832465110202
0.7919009473783581,1.2191026301408114,0.2745869164588015,1.1862122462436897,0.41761921628831766,0.729181877629731,0.5733715621155208,0.682497878330132,0.987508359459007,0.25522961354291274,0.4969787990719998,0.78302886724614,0.3607205933263157,0.8220486433693008,0.321711888847651,1.0145277946547178,0.30433203482290383,1.2260138232792137,1.1578987937796192,1.0155467505158609,1.0466813971913722,0.9983843496762314,0.75313247255154,1.2471823539029505,0.3449179368216697,1.0526403123529295,0.8208774168394762,0.9284999682926378,1.188315728651316,0.629040485383035,1.0554323292999863,0.6763983568016225,0.44624571670616564,1.1895685890251657,0.7685616886657339,0.7637078552153048,1.0333872199958383,0.32336406745960267,0.32053563759295656,0.7338602188643114,0.7234356593750214,0.8276130806371337,1.2329468795547007,0.2605132245416535,1.216734227535108,0.3011655064454759,0.565668481164066,0.6045482088286074,0.35015499750676693,0.7929404444893278,0.4223863621051662,0.9726835744744866,0.652526355490142,0.6926548482604331,1.1324411913475818,0.3300634025289656,0.8463935996924615,0.9953977391415395,0.3605431663085805,0.44957161589593875,0.43677252823112933,0.4513991027938874,0.38551687356075404,0.6803164280423909,0.9406153123866363,1.0828935948872296,0.4266823141763052,1.0007902311797876,0.3730521235903249,0.4711476101106934,0.9372830044131277,1.2382621151431867,0.6574052716113488,0.5090351441033472,1.1815350491552619,0.5593242243582229,0.964153146392174,1.0783781456016461,0.5082643578871635,1.162584217924823,0.775360481819498,1.0420031261301959,0.692937121734436,0.7450559456545849,0.5440033885949531,0.9860173683653359,1.022497846096314,0.46500476827002857,0.4500089211127476,0.6230070998785607,0.5829120962314033,0.8675573132096185,0.42209985264986216,1.070627393419037,0.528713715141149,0.2763473321939176,0.4583836790088254,0.6930759329334488,1.0872399995154594,0.8387594635650095
1.1229458358764082,1.1337858849634257,0.27212355152899725,0.3019712836514724,0.28667142693354297,0.2756420658064357,0.476656402226988,0.5618161330852596,0.6032514085020642,1.0109907600280938,1.1562545805210367,0.407954822835348,0.6725484283119446,0.7626677259564164,0.659628894895232,0.8235289514555733,0.9986452341262,0.3755502147626534,1.1937015928202208,0.25001163475536614,0.500467898792499,1.164548663848559,0.4438630679368927,0.8090592849466022,1.2488926120332906,1.2472378999036027,0.4352703553833237,0.5675497002575884,1.068740229484051,1.1650607325172224,1.010160929790159,0.798145202728022,0.3755497898984771,1.005133617445196,0.4958474424934003,0.5381845259595295,1.1592526944369923,0.9131462489752088,1.1594295036858764,0.37324745813255145,1.1045473932021803,0.8209070537521448,0.8927774134799279,1.0118898943774841,1.208138119804496,0.48285855687609425,0.37525123109620795,0.8145940812903215,0.5217175988981797,0.3793806169667009,1.122394563354815,0.5692252977861885,1.1700400525459036,0.7352667423426216,0.45351110833188646,0.7244531798445233,0.6160282657465153,0.6289559098125076,0.4693893891962463,0.28778450659567967,1.0812458050899425,1.2090241759729659,0.7683996266330652,0.5247050328071436,0.8224077259677651,0.37508890983640353,0.8302285321991417,0.8947199773818176,1.2363499229441621,0.5191197526380104,0.34575419866335766,0.6388514964741164,1.1869492539086954,0.958676719965507,0.8333329099885175,0.5306355798765158,1.1112322272603858,0.572978733363808,0.7307861681797273,1.0305218027570218,0.9749102718360844,0.5743136638755806,0.8492935663104787,1.0965344931234053,0.8098931015359494,0.8068444131345626,0.4209448935675858,0.9656355505577624,0.38084236134881977,0.3987882838491529,0.42615391250286005,1.2314157218336639,0.5554316926830323,0.37794994091976486,0.4088526919439558,0.9891246671365462,0.9113039622868667,0.4157490153884549,0.316797077262172,1.039868107379743
0.9822248864095612,1.177752283195213,0.5736102191495412,0.7912963353010705,0.9864020150656405,0.5912478276261564,0.6049963058319373,0.7561418628402441,0.5465355812876552,0.28531135494023907,0.4995461998495061,0.9458991181688025,0.2920246751714053,0.5434888232081216,0.5612174950633936,1.206047143611933,0.5675867952611167,0.266947664889581,1.2101356044054472,0.6665658284822922,0.8748740996069989,0.6840209727087588,1.1088167711681547,0.5711621526359535,0.5766392494259109,0.2800260053293928,0.5286430631150364,1.09810923501563,1.233567206513663,0.5011692675484013,0.4038999046937737,0.42464718589632955,1.2134799474743274,0.8366239182836627,0.6081397165291444,0.25646435778971055,0.6202321856845767,0.8453663701568727,0.4401287663187057,0.5576790894779485,0.5900043860598921,0.5824266921743652,0.9676761577934996,1.1433044937881227,0.4976316430714387,0.7420017294320828,0.9055099718461126,0.5023227442637452,1.0659557894152067,0.625821219007941,0.8631162390692415,1.1559116712346476,0.9002550710936615,1.0279094067485368,1.123361117841438,0.2599692347345185,1.0571070203195128,0.552767607617425,0.7143502498821417,0.8933697250697605,1.0167683563383356,0.8634018465221711,0.3626092293492207,1.137751524671688,0.654519524458235,0.3797829657226113,1.1540349864545592,0.6052896432193188,0.5652167373772861,1.0531330889362458,1.1725724049058002,0.2974156361400849,0.6272519857156954,0.4648546064249981,0.7883841868964332,1.2222297092163577,0.40468484818486117,0.48725436365713726,1.2420159693968356,1.0054372725155811,0.6860482979725878,0.9661645381776112,0.7263382934943662,0.7551657115227325,0.5509190731654188,1.1790208857168012,0.29390461363063725,1.0500544079513714,0.925811635742733,0.8083844775702219,0.8572666701014879,0.5877559871322291,0.5714624779478045,1.2479151344122879,0.44566629562534243,0.5680097048142981,1.161256151834288,1.232044622786384,1.1923435076713575,0.9062398932483586
1.0565611478614496,1.2449078226464354,0.7386431904046658,0.9590605194509164,0.9138045276218051,0.6301956187858571,0.31942384274609337,0.6895116886329101,0.5997032297458496,0.9957337827312321,0.521949726128631,1.0432613504382544,0.9899041207669304,1.1817537194328165,0.9271206397350094,0.4504745155284028,0.2501346930044853,1.020158211757096,0.7714596387214719,0.7725101810855884,0.8217459831437487,0.508711642155441,0.9269407829968374,0.47011132590475313,0.9981839120488464,1.147365865790932,0.4687098003235832,1.1971614629002478,0.509670838950414,1.094212325286143,0.3992494697414739,0.5459320294366161,0.3580445593764071,1.0784386709389908,1.2395053333843224,0.7462392219008139,1.001278924373767,0.6651456539927457,1.0712501545597042,1.1760595598182655,1.1196496848121713,0.5655331806631355,1.2266176373150093,0.6828399210571723,0.5980519554773205,0.5602352837447048,0.28979712733565255,1.165289940379274,0.6283156071652595,0.34914611227762393,0.40720388355695425,0.37663712551837436,0.34041897779166075,0.6323633310616279,0.3097622741783844,0.3347661544263332,0.7732862493002498,0.7093460101728227,0.6832509323090279,0.5125102904831657,0.6006426914571469,0.5116713666375065,1.1839874185126171,0.2905857121346951,0.6136114491900638,0.8068183602783076,0.5701811674284386,0.29916082915504816,0.36530109033904934,0.29414556208745546,0.8184722021568196,1.0511715032953248,0.9140741211998341,0.290330161051513,0.7044827329553567,0.40336482741574564,0.7015470228174244,0.5126336123660736,0.9366504233540373,0.856719579782232,0.8800345775424382,0.38541884981782804,1.182846221360299,0.9980347393415887,0.4171343148693072,0.6279683556412842,0.9036986929050792,0.5961072407823951,0.8098831655769838,1.1673489015067489,0.7266241605086289,0.9530316999741315,0.4096299332527641,0.5085842215527738,1.2229773804203048,1.0463001859676635,0.6537566104783465,0.3462464911407164,1.236316842272013,0.858758325129553
0.9087833667107174,0.4238952492194873,1.0204074178077933,1.1209691237460855,0.7246308757498139,0.6488227808969005,0.7690597909082704,0.3556646842617439,1.024653531181182,0.4524805601652374,1.0093982624179638,0.5667616770675267,1.1680765521991505,0.6470150412371917,0.8557792494526903,0.3592642103096214,0.7611291392372298,1.0571555373648827,1.2273079079915037,0.3046344200009723,1.0828303767882712,0.6844033190066098,1.0879083748518035,0.6005205342861618,1.0566650530268165,0.872630533598658,0.4328377798688171,1.1348551176960044,1.219723632797977,0.7340205725094041,0.5181743677449133,0.9138244748527251,0.7284910701071892,0.3301867568121133,0.9343142489253448,0.5356259885622431,1.146995289364411,0.6721922338806781,0.7946308711071358,0.41169455327398685,0.3381344309766915,0.3566236189365979,0.6272017824576387,0.7855424730977982,1.145555740873885,0.4317635977611942,0.8476823355234591,0.5156855648662635,0.3383969671467584,0.8729540441833817,1.2123380574812068,0.4285197892725987,1.1978565672536607,0.6931273453229145,1.1385992804371523,1.0576258695629752,0.36674790276879554,1.0679634943491536,1.049691862002791,0.3023471784313131,0.6268106277742125,0.3169910943958476,0.433579627355146,1.1637274940064593,0.4668142759291083,1.196378653358371,0.9202539760443592,0.2810568760351556,0.3569912611746233,1.24209218702882,0.6137255211356842,0.8543807190828081,0.5050872224213981,0.4511365425903773,0.45928776153011985,0.9833279087168623,0.6580200912850811,0.754421039715213,1.0913567713051986,0.8767838170518446,0.5905759374211187,0.5412937472055053,0.32608472676550726,0.3889599052489162,0.6571737385988753,0.713675805773178,1.0239361288236721,0.42260911290227454,1.0396736137927558,0.6414797303340157,1.1157009923240038,0.4726036365412377,0.45518283339516075,0.9742049128083701,0.40311344577219843,0.6817328238428492,0.45774927301219037,0.8392117234526204,0.3385681738250801,0.6617820274857746
0.9422765645178525,0.6462420189026588,0.9332953766065052,0.9640869321324278,1.094170448969197,0.8301723692273323,0.3176125635922149,0.8908263146902062,0.9113706110704144,1.2080734801193802,0.69973984245054,1.1071792569987529,0.5300373295504894,0.3370927667957715,0.61459372819754,1.1039619669554221,0.2968519085276031,0.37020722912057624,1.0073102071344389,1.2230781629723328,1.1560870604812605,0.973447817850001,1.1087642793494723,0.6225332737595508,1.1080232710072293,1.2233826191648212,1.075710951560667,0.9890669759393725,0.6812338697915579,0.7640954425512597,0.6110747263410372,1.2153027236304,0.8355637287933019,0.7268388777331244,1.1989806670470013,0.9846083007105351,1.0961242105302316,1.0350639210464312,0.3278565196087696,1.2158323197183325,1.0267984372086307,0.6167983206462684,1.0518401684528058,0.7269833926176538,1.2166222208961075,0.7541328419184383,1.1196958848516338,1.1458157315601947,0.5922255247789046,0.6968741952004389,0.7683654633353206,0.7430301251588023,0.5085572636402459,0.6261904687696221,0.5790737794607279,1.0214733448596065,0.37906512482906296,1.1799217631456647,0.9894746538841134,0.48097931052806364,0.7835544335535795,0.27819134044722216,0.5027658599511641,1.0829941385530004,0.9196112565375176,0.6649977583707543,0.4379035887984165,0.8041812554487988,0.9694599676699719,0.3803516797147918,1.0065385834953067,0.44854285886820167,0.3770335759732317,0.4286288767542995,0.2537196608180592,0.25041028943917487,0.9374648040497281,0.9940494512285778,0.6648476065605458,0.8880032352162481,0.5511590197854453,0.3947106361365199,0.7511197008253482,0.5024138129765602,0.48227336479050076,0.3385223152147284,1.0638291315928432,0.2526321555795882,0.9888050500786865,1.0949503772726041,0.28210958048205825,0.5112001712739129,1.0385518420082565,1.1580348763357216,0.5192704243052076,0.7029981008299638,0.8987469372366542,0.8764638552540559,0.541272522255737,0.7238084349601387
1.0991956515653194,1.0082384757040912,0.6959027063767483,1.0517280830697917,1.0556701529500532,0.7836025467268785,1.0503565078223616,0.4660381825095996,0.43519556786746794,0.6179407513020845,1.026710556955181,1.1561432547657664,1.108341676799121,0.8670665161178013,0.4678925542549901,0.6891498166337483,0.5261695578208995,0.5155828329586061,0.4116714362369619,0.47612533124967193,0.2621567714773868,0.259054161580371,0.9983558536657398,0.318713677723961,1.2476282974021564,0.7150095175264276,0.5357075676608903,0.527464679724954,0.5975187953137546,0.558468281489484,0.6584555814084826,0.3004167736022092,0.7913744209074383,0.8800931268616634,0.3925565550331156,0.2739462652704835,0.4328133885392259,0.44571264009964906,1.2054481914380675,0.4557943769894217,1.0975476330547362,0.34949466887296465,0.6845309633044954,0.6392086186234388,0.693439102836044,0.5728097934478503,1.1408321482896335,0.35347506364658465,1.23138333424128,1.0279849715709368,0.322898451871655,0.3319384390381461,0.5872124904062858,0.61734051527728,0.5645876334140665,1.165138820404896,0.7868591465026183,0.7950834128598901,0.6763182939907013,1.0519139528361265,0.25024100468513455,0.49474507963692727,0.6566365268849704,0.5475707164408155,1.2206680277938706,0.576942100254695,0.8747953987187252,1.0120327210390512,1.1045686640326409,1.0460685253969375,0.507365458401634,0.7448284566214202,0.3085366000800501,0.5877479967348472,0.49150622685606127,0.8461826694023769,0.49986746525792936,0.7532192071829621,1.0178609231258553,0.8787213870255821,0.8282297861695137,1.0612305584013577,0.9369524413854383,0.9817760950376724,0.7848009769191681,0.8589991110519285,0.7435091826606,0.7009036530931482,0.875211533857515,0.2502408745178665,0.8938679275551263,0.761902121269624,0.4171958545472684,0.48568711433070944,0.840589657738585,0.7628826025095737,1.1211870463503177,0.7880795428740542,0.6224006660353562,0.6645208293901811
0.49966800885918594,0.9460206180537922,0.5236266662816659,0.5894501925428061,0.8353543643967521,0.8579050927934446,0.483712081910433,0.8695879548978296,0.42410933533408435,0.5769316163380791,0.31536615756438524,0.5269044873778089,0.5422182304618978,0.3638383934766014,1.238035966155592,1.0969688542070606,0.9569764874557162,0.2675523633666289,0.72690010646797,0.5541987196362809,0.9240199190587927,0.8394539894846972,0.6892106012497173,0.6195741994267732,0.49149648525686784,1.0973879305713736,1.1771237818644493,0.5316160421056317,0.30034952696935324,0.8230422006190157,0.9296972168333453,1.140384320855266,0.3360321570329432,1.0786529061182892,0.6321394748325693,0.8348278113057909,1.2062918815133612,1.0702533189448897,0.4969611669918925,0.9915661084668296,0.43181765283733875,1.0165959447120516,1.1195336718149798,1.1374245353703603,0.5709970456408978,0.5081076431734147,0.6990377603699617,0.9065627023996523,0.8796835952592029,0.47047048099936983,0.8768329044150672,0.44598018470176193,0.652260413683542,0.7759465769014594,0.7620885766986639,1.1045154359107494,1.1865702180708393,0.9114662053236519,0.5837042075756299,1.1014891816465466,0.49124433603802786,1.1314858195889106,0.6331644685591258,1.0392906546771048,0.42571524583682585,0.8566893231978858,0.5864503518175102,0.7873791904438551,0.5069522995084699,0.6447753167716829,0.9435098370463204,0.9923102455337244,0.5554134985427513,0.6684494971754581,0.7597231716035652,1.1659430039540524,0.8902509149522763,0.3177963958281126,0.29050917294132184,0.8037282313983612,0.7481296741839804,0.47264923522678537,1.041906538422237,0.41473400888772405,0.44882853028647995,0.538211968448106,0.4553681846899853,0.6024327315388416,1.2363821716288923,0.4185146434591842,1.012948878511561,0.5696181255080712,0.2784573918439225,1.158258554677066,0.8601785762366418,0.9630314563751039,0.9983188011224908,0.9121858857118336,1.026391368652726,1.0921660300613831
0.7394249636431405,0.40389590633985506,1.2471245001577111,1.0648251137465121,1.1182712805132586,1.0148832615421282,0.7900119146045106,0.9002010923981534,0.3483956497133973,0.3988880503324447,0.7375711936733843,1.2335214727152222,1.1607701616439152,0.5952231428016921,0.7040016211961149,1.1430902051954148,0.31268962162186587,0.5433086107805647,0.968331175372004,0.5539425122550273,0.301835799119729,0.8632916848873791,0.8605467550154245,0.7142385197392249,0.2903508268596997,0.31239406859827723,1.219926525345191,1.213360320446038,0.3027652578596026,0.5752111962762113,0.3066804321658354,0.8268812013112085,0.30702691400361937,1.0334695600492676,0.8047318032823543,1.1914742375060654,0.6266764404294625,0.8987471138950182,1.1096453453526065,0.7966772648973117,0.6803465323722004,1.216274297748186,0.4306575413113032,1.1439335106699904,0.776094013251542,0.7139854174403808,0.7093036882130738,1.1569855184382436,0.6661609464061578,0.4145660584293349,0.5031989070128102,1.1937663822120144,0.30122429640431325,1.0587994445011506,1.1906901877232317,0.9331755632398181,0.5583521216761987,1.1532736222389142,0.5664687840614986,0.7330662451933027,0.45823180860821444,0.6659136542975095,1.0446628923978891,0.28121356033874756,0.8471166200155034,1.1804486005450312,0.46120825858795167,1.0907850719391146,0.27090951233523497,0.7422161832874669,0.2897112075722472,1.0204117870686438,0.40766102679690797,0.7585388914977079,0.6299599522597525,0.537934094093219,1.127489241731488,0.9735807004399809,0.372911182542245,1.236414018482889,0.8295363691499811,0.9674035554052103,0.8330186474441363,0.6013559346549268,0.7584059766446271,0.41030903951556885,0.9872276772498267,0.8049098338254089,0.7835897301104087,0.2804235396540856,1.009486569188307,0.41762156384058446,0.8793549426289384,0.559481579194867,0.40397412974382907,0.5235028658297071,1.1187572305365872,0.36618077501189095,0.8459268121167338,0.48000045254839985
0.4712094418196022,1.0658331249906179,0.676181302235973,0.33011484638467514,0.45584121003676825,1.0629857387160935,1.1300790875614584,0.4020248531286481,0.9103027197013381,0.5556042154902149,0.28361360018328263,0.3907115280487584,1.003961903596784,0.7574119387178089,0.938274235780237,0.31245759361907144,1.0893384923560023,1.0231418739186715,0.49734031581908333,0.4804166621173499,0.7988586650773559,0.8876882468959355,0.41036540611974315,0.9727377522388047,0.661191517994586,0.5852790500782957,0.8212604699370973,0.26028449593569203,0.9420112559466547,0.2892694142416523,0.2846727042260664,0.8139195667556237,0.3554834274610357,0.5270692497133996,0.326758061888738,0.4244092671114995,0.5892406611738363,0.6689697737795244,0.4188100057845642,1.1344787275967592,0.4154997746636556,1.220074456666707,1.1976861770642797,0.5858163646415345,0.9377692063657348,0.38328425808217315,0.32696918300801736,0.41874943839822953,0.41653851349727,0.6563322309637678,1.0536934518773025,1.226489661147887,0.7465154222306049,0.6117683119225659,0.29778136468140537,0.30233285730066284,1.1195411688592183,0.3485468514129424,1.0239950872940091,0.6660706704086862,0.5004829467497635,0.970333369165993,0.7063168205509623,1.2168655502933936,0.6741850557459762,1.0869278328446237,0.5631820507036351,0.28342653309322163,0.4730900184453558,1.1306505774645779,1.0894080376092719,0.749618411998762,0.4240104480161242,0.7267538755083282,0.6984852280026338,0.4355259752577192,0.6681315997936227,1.0559701286709537,0.45307059292006213,0.9822905674256961,0.536660581287023,1.1932983972456526,1.158917744121454,0.5148662578135714,0.40737851486886756,0.7945312929045081,0.9497130771543372,0.43804109258878576,0.36310575650171983,0.5781471805150686,1.136073967095525,0.512880701989326,1.22598311939245,1.226413222384056,1.0437174257852124,0.3715873495335269,0.7865546710107993,0.8050185242052911,0.8943657004925674,0.2557209315419646
1.2376680079966471,0.47444057183666066,0.7013870243296755,1.1448166560605277,0.3619196193977279,0.9681230762264944,0.9008773690471942,0.31134962711066816,1.014372662221736,1.1266507618282007,0.3126532034553545,0.45201566840248997,1.0549067768414386,1.1242225246851758,0.3905529675783608,1.1334647629860606,0.2538199226585831,0.7679605277125789,0.8906151835488874,0.2514738220863114,0.5376327290436782,0.4920220799808772,0.9236454174749077,0.906729484721608,0.38008066982894695,0.31701653775120997,0.3930011226657264,0.9660499732421445,0.7079289944340279,0.521998605344356,0.641910562943909,0.7502785352077603,0.8355876838726125,1.1908801695592044,0.25418744362795787,0.7216494907505954,0.31243132727778034,0.7080286165838686,1.1039428821418529,0.8039932555031309,0.9566041289942178,1.1150710993753938,0.4687717084108797,0.865069754014698,0.5234745153749798,1.1777457330754073,0.9207650254430357,1.218326960099255,1.2361767972836948,1.1765853832183812,1.0678220735661905,0.6262593293304219,0.37331849107529225,0.7742547205377367,0.6022309750707453,1.0328486179866574,1.0140955865788794,0.48207857786616504,0.30207240622126974,1.2278536935017819,1.0559058425334413,1.1682850353799576,0.4207682600033369,0.7765949425897893,0.6966887217446649,1.24548361073322,0.42884106850779935,0.6167520764259401,0.30651569079675733,0.6629111895892132,0.6981708470213185,0.5552145301288591,1.01075930838695,0.5206746059652894,1.2306482195640496,0.901679794878427,1.16101569997922,0.5394978651197196,0.6519519246152196,1.0269463883925212,0.6169578318169953,0.777772209068877,1.1919914468838717,0.5998616942224785,0.920974709485785,0.7823102633799106,0.49627073410317324,1.1096655476664752,1.0782735648159885,1.158189595696503,0.9790337428294941,0.28574839446586464,0.5812138146231214,0.5312600203804746,1.0352028679128251,0.8060573351914615,1.0018762443691909,0.5372125711273615,1.007509822818506,0.9013198972262393
1.1940593396866133,0.4738176148226231,0.4136238211916692,0.7975923761537362,0.5197496115169896,1.2055236959549347,0.7829577865513353,1.0307615860684398,0.515046428325004,1.2463343376272473,1.1564374533444108,0.43422483923802613,0.2680065556004545,0.7435465803401187,0.7355896996593978,0.6983190553694222,0.49682386920190225,0.5980955931682881,0.9166004790466192,0.9793447940879964,0.5567765995221412,0.9640527233781268,0.42925325573928075,0.9587656552291542,0.2724258891620551,1.2253431334790705,0.6245482433795813,0.9562461625552622,0.4765216260361057,0.2563790434065907,0.9471636921379805,0.3193940859041834,0.7943448876343211,0.37434584143087035,0.9204343337969175,0.34142199181713817,0.736173654104883,0.5066472071860958,0.263228812905294,0.7845592191563087,0.7853477680616567,0.8507921493396191,0.5762205069809315,1.176907562145864,0.9864731746190728,1.117702097919239,1.0712594203728454,0.7028833604155117,1.0708490092631289,0.9604218150124118,1.228947355854662,1.1732860210139355,0.6509703266883518,0.9207273254426008,1.1065719886833358,1.0955108108405605,0.49781244290690685,0.9589000062515824,0.2628216495106058,0.4505646595880699,0.5296738565464432,0.6580404616028166,0.5172098954860741,0.5532810260654453,0.5041472801278144,0.2725685832023771,1.1519161078378828,0.48707039117417805,0.3533949366300415,0.7874937536732345,0.8866929143579417,1.2237425820384935,0.2658380709448742,0.27917066857407447,0.6002723706693276,0.9626014072983932,1.2431637389334784,0.9141257392833504,1.095744878325763,1.1224628150836742,0.3338979606289093,0.7900291922606877,0.3143192231935835,0.9583240490779703,1.003937684441424,0.32587164122404755,1.1534077558627929,0.5077552156281097,0.501853362345709,0.34695212359898775,1.1778100616476963,0.9544236214774866,0.3686557031962523,1.2034358247578352,0.4873177042038911,0.5769776232427393,0.39006455935893647,1.1901760633010565,0.3679789994370257,0.4524621836388314
0.2894268113685059,0.7869744228934136,1.0448095487499294,1.0672977699624937,0.30708685608931485,0.26823258267636163,0.5743337531153756,0.7098004237693202,0.2709449610309128,0.6183095305068483,0.38924537111759516,1.1439897100078704,1.212810357074026,0.9522587660316643,0.2775367198694655,0.7604324890042322,0.9909040561520714,0.6217392949063303,0.4126997438085659,1.2168454997992852,0.6029585034523566,0.3413914863317764,0.9439495905101568,0.2583636818768571,0.6104268271414861,1.0669739072718367,1.047732263348214,0.8726895409497974,0.8639703063252326,1.2283547870568565,0.44343534295648257,0.33987685173616067,0.48374079203674425,1.125133618621152,0.8918195168014353,0.8756819122613526,0.3590136156409287,1.0021143326969748,0.7617804565694807,0.4454580003683999,0.885323346708321,0.9508656972438799,1.0061922341067806,1.2120584989413516,0.30165735711464103,0.9576205857405353,0.49465505460471304,1.1957151084410245,0.5314773024509194,0.6689236247929187,0.7518695310245037,0.7948246756734317,0.6007097879920843,0.519439446303655,0.6460544774354667,1.0490821457719544,0.28634074831624245,1.0737444619122996,1.045544391926648,0.4653592828546085,0.44152132205014816,0.44127737103739706,0.759113385187522,0.6125832125946771,1.0751348756614192,0.36285814471276223,0.6471868863171288,0.697272968157122,0.6815081198476424,0.29929966240916994,0.47123781980668367,0.9133626109564928,0.8078101257354344,0.8551016222371507,0.7021829393601079,0.9380305189519813,0.35609204994795207,0.6765919010543934,0.5962660507879305,0.46563976272584917,0.3022763722722057,0.711033568097812,0.6523705395413744,0.617847181142801,0.3603942342499338,0.9482154534944728,0.354371458082829,0.47642960508765,1.0273021481439182,0.8564097767438004,0.5826565998208915,0.7421166570858616,0.8203873253675308,0.3035446508926749,0.5386663026754605,0.6924913136680374,0.5982746153631915,1.0120716534397256,1.0832094569102624,1.1401151363098094
0.9555751725156885,0.8429399348417032,0.9436822257814886,0.7023182845183001,0.781169528001032,0.4457779856835461,0.5830019130581979,0.3081637955054758,0.33217166747642735,0.6986106309545426,0.7824206822752171,0.9042925523249619,0.9766709920703233,1.2428168389990704,0.75545511791045,0.8765925110932102,0.5662701497293068,0.25135362571546815,0.8150853124527563,0.47429348328504506,0.8712924490496101,0.4492703364668008,0.47959816075396866,0.46766739958053605,1.0337382510752364,1.1025474212459705,0.6173907286970705,1.2401088460868657,0.5028581182501112,1.2157472098197475,0.8915044812562517,0.8509120056590861,0.8877741418455916,1.2209402496046184,0.6607888099996118,0.8005316805962256,0.498539820927426,0.7628747423052678,1.0194425794215567,0.4162293620516587,0.44648696695621115,0.5352058026804141,0.6437551415654067,0.7589590404220475,0.29929449276441644,0.3562138275884562,0.6713008816333647,0.926820043630047,0.32006869572118946,0.7672721697543106,0.7049568797277371,0.519742465873767,1.0228400834265035,0.5275228049023926,0.449156897597067,0.7584790353080261,0.35184726514238274,1.107029028330578,0.7271463759890493,0.5418671770363997,0.7542634607930315,0.7671179308569195,0.3974539174261349,0.31640535346049736,0.7352556041472411,0.859467763366622,0.49527930497436734,0.3223763931941225,0.4799183708616326,0.25234747386745315,0.927073712658448,0.6582375193462987,0.6294613805934648,0.6457448298473544,0.38351555135281956,0.569316880021374,0.48305318798485863,1.1391193557274428,0.9046211935154629,0.3338041590950608,0.5034571296730163,0.5758901433936428,0.27345902172115444,0.8052633226079402,0.7178024120373392,0.8737721906508529,1.2326882395913257,0.730714056484356,1.2071070960000514,0.7014959391194442,0.7532094167515431,0.3442430664045256,1.1563542110956462,0.959272011669813,1.187987865459497,0.8969467083373054,0.6395491644815224,1.2225144821597427,0.955619804180144,1.109046329706656
1.1752483174156658,0.8300862078378112,0.4707696127887604,0.893577695196525,1.1866056922949615,0.2575628749781421,0.9194869551981901,1.2448663171697671,1.2178600348450304,0.972070938202737,0.6610956026007065,0.4021042832222729,0.5547510953861333,0.3814891198979816,1.2140174071177023,1.1763826067300869,0.35189238806601353,0.5498005275652359,1.0216269109786076,0.9130471918034224,0.5840499656687692,1.1274700466544818,0.36755130015022,0.9116842883998565,0.8161806912250709,1.1879652314338942,0.33701721830278875,0.5618794357637252,0.8276317543444226,0.645155297472305,0.5098281379402995,0.5909585714355583,1.0700675020556494,0.42715352322262556,0.7396440760320326,0.6573655242128323,0.5669426217672814,0.5708545427498436,1.1847955174927833,1.1664891511155142,0.4617458620524195,0.8807704201726206,0.8582113767664467,0.7028248052843268,0.6362877051455452,1.025877254469693,1.0888393367652704,0.5515868698735515,0.30662555737755803,0.33421301117709834,1.0034756054464806,0.9523987210805986,1.053170511632731,1.1834131270234547,0.6747941813314118,0.48290183864948166,0.9784939338474402,0.6651071768549326,0.38088113855357597,0.4227573182810873,1.115645036372732,1.1580836870598543,0.8616556756460141,1.2393495140420392,0.7934058521982641,1.0705764393338497,0.6984078410159329,1.2041316415710726,0.7659458785254234,0.4947998730017259,1.0222402758932767,0.5304632242046524,0.7565499999085472,0.5486721573875497,0.29795773243698764,0.5022024021593309,1.2003797514820933,1.09522555816074,0.9593142948034834,0.7328944365985987,0.32424685933054576,0.7256550309249171,0.5794166573744429,0.34993187705440965,0.3208717006548736,0.4390172827464972,1.1102478109774645,0.7488510237442743,0.9467955139643413,1.1884682123658123,0.2640796632828907,0.4216939931284912,1.0340617798284788,0.7821111338370037,1.075671445979478,0.7441257411412706,0.7612957462460346,0.28755606974018955,0.8273417251963703,0.3267273719282059
0.43057534512733353,0.34148683739775487,0.3323810456158427,0.7764026609361132,0.28934354066850965,0.897474714154603,1.2441393612211675,0.30778056099636664,0.5454447774774203,1.1361957804650746,0.5973433262588427,0.690323418368349,1.0793946648588468,0.5247315255195195,0.6342067129858002,0.26911609442976403,0.6102339188004279,0.8964587416379305,0.7488956645359419,0.9918963269587151,0.9826990505902804,0.9887231507265664,0.41528449014295743,0.7339893681797471,0.562777989210354,0.33510348611978535,0.8067849109281879,0.5899718637932482,0.6092087469826903,0.978370854339646,1.1360861088135163,1.1672680665776807,0.29157895984659377,0.9720660642037853,0.6654430005920896,0.7713770214737412,1.058826323491684,0.8460501157609502,1.159202136206487,0.5778381988500341,0.29149732550990637,0.7056495494398775,0.6945735010694285,0.5286943159285258,0.6034731920607206,1.057957328109019,1.1271204676622881,0.4383025249171064,0.3703781495055338,1.234575896376113,0.38247065634192656,0.9089018065748572,0.403412882389088,0.9735345733310886,0.6355525014916693,1.0953299756887267,0.4496697380406467,0.33933990229186684,0.48556593459450126,0.6293655982041866,0.4913497038374999,1.0543744141377007,0.8157473065511459,0.28929194515069245,0.5547609127973258,0.5352443423067665,0.5705361668064955,0.4732554010693609,0.5034937532571904,0.9305830929187673,0.7232131868843987,0.9811029830035621,0.8128302372146029,1.1169410428305122,1.0254095145924946,1.2059187999620442,1.2083276864813868,0.7754319983096423,0.8361823540883414,0.7640806956192732,0.3537747086347407,0.8528075322667594,0.7868682179706021,1.0550176932346278,0.8481824455420024,0.7194348621540438,0.9378986454790752,0.46508522878509284,0.8460301609498011,0.37251914253709384,0.2569575873032912,0.352534538112644,0.872515868412716,0.7278770771227306,0.9477970330625238,0.8702788171008429,1.1790763602568237,0.5351331751807087,1.1397353347830568,0.35638840541407735
0.8179452305526295,1.1274608626303804,0.9304993020747131,0.9815895217553319,0.3721099140100268,1.148030548949987,0.9118391898493786,0.9450352288585532,1.0192231478381335,0.8430443341867842,1.1498333456872725,0.865298025069802,0.53152119841493,0.6445760755976464,0.2889960125749116,0.7268434683178171,0.5203932863845255,1.2241944438163572,0.2621031167761074,1.0984253790905247,0.6545273855738697,0.26374555401134525,0.25199213521907027,0.25531347566834595,0.9043420054927197,0.6355975925133334,1.0951208514960347,0.32893940294655555,1.073552226611819,0.595806098410425,1.1456899442666164,0.6565905373594723,0.7481299435480424,0.29028551877799846,0.27400504484488886,1.1465746584690102,1.1254886503958965,1.2457344520513232,1.069624869547645,0.6220822549628959,0.5720675351957297,0.7320173397769325,0.9923699370897818,1.20887187319041,0.5656332153671523,1.0177646177143376,0.49317998026422594,0.5537350462250994,0.8307685836144216,0.9164073046949189,0.7969155137931242,1.2391253191087332,0.6165511873792262,0.8271866762233089,1.1654162014667033,0.9771628097401385,0.6212709205053938,0.6877814772996199,1.1825039530973824,1.1608342269897538,0.3285362427927987,0.3158298433631538,0.9647023163822577,0.904907123147859,0.43180846566694975,0.48921108803421876,0.994419253813326,1.172307775483585,1.1905373011029476,0.3712648933591367,0.8677269240617943,0.4921834455937677,0.5633676944572782,0.9967433077981598,0.8206831750719786,1.1732995082699293,0.3477072753867585,0.9415055458135945,0.6072419681701362,1.0791817799499177,1.062928405393937,1.2359915721706594,1.1607949305099488,0.6198886256481249,0.5144042979296454,0.97032291647856,1.1887498882798329,0.5218607267259158,0.7103861756750406,0.46202785050222894,0.4901266204515199,0.8625928082758765,0.5650564966075994,0.47349431425584,0.33223322151060053,0.7942000021136278,1.1242965602221742,0.445422586638349,0.9503063538838071,0.7451715922466663
1.1654882975880418,0.5156000425887061,0.9045112142811352,0.3316299820305896,0.7021990282834353,0.4934822965762993,0.8077834173700249,1.2336789252634137,0.8746635688542638,0.6415256981778293,0.2718233967754895,0.3334640849893833,1.122753839566128,0.6718281785388314,0.28095579091934353,0.9377220424305607,1.092711902160555,1.0970608269838995,0.2590384690792922,0.6726291970136091,0.3183532003099586,0.4983762603698002,0.9687396178535302,1.0544946424318224,0.4820181803088107,0.3210348890440021,1.0459263871435023,0.6927981365437375,1.0706961607667793,0.921093157085976,0.5472872042813265,0.3932814587026411,0.9393104121026903,0.655422825139155,0.5853716062174624,0.44629430231106704,0.5524663174614697,0.6852622796565538,1.138191349661304,1.0098236584283884,0.809744661333675,1.007776560375158,0.47833125236861085,0.39281430447286736,0.74101976266891,0.36396588711924116,0.8005706345413642,0.343017409262675,1.1787634212054923,0.5354040684634225,0.7962476001308509,0.5150472874092833,0.6233531610318317,0.897720054420612,1.0119343757430972,1.2307611743888516,0.7516991660064248,0.4807345902070538,1.109502975624898,0.8653478406285743,0.6064047358496647,0.9425728000775818,1.1877046153793676,0.6927359277064583,0.3359103882028205,1.0369757993812008,1.2212199118854943,0.6758931550366818,1.1559439679262646,0.3637619588045494,0.7063259238223986,0.42170998897368817,0.5451088601842853,1.1077655483724422,1.010704806043895,0.7073166098928203,0.2649985003771367,1.1333497010221039,0.8270533417135443,0.6937835792823357,0.2888736970166893,1.1877645593182242,1.0965543224654029,0.8985341590333424,0.7776244568387078,0.7794357405412765,0.9723111683237078,0.41970523915524494,0.6144098659954033,0.2795419686114933,0.35080719713908526,0.3442103636124938,0.79188017327622,0.955595789776492,0.6682640809025757,0.9897963719360992,0.38452549228918453,0.2611545873118305,0.4516999626310254,0.8592226627693547
0.28394597858579884,0.3795149212828042,0.5232595269982093,0.3103520839905638,1.183875017527905,1.1770345447963066,0.9806505102392461,0.4891801042159256,0.6319396396528959,0.6626218408486237,0.9137896861755891,1.1324163684073387,0.362580390411937,0.6610210752655458,0.6379867599468695,0.9727069576982285,0.5633479175851431,0.2735949646455291,0.6070293439700122,0.5529309056404292,1.0337598424841072,0.46440648299316456,0.9824010490583791,1.0228095732903375,0.264381446072085,0.4607931015500286,0.42512314013035324,0.5110485262348481,0.7273503981224013,1.055430043045979,0.4799937539632405,0.964718833502036,0.5023119270696871,0.766283299197674,0.42708225539728983,0.27256451170534723,1.108698121244574,1.1706914007786196,0.4492196858370765,0.5888234824228074,1.1079349139973287,0.5319183555972516,0.308457987236877,0.829829576047725,0.5707335823115712,0.8939079570677647,0.44249315063582706,0.39386796634332977,0.7467434280059845,0.8358083942152443,0.3394731228103872,0.9220595026617354,0.40141044393608505,0.27929944310341837,0.7551155557440064,0.4056925977559329,0.9754681684501628,0.5411964549966242,0.9597850502239725,0.6619465486122637,0.9976518245649778,0.8218975224589538,1.1622545611011557,1.1989162181887152,0.9641191409249159,0.3063818538532316,0.6880336566976468,1.235524133255218,0.816806105010466,0.6609606080359033,1.1440913692578456,0.7798338889620703,0.9834018493349057,0.744982794712461,0.39986279888655163,1.0961938661543735,0.41110002325642225,0.7457170100782755,0.5922655927897462,0.8208530255443127,0.9089427939347428,1.1121529582931218,0.3774997266719857,0.9753896016618326,0.7674610093842912,0.6454890761835702,0.4404569970300459,0.9684601783231668,0.6030047509718363,0.6839352496313738,0.5102113679357536,1.0042823330352162,0.34124484130425536,0.4408094914463071,0.809301872076827,0.95593661771162,0.4227896518824632,0.4923257302463214,0.6797453810756667,0.5249083374822407
0.9474202672468399,1.1387480798689773,1.2008635622504102,0.49710323401014644,0.5661561049767505,0.31026739028956085,0.7152056122837182,0.3922493686871962,0.4556872621955551,0.9456181464968069,1.2133944342135505,1.0536035354415352,0.9536859774607958,1.157611002556555,0.41002493646319405,0.942532431537108,1.0389324717760071,1.1485606046748393,1.176194068431782,0.5752951340230311,0.535758324592706,0.5208063280369726,0.7649333499132595,0.7984191629935626,1.0143533864364274,0.47936577703767236,0.9227646144124667,0.5933867021776442,0.6008191093350156,1.1967562446922408,0.6613039720662313,0.5433534214410098,0.5577709052931491,0.8306452259096341,0.34842418910136874,1.1116648846991009,1.107230937369791,0.5950168399245661,0.5341842957117288,1.2020624466390029,0.9169274474586807,0.5680396116945199,0.5499293974730662,0.5325502675186389,0.4422579184680919,1.0843247957493984,0.35187876413955654,0.35466044034648114,1.092945482456197,0.359482366068994,0.6679840855069136,0.3020237550294469,1.0484535050511905,0.8681029655616969,1.2383705667215712,0.47566458305205506,0.3632312232591254,1.0222675568375057,0.7322252303373266,1.1844107945712148,0.8006905446947946,1.1574631763464254,1.1960756180688312,0.49599974030679517,0.4462342816878556,0.6193826475825851,1.1110333999722404,0.8040583834602107,0.6044239919873862,0.8978370386082265,0.7478691805143192,0.5399873926441419,1.1212769881211573,0.3809312521267775,0.8218287711826909,0.702323477634296,1.2460127833822483,0.563250740488822,0.3338737385520121,0.7770709385134583,0.5225577488154005,1.1391305357048584,0.3430303747408957,0.4596609221117004,1.1743543461938004,0.5723384580809436,0.6921561381128117,1.020089031254082,0.8863727057095906,0.5278328995646543,0.4270432945283974,0.2705109193203912,0.92894542428067,0.8028417959847682,0.43741128798377693,0.7841898918086192,0.6076405495889113,0.9287759835204289,0.7440428669357333,0.9667977166993706
0.5473490073725508,1.2056514982297535,0.40105789178090023,0.40954468011318834,0.7572348086883924,1.1844360268055143,0.3101423426007852,0.3713849394224289,0.37138641815940643,0.2532182636042787,0.8101681834618419,0.7552067735766382,0.7906984766449103,0.9640326444668564,0.2733520963281859,0.38443512940812186,1.1418721448107347,1.033198413298626,0.47867677960360877,0.9626213330985128,0.6827668795992626,0.4975597702798864,0.4113628010553837,0.3164633257762721,0.8737430848640091,0.7191072110475787,0.4705042634356471,1.0845717902556276,0.6125597965590945,0.650212275849672,0.4905315851801487,0.7754703073558932,0.8636379029893838,1.1859372482485595,1.2067204338893498,0.8271170823879065,1.0146509503848735,0.3047327069249859,0.5389685249210585,0.9879277689988003,0.6853963233997514,1.1746417911286366,0.7243086648684303,0.5290082903477966,0.5594695490886009,0.8273534012196677,1.1611205013919577,0.6729435437415577,0.6958866198598078,1.2158366688075835,1.103284798567202,0.3636460386967194,0.9572283283354233,0.7595088732242019,0.7152775312759233,0.4617981498815027,0.6563664052774615,0.32552708602588687,0.7703236261913857,0.2984642324758223,1.0667933695743474,0.37248141685029723,0.49471559702370094,0.7820868239380113,0.9400753541887977,0.7558092225923297,0.8158630735596195,1.1808328641758075,0.6311468820347356,0.9620719922479305,1.0918087090288189,0.878905144923615,0.4425816324585279,0.9462214361212724,0.5036424743413755,0.6743890180725104,0.42999961661068686,1.0036661379095813,1.2428039781860143,0.28820278375739106,1.1215456807081265,0.717849183292043,0.839267338756667,1.13467498495335,0.7990832225687229,0.8603938666440536,0.32150302433163536,0.7123284974592826,1.001273116937746,1.1199059338903208,0.27852002483864824,0.4993757879958921,0.9750960188976509,0.5032453630402508,0.6982265821082245,0.9289030208597069,0.5407438658906739,0.48108892213456855,0.30521762675040565,0.8449160209188715
1.1743961953765303,1.1121276172654506,0.6823348010426019,1.1217835665922018,0.2915728590503921,0.6016226872396344,0.8122968158779098,0.5532751475675955,0.8650129680388666,0.8695893374598407,1.1868224620330918,1.2171266152591704,0.3465344701954408,0.8579052140907037,1.0062136139501767,0.5493955883716812,0.6838174195765295,1.0303761235709805,0.8843636888716871,1.066779466505636,0.9354438832219015,0.31252629574284574,0.33355433751068975,1.0165150495325848,1.0123026245009599,0.5185621674536426,0.46820753455217223,1.1854845135274958,1.0557145256682179,1.0332979829560478,0.9223838432917036,0.94783278550517,1.1479352934437368,0.9222506872941947,0.8493597250421656,1.1406584554618424,0.39669511401518154,0.4542421063684289,0.6270539310016988,0.84742924257342,1.203120114394138,0.30622429485097225,0.41802005219267857,0.6549685873761885,1.2249042728102348,0.896407375228089,1.070507504232109,1.0455783762575863,0.9585835457678252,0.42478498788336594,1.1061536219946602,0.25391837495109326,0.4403817862970347,0.7957496797794357,0.3082378308202752,1.0425397676213368,0.7350729091426954,1.0775812174807022,1.2252445352839585,0.46027617790186137,1.209592147609234,0.7840361132046566,0.3815653066393546,0.732356208582753,0.6403764460469539,0.8103486743503234,0.4072356650942335,0.25534898869422284,0.661852283144497,0.4284506740983748,1.0513520582702487,0.3679386748742335,0.34761876053514895,0.45607377993717524,0.4780618169000199,0.40676294759929466,0.7525476067220231,0.4700662547846918,0.3771824536325109,0.865214896596914,0.7349922845774995,0.9074443271774648,0.7821179724587827,0.8662242516069529,0.8329984797183156,1.1891086983102406,0.6396574222881154,0.9640870226850174,0.9285170694844144,0.8549408131977551,1.1593041464060494,1.1406666758919073,1.215031622909919,1.205621379781356,0.85102587748869,1.1235596022726129,0.8647709531562623,0.7590034454826182,1.2046375133600558,0.5748241097485547
1.2210582451653678,1.0595160747248782,1.1936159201675989,0.4692139873580443,0.39834320096208886,0.3514208284492165,1.2076252845053803,0.3510458110106467,1.0246337806377879,0.6054930104413574,0.30225787928602377,0.6677609792750997,0.491893828258839,0.5593727178627821,0.7085230088818907,0.6087155254170135,1.1599431438543921,0.7079957590035715,0.4720758706933206,0.43161396775660266,0.582456157148712,0.7089405165968203,0.269128966437287,0.833713587731364,0.2889380166876656,0.3509781068177611,1.124071773305185,0.43573307200518563,0.578179482797612,0.5159284506321188,1.0760646845482855,1.1502641112020704,1.0599244203028992,0.731277951219237,0.9786562842366027,0.8469452234131726,0.940322846900729,0.6686951433276842,0.6433206703851887,1.1308951605447524,0.9692452005758319,0.7356342984133404,0.6047972896563887,1.2487929358156546,0.6611134169948486,0.7083634794263062,1.010034901803174,0.3913835542163402,0.9818727372865008,0.8980303180552142,0.349237664919681,1.2494606810596731,0.616721908593799,0.6094238268308171,0.5122743218149849,0.43690729645011817,0.7908270639715397,0.6776690858241691,1.2157704438842871,0.815888605101759,1.042662476751617,1.1294626935118923,0.5522767004964485,0.9528664440501013,0.6657748009896515,0.9786151567927769,0.9406227420813416,0.9982388061809001,0.977579322134944,0.32958814737204245,0.6605048213483565,0.9049411045673216,1.147795806392026,0.6912296690917168,0.26152601405298526,0.6764060564919728,1.098417726430511,0.638531148006042,0.32234838383605735,1.0780432857742523,0.5555764593278257,1.1450667229362141,0.5163776414300238,0.6787251417514815,0.6516531257643803,0.9217448404774834,0.9916030197372087,0.9859353919374455,0.4484101011935627,0.8640907379757017,0.2582231313888915,0.968531318122246,0.5103973587450716,0.2786311938356528,0.5773766801153992,0.6822712877881686,1.152776047764545,1.1378181149649986,0.3785772607968785,0.2753714880423156
1.194266489113434,0.9052419806390217,0.6697273169261223,1.2258652558191314,1.236630122958847,0.7358717591863256,0.42530294235765964,0.9421613416941319,0.8939042535411307,1.0441973312770843,0.6687933190741614,1.234110319036498,0.2624040362773148,1.0737903842212946,0.5392447719726545,1.054437207679505,0.6273180539631928,0.6480052929545028,0.5716699896595486,0.6209410081577652,0.3065856561467156,0.9827334747861651,0.4157481769652207,1.031959977157959,1.0871196278306523,0.4174910890941077,0.49966895274023015,0.6225089315534659,0.459059373706846,1.2403323037936484,0.923092130911217,1.042191194801676,0.8331302190995835,1.0596750362658893,0.5653637432661175,1.0601610899597025,1.1950240645805688,0.469634928594569,0.7945553246546755,0.29960590834948275,1.18016520286255,1.1628008004078616,0.6499830182935685,0.30496630683982207,0.6947127768583358,0.7787073198840526,0.2987663188131404,0.3803204331723359,0.42396370590333865,0.49545446253893044,0.34072088274783086,1.0522736971474778,0.3558050248565142,0.3314738977129419,0.6860704802193126,0.3166598298233061,1.0683606413952167,0.8460639311005951,0.4652690457858343,0.8655526231931792,0.8538030788437534,0.660023786741743,1.1450851727663145,0.3180102319524205,0.7191774960927717,0.6048457234306582,0.7634344971258201,1.1530506531025155,0.7016389955188379,1.190397033945544,0.48008449185747504,0.5332965279977022,0.5998954636473987,0.3150007889488885,0.3803407235690719,0.787416938599807,0.27040161068820634,1.1157272371067937,1.128530749207156,0.4075005480758038,0.7676389356894345,0.6429507649913531,1.1494530845538353,0.43233518357821954,1.1990796031828168,0.3247459036363155,0.6364433509308174,0.3882755276778086,0.7439871801434912,0.7819106968813024,0.9860821443370854,0.3229683329256877,0.26845641904302264,0.44972828011123656,1.0309448189504873,0.6627630727487936,1.2122915416725868,0.9437579203490752,0.9474612672267269,1.0001502812985177
0.7242142166574638,0.8008573706091393,0.8885259476640855,0.5868957917711068,1.2151186964360456,0.5067765677205079,0.9400048908206657,0.3122917981300627,0.7803021332491583,0.34299063982313216,0.5101577909620512,0.9179199988036271,0.7187679654645058,1.205060511484989,1.1500831830164806,0.528759872414553,1.2140784164901082,0.5529157288331926,1.098042089601484,1.15194019674915,0.6239210470128136,0.8567317247174364,1.1408555349831468,1.0017469923958404,0.8695262000363033,0.3972755635520909,0.5132473465180112,1.178630562115394,0.3346883418753068,0.27576959876435114,1.0743504472493495,0.9263610678727241,0.9802217177572492,1.2005328209544088,0.6431471294940152,0.6796733633551479,0.9325404787671571,0.25022703821825554,0.4098797633664414,0.5070626921892087,0.7775879732721657,0.860363007818157,0.30739184368827355,0.8285418182035315,0.82654498995114,0.2843768583517252,1.0937287927102575,0.8934289495173308,0.6112160589758118,0.9675613826485358,0.5126954770019353,1.036723014733541,0.8782065970930439,0.4433392336120522,0.4069026241461201,1.2485608065856286,0.4216781950432169,0.339652231235679,1.061104566305318,0.28955750656261314,0.7433415880523805,0.7319949177328671,1.2220534746234883,0.44378913002335485,0.6177085081275432,0.8626843446746072,0.9006065232521034,0.3897205669789541,1.1067299465058973,0.5106663825621017,0.656082132559771,0.25024293443451273,0.8013173906628142,1.0753084024229824,0.5592681114996954,0.27250432742868647,0.8544889822584595,0.9744223402693151,0.5518346608928951,0.8443317339265958,0.6319580190452688,1.2117624783454688,1.1773664094615535,1.1923009379012068,1.0271859094396096,0.7106849734821338,0.5802941754681341,1.2161780248345369,1.041640072183063,0.341850337229201,0.40214788691951653,1.0711261044851796,0.7956084644271506,0.4923106063874477,1.0904495816388056,1.01424562085238,0.9036029525352265,0.644629069906032,0.7562310360908802,0.4647536658250827
1.1120426509893133,0.33698675991141014,0.6475943979627943,0.4321179156886993,0.2549399809344096,0.5348729019619228,0.4509336886590565,0.7594221281497897,0.29195122343163626,0.8382022669483905,0.9808209649807298,0.8846712732539415,0.5512652607600004,1.0711982825502266,0.3661389602005256,0.46070496386720317,0.3392895245255729,0.3156948589543658,0.9788614422699469,1.0566935196947393,1.1944485826943034,0.9228716685980798,0.49153684170168177,1.0530020719578372,0.8133953507126401,1.2230767979122983,0.25065339076129955,0.31180846068922263,0.7166931208844084,0.853528806501121,0.6469921622074741,0.9296331823951436,0.6148224702077987,0.27206614868229084,0.4869239938967235,0.9998599312882688,0.581616849107834,1.1650015377475271,0.9412466637859893,0.71503633422091,0.5089042747931396,0.7964070742121321,0.8333072481842045,0.3325721580352772,1.2333407684142266,0.8889630219732846,0.6880440759053837,0.4471829819680663,0.8873021565380239,1.026821367240281,1.1247660625539935,0.7597260752881797,0.37137192454861967,1.2007447132126718,1.197565126324043,0.27481721144514915,1.0578314518266223,0.5873590783572796,0.4472426661670168,0.6530387579071322,0.29006908634826667,0.3204606776669583,1.1093249510704761,0.46456482009284983,0.3506199772225901,0.8353754227909563,1.139687412571665,0.3461258517321515,1.1940947859303646,1.1033464976087237,1.07621737577522,0.3769360576741764,0.6095431445200035,0.3759406410475006,0.36687876059093905,0.6941130051754064,0.5270254488696243,0.6538110052474992,0.9002969740735076,0.8436105444464144,0.8143010646698302,0.665786062069183,0.6526114383401627,1.005068204131625,0.5354052903028416,1.1408241315106276,0.8453557225103119,1.0710319470964311,0.7257040781890562,0.6950186837253552,1.1622296219996,0.7430351215402048,0.9567905043968145,0.6640678257678164,0.5736094694340708,0.832553837041994,1.0881592014010866,0.6224689389121083,0.2756322498844226,1.0844737434626284
1.0945493985350705,0.6584532130706987,0.52421520234867,1.0396985071424791,1.201811785423239,0.5572899649262866,0.7858276844730813,1.2466968538529768,1.2184887775943838,0.7309728898861237,1.2312970904972467,0.415954895295785,0.8483574842977588,0.2515651051914729,1.205918828955319,1.2074480190380963,0.9370192665032427,0.4782353634936991,0.34539927731321063,1.2348584027624758,0.8917343972985582,0.33114917853623915,0.6042713272172157,0.7680080664046248,0.8746140481145316,1.0092925069184737,1.1206690341255177,0.3423605281113785,0.7321320989198419,0.9095059816513271,0.40631697070886086,1.1959246440320865,0.8909655280987577,1.2325212722560388,0.34696567096542474,1.1630414668898559,0.7505793174308313,1.0938794112309291,0.4175665393045065,0.476978539471521,0.302826686364722,0.4997441792293552,1.1343434279712876,0.40452082999051897,0.491601276435763,0.3314472128911592,0.5923951232958596,0.3476100381089916,0.3206966081843662,0.9234197289114326,0.37890258507349894,0.5500670829054399,1.235934168624918,0.658699562270934,1.016848897817773,1.0852440601588658,0.9428784276966522,0.3397009190148458,0.4635374778839514,0.8991539648308727,1.2343219788140414,0.5281436404489108,0.3600177211275436,0.9881507548416897,0.5596318100028458,0.7976161006537471,0.6904345706560461,0.6745726071859556,0.5859461533789339,1.1134914504628184,0.47763253581939236,1.183615377835094,0.3758023363460513,1.1530975070493097,1.2358584404109374,1.0313562183952003,1.1123349164397316,0.4647445024083574,0.5790057296622328,0.41418496405635874,0.36453286832634824,0.8510826653932156,1.1403025571135204,0.4580245627332489,1.0942095857762322,0.3444624258010869,1.122204528998895,0.4544834611958235,0.7866232797354938,1.2495051897085165,1.142795939589886,1.0967830271688292,1.040407475882988,0.48273024187005353,1.088657154492457,0.32100678022258855,0.7752022002307971,0.7057358140084847,1.1747474758643617,0.6702902600542552
0.5691004732432556,0.622688517012314,1.2339776479598283,0.9087077755008761,0.8891199378155004,1.0530258978326634,0.3466764496467196,1.0639702695060187,1.0487141916545746,0.8923255259052274,0.5065300624442478,1.131927758304644,0.5472378077086172,0.886401370183407,0.5639667173773528,0.2588632851134689,0.7438140404569287,0.4966036349780246,0.6787020209864336,1.0042482596820808,0.9214791486672069,1.2014907101767873,0.3553454844813332,0.390324518193515,1.114433246868364,1.2177614652695619,1.0425948132091347,0.41279098920622936,1.0909087104029072,0.9380455570741288,0.9879509473975921,0.545824097496536,0.716181591127557,0.33613213906368034,0.4290316374415838,0.8221229637222063,0.8957250433510536,0.9922922314869471,0.5603084821045475,0.9939051873021519,0.9760848514838505,0.5932754890644483,0.4017429129530524,0.6895629417728987,0.9312821105324338,0.6850145943402234,0.7964763610253764,0.41684857820557764,0.6115401877629566,0.8644994602551925,0.9699968026274463,0.4012642844626759,1.0306820746878622,0.7166831558308642,0.5182872004277727,0.6153668415506528,0.8058708141989593,1.2115437228811095,0.9260930341645768,0.9480705464034016,0.6334811225750425,0.5745066491689473,1.1974279980597933,0.4391386963267401,0.9137343606939384,0.8904832931422122,1.1511776232173556,1.1836789061329351,0.8106944813756801,1.0225225917625445,0.7744363458577493,1.1173546391153577,0.839331644947728,1.1142306022615571,0.5586326485239507,0.9300460563742698,0.5334611492640792,0.6059683908322365,0.6414542707944711,0.373463573730736,1.246990502812551,0.9598047132723719,0.6339488942629726,0.5877107747242245,0.68239636018509,1.2388757121375433,0.29758319254611243,0.43616503574607024,1.0211360481708223,1.0852292908460148,0.9039011463692573,0.8507397744503934,0.4437389330248106,0.7413490902687853,0.353576566103015,1.1421120156910813,0.4583269468600397,0.4270414410599064,1.1018368088189332,0.8270774426317654
1.0789154741506772,0.5097537837603262,0.659334006315043,0.748195716453139,1.1179182945200221,0.7891612766752545,0.7003709362581851,0.8652194382310109,0.5428220367009647,0.31485359448296835,0.9041746014740745,0.6774896879206151,0.5499191115069847,0.3011353814421007,1.1384036723086812,1.247820855681978,0.6376488054556471,0.7340770697102016,0.27916976364526447,0.6431952010279223,0.8822821536376398,1.0884918338430247,0.4723613047481703,0.9211574733796887,0.8369365065589071,0.6897404865079085,0.877328935090678,0.8452128341268748,0.471238696446064,0.370387578789089,0.6104745051415539,0.2511120941961874,0.4399361364575609,1.0643867792687614,1.0475140452964857,0.43078515056237954,0.7605704087285036,0.41781459564602863,0.753345130606154,1.1692080310537252,0.3713029980055341,1.1020484158046928,0.847808013401514,0.7604601313464413,0.9659846935417241,0.5426550976674078,0.3413532427235558,1.173731395876776,0.7847994662811925,1.1424690939520117,0.3511656196131032,0.5346747388464637,0.6402385495839951,0.302709789853439,0.8408045335179158,1.0916154597578154,0.9495278704025719,1.0572616493262506,0.6550010985875484,0.8881399025162693,0.4022282139168668,1.195122448744887,0.673358027350786,0.8234917638909767,0.915784401468871,0.5094491710680763,1.0006690142816548,0.7923865601904387,0.34505653683256443,0.4188336066525701,1.0560967479607475,0.48360903203623684,0.7751408517696297,0.7145827644392461,0.38032394670232816,0.885156988863935,0.9367557202819089,0.534104149227433,0.5121129720167965,1.230051942976485,0.6755558776967175,1.2005920130759384,0.9868168318297001,1.0596742580880734,1.078667143533594,1.1990693936454213,0.6354704346997354,0.37566114557958274,0.9112653062650915,1.143459054167116,0.9222341498006051,0.9318330320328587,0.5117528690370237,1.122465523258539,1.0877290986226562,0.28078310223764014,0.7746884120934774,0.8840007674159881,0.7742579279038355,1.1229487304090018
0.2870076347154926,0.9734201136885849,1.1440992036791344,0.8053635509376312,0.7047398556338591,0.5613076991560036,1.006163328895246,0.5562536207866117,1.2299703293588506,0.8299837874281313,0.4480976327597401,0.41223340578247936,0.9931931987316034,0.5076072203337219,0.8529428764794615,0.9268212988573956,0.8827118787486009,0.997444406596694,0.730890146603009,0.8406378339946378,0.4489921389594368,1.0550903184956626,0.7692245707802051,0.8704737850519706,0.8309503798881793,0.5283684816626566,1.0002657639388421,0.40047227100599747,0.6309912736683999,1.1885297834731303,0.9212708252291325,0.5219545593981987,0.9517382738772572,0.5303347525514125,0.9275458051837758,0.5187976150301982,0.3699529417309698,0.37036357620998606,1.0464405615234773,0.6737701199309234,0.5527751282719672,0.8092181317684581,0.9147392049108463,0.508792408364524,0.8573244167930659,0.7954279502117131,1.0066465493523988,1.071471252776191,1.2462244930446387,0.32862671098975804,0.8731378537478254,0.6259712219291391,0.8285639322793544,0.2875662295439806,0.971449157109572,0.804620491211145,0.6620177389516564,0.7096327543564602,1.1815444071065202,0.5705632243609245,0.9167088553964567,0.532667360541159,0.2593102907623537,0.4652438205009537,0.5362243072399944,0.334648753584629,0.7386049258779848,0.7774564637217322,0.450469047766359,1.0718014592542002,0.6034774751283788,1.0283719045454913,0.4529935591911972,0.9943682043039906,0.44908231282795774,1.1595554284372025,0.9242196324473969,0.4260892879438539,0.5930440057930102,0.6437191696530375,0.5982306397073687,0.49461627405226605,0.7259422175477241,0.945677663215339,1.072888068293502,0.32827448072987586,0.4082407418152627,0.3883785625419184,0.6593449208823926,1.0732263592464995,0.25533914196968854,1.2435015603957082,0.7625909252672963,0.9620634214091708,0.4027504316676166,0.9983963562097431,0.8050826014376511,0.6141528191046055,0.47894233613944526,1.1136230009199535
0.846269878482053,0.7458757350787708,0.4799546058910862,0.9692017782722638,0.7655960285792502,0.8603337833109184,0.5975715242389821,0.8738958362916385,0.8518815896363221,0.8114845879595237,0.8153302545716099,0.26260751997575904,0.29814283597835345,0.3095247003477717,1.0767073597414876,1.0784692994491172,0.9538570916343312,0.7238098283979466,0.9124340117010681,0.9110142542473203,0.6683338641022801,1.0729838050417675,0.8577526830956526,0.9922531871990872,1.2406791570657658,1.0482931972091867,0.4020485674244918,1.2180763814507336,1.058405738893691,0.4311832790500828,0.5206439419817657,0.467891379626744,0.806464637348822,0.38217965775387175,0.7969288759854769,0.4486445768974058,0.5620640446520206,0.31760474947238315,0.9894692332387273,0.592132600111895,0.7824709078838974,0.7647421937567799,0.6693346804192883,0.5664571308744162,0.3385783396366441,0.3834163355232071,0.8324350768882959,0.6040645623550941,0.7245335626224407,0.5809147657801952,0.6060672991191448,1.006310096980294,1.1613418162164089,0.9671814470467577,1.191278928906798,1.1516312294863602,0.38839758596812457,0.4736025483236711,0.33900973489600883,0.3435201235979095,0.5342882890954593,0.710868735269652,0.6923937407481936,1.1116249500839785,0.710102626557688,0.3692716720397434,0.8532221356579637,0.39112611829932187,0.6634657667101601,1.0192505592415868,0.8922096370026974,0.8585715931739742,0.7018690446522778,0.8694450738181533,0.8377032283414765,0.26803200982523,0.47149354885964,0.9933329135656567,0.6607004005865431,0.4774217287235293,0.9602098483162649,0.9961309782386423,0.372583156507183,1.0157842927157243,0.4388701867628544,1.183413320449555,0.9453542507318696,0.9981617990286962,1.145412711194219,0.3530416934309827,1.234871566113602,0.48233554592401817,0.5806008099700019,0.829961980535111,0.33292715250972604,1.0087941427043128,0.9924575642135566,1.1023653492620435,0.37162289068009424,0.6215195752435733
0.48000883728770305,0.33104621590764793,0.4631047040250833,0.4784547413312987,0.7388465802569202,0.9661506742231936,0.914911724487218,0.7770414639116516,0.8324226582072465,0.8106600944161709,0.7139324866883362,0.8097556836383826,1.1528949951919873,0.8537954529493877,1.2340131632104643,0.5446193963461932,0.2543632696503091,0.3078444494471606,0.36850262359815156,0.32845581631712395,1.0009397983633184,1.1827105081327614,0.49535231416621106,0.4198810060507353,1.006730167068568,0.5762539180411468,0.7083235945875754,0.6967145272585203,1.0736236107489736,0.8727534032398411,0.33122963480667267,0.9118345851139982,0.6086215819535914,0.6898556397138349,0.7250898728667681,0.4968570275957329,1.0523960305536324,0.9740291887729212,0.8955343564105223,1.2115507321375663,0.8144165877797477,0.3495797135400289,0.95109758736427,0.33696702025593306,0.9268722758275765,0.9416434019733182,0.4365900968731675,0.9058207673273928,1.0660567571143236,0.49828747963084596,1.038913962965867,0.7896617889031524,0.8040992803958261,0.7880946641211113,1.1316353491754105,1.1761929864146268,0.9157652402653673,1.1834551052498523,0.761525640809493,0.6771124464193341,0.8357782709310476,0.9213044235642798,0.2960691696754676,1.1921854544896386,0.4434472280119375,0.47458238265390107,0.5755811325190114,0.2507895110932188,0.45620271590177885,0.8467229901062171,0.4956315740488145,1.2209047114498695,1.046947504015646,1.053075642337745,0.3140435238647885,0.8070475861922342,0.2847991998683501,0.5020698868501715,0.9704160690923429,0.42132454445437495,0.6138994064953325,0.7708155861440822,1.1779342012370215,0.6912011022129324,0.9511411313835769,0.6131325902594622,0.3557245604311349,0.7196542569516235,0.4125670686634786,0.4774482540647996,1.1278326035758144,0.8739455747613883,1.110511486587445,0.33900317798267965,0.8917754044410112,1.2031110852819304,0.4698829897073491,1.0065526600578163,0.6133924794321266,0.4588888927148431
0.3705668857772788,0.47018320194981134,0.28113408288451136,1.246333916056742,0.9168642575461043,0.5226240007335338,1.0454499607897292,0.6760833838903715,0.9980731794295321,0.8534876665964548,1.222005329631537,0.7773996221226763,1.1022638743911815,0.9365899134926068,0.5384054378187457,0.26431527766706,0.4169530887471987,1.2077898009882038,0.5388849389091657,0.7944969591038651,0.35137289755315915,0.7942539661136977,0.3077321592251172,0.4449751999002892,0.6922938054511353,0.5493833737053483,0.6012193873487809,0.7515179603501664,0.6346110759787682,0.47267607912308496,1.2425817954877634,0.883711599765529,1.1613391900786307,0.8939565794476135,1.1724342836561243,0.5564154493510364,1.1114180460955174,1.1788079606878852,0.40577326058017016,0.6948524328275408,0.850583196987136,0.2660281564551231,0.660731543491012,0.5532197838442505,0.3140947110361755,1.0450115369284703,0.4382321997690456,0.7872756736680381,0.6820672850666177,1.2380139620654216,0.4836904488253636,0.3274836265554827,0.4244984863979552,0.7587059842162667,0.7651922261382137,0.259098181280776,0.7746723066856223,0.5945965957269718,1.1685215304431211,0.3787544373680555,0.8367679078445912,0.4121833724078774,0.7938779211611176,0.7684929749422404,0.4603720815298358,0.7501979355227852,1.2335972997387743,1.0601400907454612,1.1265604907887177,0.5872020351689528,0.3592794453681599,0.6236056595340591,0.8404261031078913,0.681805100785912,1.1124341301411569,1.037348848409707,0.6592495737853973,0.7041674701677638,0.7615361942347918,0.9176017135832351,1.0832743050287577,0.5185571406206411,0.7040965933775366,0.9664762626421669,0.5406429693065311,1.0947091670758624,0.9148077585802445,1.0329341727398673,1.2455164485903247,0.2531216513564096,1.1451062257300921,0.7103213900573984,0.7237601537387203,0.9439921083892756,0.7219373657552943,0.30413440840232076,0.6183103820867317,0.86051316409216,0.5054282810460905,1.0251460777285946
0.32695320162920916,0.9332587636595959,0.901666825375885,1.2247931621467831,0.3896512547563129,0.6635491015253515,1.1771778194794527,0.3807103767401995,1.0617697880901376,0.9264679372263622,0.8585272726964666,0.9693536223691586,0.9178046832264065,0.3644876380659051,1.2111354854075929,0.98786951856153,0.9630460506343187,1.1927243190941121,0.6478366255021569,0.9593208284726096,0.5278527760897123,0.4502820178676259,0.6410328691273987,1.1404095172193285,0.9573970000329277,0.4825059922078312,0.3437765262570165,0.4966586158054065,0.7091240232866809,0.5572164170212709,0.4062015079305993,0.8434613827047238,0.27093411782673327,0.630951845023475,0.3227349477786684,0.8051337867531885,0.38730003271557023,0.680535820913037,0.7970453456155777,0.7390484004492832,0.41625533034970064,1.213685188687049,0.7546372879774349,1.216558439380544,0.8461426495498969,0.4133544497431565,0.4342486515726742,0.9271242634825639,1.046390722619709,0.6393897796668735,0.8892018293899598,0.26802900895891224,0.6287033555811593,0.4931245304226687,1.0246526197930175,0.32541217599278827,0.8893748005427755,0.41098443168737475,1.154113660479505,1.197623658520667,0.6957298209028692,0.7364423871418745,0.5885540274370513,0.6023088842091783,0.2730470884066074,1.0904427505460201,0.917351163050396,0.3375745629862382,0.4082862560590981,0.5125086042665441,1.0443842250928563,0.9314606125171713,0.34691732706699485,1.03580848424435,1.2114996792371473,0.7913353827012672,0.5391931519658697,0.6358594468361091,1.1935652171569768,0.8594452973272788,0.7042707243604253,1.0266068397963906,0.9844870403224036,0.6364937228639137,0.5474926699926682,0.6683833377132715,0.5361808707979073,0.9962548943502054,0.3688525784762372,0.5535101248781115,0.9092445370508719,0.28945195292269144,1.049578644102003,0.41641428431093985,1.1578906004128329,0.846856860784491,0.6140274692145663,0.6142022226495161,0.7566912010062987,0.6830802036021312
0.9462887758781398,0.3261308594903002,0.6185263437237611,0.9003256863469369,0.27997358987267795,0.37188609333694755,0.48464208185545354,1.1366042152404667,0.9064786073315027,1.0549889996807698,0.5995063720868188,1.1402580530178021,0.8432215701073843,0.6338388830449795,0.6394818949024204,1.0841445970006758,0.9163854135782065,1.0351895431484084,1.1695310246560497,0.4173213040010604,0.5263191084658536,0.8667836078525412,0.48420337092633414,0.9999777984520708,0.6392304716917885,0.37967897822423535,0.7361304852149241,0.7209602524347335,0.5532858908492829,0.7964585417281244,1.238420993963481,0.2662434432094537,0.565773151249496,0.30456540828269896,0.530600813237916,0.8379916294638328,1.2023867523987246,0.36914067199604816,0.33744650179988545,0.6016498723419054,0.6297374048216487,0.6269861672868416,0.257353044554427,1.1947073816724818,0.9895811772217427,0.35431308735188216,0.307002387551934,0.9326711524627593,0.8454148016201084,0.9826126992403987,0.48568253457588495,0.35233217953406315,1.0931448650297453,0.9947507316299222,0.812144753827585,0.5003587295708555,0.58799878102849,0.8131643884539549,0.4065292134157412,0.7251708660226283,1.0861186155450426,0.9885390394759076,0.7234349335940488,0.48405777501749914,1.1467465499077445,0.9512933420883841,0.2938468524966299,0.883849818735324,0.705660821553092,0.37188921208035897,0.3489686234087068,0.3135357224239186,0.7980214972291351,0.712456817065148,0.49674742066738087,0.5738955525803792,1.0589777496137085,1.2320773786356307,0.2918803938387755,0.8935521229874175,0.9695584132654349,0.8022222801738466,0.6171738144312922,0.46126291693819643,0.5463480768805807,0.6908551127025159,0.4489168137372247,0.8546127135052216,0.2649499711042389,0.3586074023464926,0.5947869286545365,0.26447064150286503,0.8306197604823538,1.036367385961698,0.6131891960908492,0.6778405706270529,1.209439595741165,0.4599318316734844,1.216409296123429,0.4420419935590041
0.5898749637680661,1.1012069140487686,1.1143582498396372,0.44954245092914513,0.5579299415911909,0.4311493495346803,0.6493159158093081,0.6997846488213225,0.3780957463662,0.5198207201282143,0.36409578488793337,0.3294065846430295,1.1423024981396521,0.706236508955542,0.6355119047369223,0.9904761319535191,1.2160475051286772,1.2413279015642207,1.243255015422964,1.0306317174255573,0.682018927594506,0.992881493667939,0.46955392322980194,1.158228488700323,0.478875462483499,0.506463061016766,1.1707396503426355,0.9119136326370115,1.182554878419312,0.6671934185645765,1.2272799325664474,0.9787780544506475,0.30688139777764656,0.8494611396587166,0.599937853570714,0.6764997472418611,0.5788226178486093,0.7623928207321066,0.6273631767966508,1.1595484730121384,0.8671942271169667,0.8532130620995043,0.9417201141346888,0.584878290136985,0.4609698906199504,0.39551548278735915,0.8377984493716848,0.8787340150599929,1.1365954415023984,0.9347251638810046,0.9636602831121538,0.6604987136973793,0.8942130159896179,0.4182365791084919,0.8027038900455401,0.9193154163635017,1.1568665773398359,1.1937741203448162,0.6166377000964565,0.5672591743568676,0.514967061555443,1.116855213027066,0.863170360743117,0.29978100152304377,0.4607066650749062,1.039040604202047,0.5766219057480088,1.1646164545151914,0.8556992404598757,0.7597570669008714,0.5213813950795846,0.6462473468164059,0.9527382992895869,1.190965787842794,0.7000952685908594,0.38625056509197786,1.0503641884553452,0.6410922441482205,0.7530683226320282,0.33800602751145226,0.35745321644188655,0.9109738206496758,0.26888087857623466,0.88267703484136,0.9755682475599482,0.8842430909775426,1.1863525578249854,0.9363666065786795,1.1400189011487647,0.722793345301583,1.1436486490904807,0.36922857781785867,1.023090141617112,0.5000567585101532,0.5371522634376287,0.580632954859542,0.6939449603267189,1.0261518641056229,0.8249534932296414,1.1544253423171502
0.9747667715287615,0.7451465270139743,0.7232099066915572,0.9302282424312913,0.9546807627366467,0.9311178539649828,0.40241601333041743,0.44462251182076507,0.5882675059944984,1.075049410180062,0.40124682873493456,0.9814964903403623,0.43533017952871444,0.6190530217609166,0.5903871042545057,0.3928502873008386,1.011037790250783,0.7944823328002629,0.29491129899561586,0.8337727805141116,1.230368740942185,0.9879173933540254,1.2098628027134553,1.0087153211639208,0.8468518768877594,0.6053197484738877,0.2900591190506945,1.0011771369540428,0.3686437657415803,0.4102256009765063,1.0438181039080396,0.5735304124854915,1.016527316221627,1.1524032761106748,1.0324258122127878,0.8654207798208354,0.91231373873072,0.5988319074586301,0.6635165302899592,0.8189554832818507,1.2198188646337846,0.329715073187285,0.9113426789447244,0.8208539362787616,1.091622007542774,1.1271275618985017,1.090348177588508,0.5161013685373086,0.6609425523501099,0.4620812374773777,1.1236780345607489,1.1831929170490183,0.9007243843338003,0.43993474366102003,0.3647419583381919,1.138272196511506,0.8373698685755769,0.2538302905003226,0.8691214000466962,1.0163040711189,0.6986325916177342,0.8762592746624267,1.1188010958178203,0.5185000761974954,0.4775338769364633,0.6009756239260914,0.8733144337590575,0.458651913158431,0.9418639081608444,0.8352608755098465,1.1051094219974402,1.2138176611881804,1.0427034057807514,0.7363721008251476,0.27213445102949707,1.1375630718161913,0.7070239521926255,0.3299824827967548,0.8342247888317181,1.143534583498437,1.0961191855551118,0.572901068577901,0.3505303586918359,1.226013925598794,0.4798260417925361,1.0244774192759833,0.26852457674595587,0.2683557243791418,0.4949535083659561,0.9271274885739019,0.5415169281511923,0.8990917405385481,0.5826729865303238,0.6670487283209009,0.7507349061441984,0.34031856029907304,1.0050939672981465,0.7364090989910865,1.139931055890098,0.4481041942410874
0.31535634079894237,0.730586577326648,1.2181934279147217,0.32219840897917584,0.45185345212294836,0.43143834769562694,1.2424835021583753,0.6177593508772896,1.1780836403260497,0.7482556822634536,0.4753169299512351,0.4374119440975822,0.3289691621908286,0.37102500048519305,0.7914076073475852,1.003427922256969,1.2007727077313382,1.212768350253206,1.011007923495392,1.2022217856975947,0.31750254668382194,0.7714490241668801,0.8663004859257241,0.8471553059903019,1.1781820981139515,0.9239942081457304,0.5414609134937939,1.003868082709913,1.18374942300147,0.4209364024208483,0.9094229620819976,0.9150559890066311,0.9521074541137926,0.6332153659472517,1.2425146201619715,0.3315749256113659,1.0018251459566812,0.6248249243499977,0.2898114394457538,1.0121745871816445,0.9776311376996887,0.9331142857230466,0.28840087732634456,1.1595953911109445,0.28035380553300426,0.7781892617563562,0.2674982139873886,0.28900642076281813,0.8543044198214789,0.4889976802115513,0.37680179912676004,0.8874024812092216,1.1168214856884893,0.7107121713482755,0.37613765801615207,0.7099419512939628,0.3354024842908738,0.48812484325399874,0.4093948847714022,0.7479485925822639,0.7876921285909715,0.9190535153169479,0.9119015764719286,0.9042357799453179,0.5296014326451318,0.6546537416485502,0.3063332777992398,0.9152728362369108,0.6330693697265067,0.6093389905157872,0.5964692870786672,0.7889808744501206,0.8791175786342668,0.7126192719337295,0.8907102247272215,0.720762392387603,0.8565122253232189,0.339825752572084,1.170196986074274,0.6392663968090483,0.9857179867781098,0.731273951827605,0.7462194794899244,0.5606009713953296,0.2509058352460902,0.28378915094824864,0.6877772718895689,0.561777646805022,0.9796996274467209,1.1245052950380772,0.8127115433422029,0.8171630879133922,1.0814166219303112,0.6004702023179279,0.7059461857686613,0.8126541196713092,1.000811381374439,0.4747500381773575,0.9008788374957772,0.2758071681912311
0.5652903378306103,0.8424077846595176,0.43552551570312115,0.28065250220580606,0.9234324333249173,0.7751633836670602,1.1770009679242954,0.664129752528927,0.4746156118438519,0.32705827913433116,0.500966661340298,1.108177053157164,0.4895101699095381,0.6689477901874754,0.4041450431784871,1.018922782107641,0.952540501534807,0.3256050406167508,0.6217240664023432,0.2924222982068917,0.768700994380595,0.31845871933357806,0.8068784431720959,0.9041327370278737,1.1791395200154628,0.3125648422194516,0.45754093620570346,0.8278911126940883,0.9338664518353432,0.6681447881627997,0.8278070502510847,0.8065784285021533,0.581352218736317,0.46633277763082703,0.49067051475715306,0.33778823705815997,1.0619462346378834,0.8713306241557073,0.5239880994699718,1.0618067183508864,1.1726037570939578,1.182566708705961,0.6182501073951331,0.2561838226408967,1.093812863658306,0.7172609960075026,0.29900464497127355,0.7055667819901088,0.8800186806188274,0.5312845635530341,1.1165956885955035,1.051825899875515,1.1439730574625047,0.5362798621119409,0.7795336150224574,0.8569731162742654,0.6998039907044287,1.1884476404104076,1.2180221720457387,0.5600340240124501,0.9136247207672996,0.37628347258456896,0.6840488684781807,0.7836169313092108,0.377408071695429,0.6436818859906128,0.27388419131914277,0.32869857670750946,1.1190990687247284,0.7253590676808686,1.223045349514161,0.5378795033348446,0.40265816454078374,1.0350718615635128,0.6639260580525889,1.1281151969857013,0.8542595159869252,0.8407537213530648,0.2991585236214276,0.5633694064303579,0.4617167784619657,0.8673542509880671,0.9399643571263624,0.7109695922125396,0.9652368534826331,0.8431559955271343,0.2716269924617938,0.8878221792594102,1.0610153749320692,0.9992171650908982,0.3497309723438824,0.8034295611637274,0.5245723155510216,1.1088139146748568,0.5944280462171883,0.7290407256746136,0.5155441848032414,0.4451746150400062,0.7252465265872005,0.27027997376741997
0.7894912923753372,1.074680965925149,1.1186231679556107,0.5076828885112137,1.2199120461072703,0.9590462617224327,0.7899571302805596,1.0775378955668744,0.6221670238375133,0.3085509292439792,1.1006160578411377,1.0690635138616562,1.0445782787001903,1.001178047808418,0.8037114853580112,0.9085405156700549,0.5480522086394432,0.6156807482613713,0.64245818622948,0.515326137555467,0.42936468201221045,0.6211129384301278,0.6657751035233219,1.13912792394001,0.5919052781054903,0.46050693966534295,0.4881466536656963,1.1543597749938572,0.7815721526867312,1.0072829782755006,1.1161015453778347,0.5927309254279072,0.925662902207073,0.6925773459328154,1.1243073341370806,0.42182946035765845,1.19574970222593,0.9687181132622024,1.2056494672664892,0.5918490419172582,1.012212058314177,0.8256652529974197,1.2290318407916674,1.0606835703375919,0.7103290506427651,0.3567118191023543,0.8227702766869458,1.1409738846907038,0.6673829418004733,0.6611272782593792,0.8435752544142979,0.7163745945045485,1.1697925717794364,0.49746298123314636,0.5188615449790066,0.43849985279556114,1.0063560547436343,0.42108596685716204,1.1647493287276602,1.0619677423908018,1.0339718505055895,1.1957764972463472,1.0694278536703652,1.1940412782809275,0.8892628831813628,0.4418731844045015,0.7000242395278026,0.853755143837613,0.8183191510779255,0.6135144573692667,1.2297343347738598,0.37027096312860686,0.9601732665901607,1.071577691760838,0.5200584661015557,0.8358521224331683,1.0771581484276234,0.8493635517382656,0.823499584935216,0.7123614472477392,0.39528600974578665,0.654910814269844,0.5847353265792791,0.9240013710698536,0.4211847438351253,0.436732994097371,0.733593048104329,0.2593449534862442,1.1089863910321167,1.1885855957785052,1.17195563013275,0.2818567625282601,0.7960988080032908,0.37654445871340814,0.9437412986983286,0.35455445815102427,0.8218696893717321,0.415400904501359,1.1046075627333711,0.8723153564542643
1.0407231648389637,0.597809207902193,1.0265968527917417,0.7126229567393163,0.3439007157894184,0.35687692309474384,1.0920332943764213,0.983614380561402,0.682076882944196,0.5842383186960608,0.8112227882825249,0.7907937549855444,0.2846702667264833,0.32100766453325547,0.791704812410004,1.0161159327955862,0.3553649222508565,0.47538126800676583,1.0042649733470226,0.8515538792998241,1.2206765454097441,1.1707666084633574,0.6789443334301443,0.8288067545119405,0.777677466221695,1.0590236402916764,1.1584345518793753,1.0674078473061095,0.2826590607844959,1.1479646468477887,0.5394395216194879,0.38457626710410775,0.6459372261959498,0.29836271104878087,1.0806227604317913,0.7680774980403448,0.5629195480288226,0.36060359887316085,1.2036326078296895,0.68369433132038,0.8417169688924004,0.37611532237541057,0.6707365625686168,1.198369552788919,0.4675879399316445,0.8995560067569618,1.0694956853860522,0.8194972585185759,0.3943120436874815,0.4843250656505268,0.377110490867024,0.6116660831950428,0.3448491932531561,0.8952376445533317,0.27103690246046863,1.0549668338816853,1.0441345617322724,0.36324345163981986,0.4169501790344692,1.117152151001122,0.6448072828782561,0.38257407748448236,1.1555821375731323,0.6462772624917006,0.32514295317758657,0.311216658143572,0.58269017969267,0.41393172095320274,0.6895077804475518,0.8910060573207013,0.5182760204535567,0.9535283401815304,0.9273418460815164,0.8044891143211708,0.4568371106166085,0.9241921166150008,0.6750024141231975,0.668758990482655,1.103629928527957,0.6400660657476283,0.5662923487256244,0.4483725398477013,0.9454884591776503,0.7915062821224879,0.35448239530783465,0.5959495178632029,0.7510473777944182,0.2829769436825934,1.2415942356641667,0.3038982903937888,0.39077045777121333,0.719302996360007,0.4640071131738742,0.8156448823847886,1.0095618339139083,0.8624895070970834,1.144302893318648,1.0271611962055949,0.7213681101729975,0.9116750607175304
0.5687525029320699,0.9280161525590636,1.020921844644052,1.1182725054083806,0.9226021182251263,0.8173122196289035,0.7709579772720422,1.0193048936413398,0.6894049896944522,1.0348969771114676,0.7733909113743664,0.9602427986233115,0.8328068350834896,0.33018001408190345,1.01190181260487,1.0959214396777321,1.0318238633449357,0.44583308413427003,1.1684264321454085,0.5465599122059307,0.3633035047274642,0.834448909757426,0.7909050038380808,0.8823913243283874,0.4616358985698612,0.39692192358377076,0.7180690542342901,1.0070481146986254,0.7255961918220083,0.33412766225938284,0.717681212484877,0.34441889766048095,1.0062537914224343,1.0704875844802748,0.4746573976417666,0.46399467869831357,1.1085064545515544,0.2855902308064764,0.6023270542525393,1.0984717744062646,0.44202336913634455,0.8317215274734767,0.7519454051318417,0.34132573433355706,0.383778144993968,1.11799959189509,0.5767388905686336,1.082391041701908,0.34355940691233555,0.2696514827468478,0.677541855359712,0.35840037271662273,0.7941260019631009,0.9009717452185445,0.9728392039002123,1.2173281113534697,0.7445970527637588,0.8201872157998045,0.3711554612609854,0.923008166288677,0.896046944096596,1.0246729371817982,0.3697599664321972,0.9438633423283945,0.38420242632635027,0.8409160928272268,0.6882986080331659,0.985953560515178,0.3172406340520366,1.1512592077965633,0.29097822224989045,0.8948560434297268,0.2744268829406332,0.4297978134950754,0.9040230776587604,1.05426115437845,0.5254466797905091,0.6818436923120297,0.4919277281192366,1.1135770031391459,1.2260705860319043,1.2116404923153041,0.948635589431956,1.0934277957090492,0.48751612059406013,0.5979686661552165,0.571662471394747,1.1018879824703833,0.5440397100399991,0.26217983541654144,0.47489680573040727,1.1746228178425286,0.7255265216261934,0.39206160944306223,1.1029839690301366,0.9879531202529385,0.7251977194569494,0.4789871853003117,1.1186281705103611,0.5610417050569839
0.8758913764370091,0.8157319639957911,1.0947832281168877,0.977169069766308,0.6937502193045711,0.5065627837013638,0.8735856880027597,0.2610312644286472,0.8629395824945255,0.9576809347409158,0.36476887186921747,0.5643501131837484,1.24543751619131,0.6047712918359842,1.0836499619375854,0.8636041142374584,0.8941492214759159,0.3908029488926761,1.2009285945025483,0.9644241640712422,0.6536010023615912,0.7883319432557134,0.9464298070361072,0.4064767160036006,1.2456311094988834,0.5926451465225215,0.7162994129398188,0.3056055216804606,0.6577481050027323,0.6431039075594011,0.8693899693665019,1.0815183331122236,0.7041836627367061,1.0763408109501866,0.6493325801992226,0.5332844034925773,0.38168690343620704,1.2443303026857149,0.29310010894832406,0.6132553516758102,0.916685651892513,1.0163472131046523,1.1599301581597186,0.41144768603292103,1.2033071675823725,1.078185869323453,0.5996143988077222,1.2416243429612281,0.2666715505996331,1.1293930568071955,0.4108602934850979,1.125933022186205,0.9905095212183186,1.0745170697999291,0.28248659669016496,0.5185989329145975,1.144747570831301,1.11184382329483,0.3354084828082653,0.2969644224076673,0.4006109530685191,0.5148163217783188,0.7819329775527915,0.7393227474751214,0.8947567265900929,1.2392166834205862,0.5126933098800052,0.5512312947939082,0.714689468445165,0.4139202620469449,0.9550632842053791,0.6239387136037746,0.6617476675902432,0.7177582309575795,0.6662170310323144,0.9091555446001344,0.5150349181405475,0.3039325828408712,1.1262923485239376,1.179260975197892,0.5068315745670586,0.7614675400426174,0.9539359073278308,1.011742706469516,0.629900522322704,0.7190603402211536,0.38216177752502367,0.9340248616920718,0.9602433419272591,0.9113381138362127,0.808134158128215,0.6475918693106466,0.5681752095087031,0.9547958361321867,1.2228566047103429,1.0172783010536484,1.195117507342546,0.7766422635251975,0.5415767695757653,0.5700109892470634
1.1359777482361872,0.5170282701694213,1.011023990942999,0.992706521199981,1.1181422543775055,1.2129268752375797,0.3391244321160166,0.6661539981797615,1.1930758377447077,1.0386149646724063,1.110139693349435,0.7211678989328146,1.1056960938375395,1.191725711618925,0.690441350312424,0.33860471396967906,0.29818601239329623,0.8724136415659967,0.8271225860383208,1.009005282521931,0.9878849848346062,0.5188535143821935,0.9521460961818294,0.7239212201161027,1.2311179078679357,1.11465892185814,1.0105756424552823,0.2568779622196493,0.41121881197512256,0.35024556372287663,0.6611904758694911,1.168397542081558,0.6622797278316656,0.8380004634296284,0.6596728692925191,0.6503128361729941,0.9550409063535927,0.48272834891555183,0.42909493932818155,1.0439351334518512,0.8733795659599071,0.6564165365740187,0.9672618758657564,1.2107463027713554,0.3226655875811567,0.8760547089808013,0.8463464974967759,0.41361620413827627,1.1235342642452146,1.215609831380884,0.9503478888665695,1.0331600290279028,1.0069268451270137,0.6677085669729759,0.8452768411040545,0.7448259516005463,0.5176684371942976,0.7271098176939261,1.159443664036631,0.8163228801665321,1.1826481005424787,1.1835931437012515,0.5345119597424441,0.7625762159242117,0.5896606204814427,0.41682970495026284,0.4147177469429809,0.7133910088046462,1.0707358408157304,0.6314088099031234,0.7009865026483437,1.2009413518658343,0.5829502469623733,1.2180725029096784,0.429659289029912,0.6480548406789377,0.7861922792822041,0.7665465103892622,0.2690434092742918,0.5534532164496062,0.7061272089466333,0.9839203702877005,0.7425218540205084,0.30829720386235704,0.7259063274732007,0.5841364118761734,0.6263875377344753,0.515369733120344,0.3653998582808282,0.5393524102222462,1.0140930002129815,0.8749224697884563,0.5167034306372142,1.1550781277944813,0.5166561921325045,1.1553731882624274,0.4644582293241616,0.7015463609730564,0.3788130737629881,0.5894939150599428
0.8658631881823046,1.128629986355158,0.8762203216314154,0.6754933344480754,0.4271497894473859,0.7335456467199247,1.005270420496808,0.7313441516353236,0.49069271183250496,0.7672690564416094,0.9728143032084837,1.0716368977104715,0.7714456890435895,0.918572646722914,0.5523332493514937,0.7376278096672109,0.6100504659009783,1.0313218557473052,0.6071211593005028,0.35251596406647445,0.9545544280274453,0.6184489199165789,0.42169390770544957,0.966397111958099,0.8995089297074473,0.40492531114344266,0.4044922040049258,0.46244727719547296,0.9064096035006569,0.2665924806325979,0.677486454090268,0.8997880467642996,1.184729915488301,0.6031028889383895,1.2282206685265584,1.06186612401038,0.9919777295139859,0.3038305249084591,0.6422177934335401,1.190992322574437,0.8524691704572664,1.1298377479414679,0.8320701311242236,0.7875401436403463,0.44909341993592566,0.3252787166516736,0.524212889124147,0.9417776391419823,0.48647491223869455,0.591570387031568,1.0088681344179498,0.4181180975977251,0.8567162019700039,0.32308509102615024,0.7891937941273144,0.3361161105063738,0.6605986972382666,1.2445642566845248,0.4436238097954608,1.0132949119972816,0.6330588064210035,0.9699595393694795,0.2970611978769474,0.5177743146041175,0.957947826701189,0.29668481989927376,0.9391433569803377,0.8494305420276217,0.8645410182213155,0.3908686039508613,0.3507528439595763,0.2722028129878503,0.9194120642536434,1.002986193039185,0.939109081486824,0.763633383928651,0.6991482027322126,0.7547394753803517,0.9824546291337297,1.1139358074599548,0.2800202257173363,0.6610471935560581,1.164886150121504,1.2484212339237741,0.2945700407126308,0.35736111845066776,0.922262939932566,0.937962840118709,0.6568092913568494,0.5035010161057731,0.869351305936299,1.0298186756231436,1.2169850180280375,0.6846076538672534,0.9660934824899615,0.6594707418887772,0.32415910577403073,0.8296108992282839,1.1053144643629382,0.9301585467588787
0.48295947475363377,1.047426021606928,0.3812448776823876,0.5959349925469629,0.9426259522261645,1.055992549775158,0.3777134836352348,0.2691922768230567,0.37150137630091806,0.6901989979554906,0.3176683619000016,0.7092651971732139,0.31364090928664234,0.9286699566725648,0.5093348973170945,0.32764933467160506,1.206799815484286,0.8282983994203607,1.0375490858587793,0.7638544642067677,0.6727286368939323,1.1453460891531693,0.750112752076627,0.5209426983163654,1.0544140596774734,0.3327368356181899,0.7372653541000508,0.9135235939134523,1.2211509073682858,0.9117186826439566,0.5802846675020844,0.3534341148604834,0.5008790998907002,1.0497833644457835,0.4308919013788983,0.2638621359128601,0.9277232412013204,0.43987532909592,1.1977796979692297,0.873210373068007,0.7397858679882408,0.8986829533573645,1.0478046813410726,0.2641966344717237,0.597822347433046,0.36239702717601296,0.27660836607768413,0.9242935737000246,0.46150674928176805,0.5885068794254729,0.35579652027279896,0.7622605638762605,0.41678733518367417,0.5236663849214577,1.2188146905778043,0.8091366564629684,1.14859691056897,0.9291716995379928,0.6662849285443547,0.3865030120835822,0.9795214219764384,1.0038137129783689,0.9185466951139853,0.7049507768419997,0.807424744670142,1.0295316818239328,0.7645711162678005,0.4212734106662396,1.0821624537291183,0.874943770407832,0.9575228189780428,0.5537238516318258,0.4661358123109207,1.0611626038791322,0.8150722830366937,1.0530455246758799,0.6901207709849362,0.39954931855694453,1.183113221168653,1.0315231295330671,0.6472275295662325,0.6051317640257163,0.7391965179806156,1.0024024537194673,1.2205733326273605,0.39562873852545144,1.0323958086444591,1.0424566691392632,1.0979716933125903,0.5808870876937943,0.48213391280015616,1.0339252791418876,0.4100741054867306,0.7380922602649759,0.6442582354957452,1.203072768622137,1.1414538731447492,1.1271549003711943,0.8374151637926668,0.3081337910268286
0.274400781556538,0.9084518346584255,0.2825261794912519,0.6210387629846027,1.08811528964811,0.8002265421562618,1.0760676302525285,0.5098132087450342,0.4474704898599373,0.39745252670628395,0.9578350972297687,0.6077982653254418,1.0813735143857097,0.611919990837865,0.44462383670487193,0.6575430310324308,0.7504011457102012,0.3969627095882097,0.5010013832623003,0.7588905555910559,0.5965241679527182,0.9164630475268357,0.661958095034102,0.4522541805245349,0.9651001612837,0.7345379950800108,0.6799852141210597,0.6611974888825458,0.8121888110645251,0.8524494419665878,0.814231816684536,0.6520272168882407,0.37044733999656543,0.8046870247883672,1.049157971104782,0.8993788202366224,0.502314736135153,0.2889578463484642,0.3911990635371849,0.9916272874518889,0.7786566039892756,1.1492489182892025,1.1143662664559733,0.5076319987635292,0.8702348489611205,0.2993089871098247,0.9852285181015961,1.2299554473582783,0.9860354004260655,0.257091812774371,0.7561398526946443,0.7373748079212449,1.0474205539416643,1.230005463196817,0.7342131393476417,0.7527834418466806,1.146256716471579,0.32407490721044774,0.698851365652003,0.47867075138460335,0.27034108188217765,0.4690591730598833,1.1127707774592257,0.7207849970127073,0.5060211730615131,0.5025860066847242,0.45015421124936683,0.9916378186176209,0.7440116705993056,0.9788705094885958,0.2811749091119212,1.1710694862995814,0.8408719229742585,0.28282549881924013,1.1086720549294962,0.6236502963729842,0.3411373390897072,0.3538393861109276,0.9071976616400622,1.1808076723447618,0.8213200154331027,0.657164298467125,0.7002651934966382,1.1139033162941132,0.9660630534195581,0.28343798556109767,0.7807506023881423,0.5567942831101013,0.6176580460591083,0.5197960578923642,0.25094304252749033,0.7692800823952713,1.0373258374573953,1.1774228364827621,0.9270819719511081,1.115429405082686,1.0976811979622165,1.1177473900817305,1.1390923982489602,1.1791163526913255
1.1200988739009299,1.100581729094242,1.1708478478156867,1.2376495637360578,1.1946142194740232,0.29341253285481916,1.032028087670386,1.0102898231221351,1.1369249002092694,0.5781927536093115,0.7935382173426461,0.7442124472502999,0.8489785081772105,0.8436607912085384,0.3076475821990249,0.6571064891256276,0.6827291360197046,1.061123769933471,0.8140740288335178,0.6192807702155411,0.6476123785528706,1.0373870267523329,1.1205269662693842,0.5638268082244156,0.8431582190394682,0.5524195112785364,0.8469106905466561,0.6524062592993117,0.9647532764439458,0.4130191138148862,1.100574528015116,0.9789392001051572,0.8345431132594582,1.075932308550016,0.5841927141731099,0.9188765310406853,1.1230431470152034,0.6418108946171717,1.0135158436682121,1.0550973120411349,0.5844425271181041,0.8735053112473372,0.7068880717372669,0.6999436742688596,0.7948010852760984,0.5074792164924693,0.8756499129414531,1.2356007339528003,0.5700161130873918,0.930250688330374,1.0646250560259172,0.8750915526865286,0.9701113335149457,0.8462585752327021,0.31360143637779736,0.3944364841550776,0.9357127688246809,1.2428321316819755,0.8490110442135675,1.1324951050681364,0.455187142904807,0.6930399766351608,0.41290265447739405,0.9566425217489339,0.9008279504893281,1.0796438053529283,0.5695894262599983,0.5526403406368146,0.36846170509448184,1.1819127325974559,1.120196690492242,0.5709354383194404,1.1632059618141724,0.7178594626341599,0.3674758988764929,0.6381214567684971,0.9686037406901956,0.3735724905994905,0.689029243980448,0.49575031218588783,1.203124612507965,0.6591966437856498,0.449380819010627,0.9011977120953464,0.5731940653243361,0.7202490853287543,0.8398343944397556,0.28603737749918745,0.8410953805356141,0.7614364063015873,1.0071505803074392,1.1079519454023363,1.234164959483215,0.7709913886493571,0.7259816903492203,0.546501571023939,1.2425898759338447,0.7010760718248596,1.1878272069923832,0.47252104417744645
0.27126941085038714,1.1172942009598024,0.866650314520738,0.2901091914124825,0.9332480282896458,0.8831513755940223,0.9587446977429764,0.38710970572899905,0.895810812655206,0.6840193661738753,0.33172534574677826,1.0782492524372183,0.36493299705956683,0.2601311840277434,0.5924479788347133,0.3160098441402416,0.707699605159294,0.8859547071637285,0.6085784615248732,1.182924862569672,0.5142762631586393,0.7043454230676551,0.8814189212183764,0.49150062799283345,0.3033479969888977,0.8134083644838541,1.2495577032504386,1.1345868882296137,0.3184504525660168,0.4838128330930641,0.45152837800631285,1.0298208840100682,1.219321812284179,0.8814587925830206,0.9808703457761604,1.0486557803566365,0.418858463370395,1.0524017844513243,0.3586825393746921,1.0950396488966425,0.7693126926423032,0.3812879720048242,0.7251083649318354,0.9429089110247677,0.375643492412314,0.38566146716037775,0.8307559990556591,0.9366786117241295,0.7560446924118366,1.0754398957486289,1.1861630415509965,1.1961868939912612,0.3361357715490363,0.9597370848010203,0.8016879678064617,0.692066213118075,1.1089805471222203,0.6578942367801904,0.32173534374742496,0.27012172185307404,0.737082544323578,0.8678131945892864,1.0624136576239005,1.1906399991861139,0.36627368029288065,0.9539366670345154,0.8418079076633259,0.9123718599127535,0.26363984583588107,0.5288719262609649,0.3886525291133037,0.5022528338551704,1.0478023722086078,0.8966211336575554,1.035666601944456,0.34569011605800115,0.4637366879819107,0.3510282464912585,0.294881016472718,0.8269591501209791,0.7667360449400644,0.7941801159419536,0.5576550873563365,1.1062851280467623,0.5686972572853973,1.2044476948529885,0.4506163711246527,1.1827791246877344,0.7537734437246341,0.6901484472241325,1.2352073259110936,0.641378093363747,0.26990148374007783,0.7375984380495609,1.2437731027679315,0.4092830373494585,0.9293934881124261,0.2653662507347233,0.3036283903714492,1.2496732052420922
1.1247016726841994,0.9583629767150348,1.0465372909761763,1.1170314961224486,0.7471747640084273,1.201403342206657,0.2861603805247621,0.7853101314525917,0.5359067892391601,0.33860042967961723,0.7083006415286565,0.5852080473708727,0.3438572848233562,0.8860960464095422,0.5202476921307833,0.5988205339694793,0.4588827240051637,0.6381657061269955,0.9066310737078761,1.0775063198732213,0.4553329387067998,0.8802472194561579,0.7825040664159818,0.46491263703639585,0.7047643425526611,1.0538048904834751,1.0194488940820472,1.1455628481318387,0.6676669958169947,0.2737077536445184,1.1844330387534414,0.3682186222910886,0.6278392137271867,1.0344054732127974,0.6700110042956628,1.1827529390603133,0.30363479152083084,0.5912444497577206,1.2312575773912768,0.645053337856796,0.44755590567847825,0.5596917111051891,0.6360509356518358,0.9831603781367996,0.5397279837382146,0.5100480402524339,0.9916841289918231,0.49361479198219427,0.4125110652974563,0.39660830036000316,0.76351786674177,0.8297714417624796,0.7138098246743763,0.25735782962541454,1.0910961706161015,0.5841046520865633,0.33877326695623267,0.5374025338454825,0.47675861740051595,1.0027271378259761,1.1282524677323464,1.0199736182066008,1.1033957335369418,0.5793212774825043,0.7864103830800304,1.1956735370508045,0.32222934827247784,0.40828305069937365,0.5532195467185912,1.2002112058654302,0.377311878746725,0.7842204099312473,1.1714577362165304,1.0800326836280747,0.923516786817259,1.1645844352217476,0.44695363020872136,0.8597081955367598,1.1701138133226288,0.5245445847404446,1.0691073261776878,0.7934698699813632,0.29233449251830335,0.3623829749287094,0.6985425493684594,0.36567522364811655,0.5373303332276494,0.5951798382956305,0.8959515311120451,0.7624285513766563,1.0599131203060903,1.1386932147847983,0.949027414042095,0.8283291027043042,0.9789021357907499,0.6853893961280134,1.1866879266671495,0.6764438057143032,0.7509693018588683,0.421522693787187
0.778937134027212,1.087013328363672,0.7315223515125501,0.8286754085723934,0.8678472402012138,0.8516118201463312,0.5531283559453286,0.4652018720172375,1.0659469389686174,0.47061195271121126,0.734696287130047,0.4237615931357438,1.1596268194365924,1.1632869475762369,1.2164173858664074,0.36099809879131484,0.6187071708647952,0.924130295536063,0.4903989128935069,0.9472093819096368,0.73303969755889,0.49838360874320753,0.3653946421789174,0.6748508428680869,0.9247863021674105,0.38714848815274316,0.6478657030174272,1.1591752640535857,0.3663584851644959,1.0849472056944038,0.9390876537482297,0.2500307188453824,0.3120367636287815,0.84856299321776,0.82835976311654,0.2701378489492898,0.9674649906119122,0.6941834068783665,0.631616499109135,0.30126345917599817,1.0551743973603767,0.4517949482524569,1.2167061400184607,1.2454215129254562,0.4887517710860241,0.6350580557189617,0.9252308375620375,1.048555838130599,1.2097457214619691,0.40966634936715074,1.200279223611407,0.7902172667786186,0.4239773995218036,0.7682057321825209,1.2468492842814398,0.7718308753051893,1.1149949762077762,0.8078791835778856,1.181490386918926,0.7237732925144229,0.7772551499506771,0.3539593759123896,1.1643404426664836,0.29220046858129844,0.6871481050450347,0.658927235756672,0.39745300926617955,0.9381176592063503,0.9479904714977925,0.3132626718206748,0.4256722979685845,1.073801749920538,1.22850596693269,0.29927365358277147,0.3650109368280978,0.34103631494544173,0.6627583202773935,0.4464826524029186,0.7202962226915748,1.074094490484374,0.7971276425689006,0.7471538158828717,0.8835352936161702,0.5977378355593156,0.876244822763033,1.1962644930030821,0.4118956100523584,0.3564817632847064,1.222894389387695,0.9227136115004362,0.7102066181566153,0.4902271663955453,0.5029118055562871,0.9392297363629519,1.2024913004343245,0.6518987079559666,1.0769490250841107,0.8561935374241404,0.6249645490745293,1.0215464573123776
1.189067698512896,0.9474714616692836,0.3673081889623945,0.6886154191895905,1.1189049844787182,1.0691888594267902,0.5131125699108429,0.2621207746438933,1.111369996363436,0.8482252940637388,0.41577454016327575,0.9620140203307808,0.9192002629380784,0.8625734683448192,0.8077088262500439,1.0582352100092223,0.6198132559871766,0.5099049792428328,0.44159294573482577,0.9643266357349976,0.5185337560676073,0.9554608302834863,0.8556378893234114,1.157838513883534,0.9275316138836847,0.830699084554285,1.0775530522740469,0.5638780765150273,0.8627958355365104,1.2246905960485515,1.0732732126800302,0.962137045880605,0.5893052673095674,0.6641410682156662,1.0826117733261311,0.4037837055132162,0.7254757152327337,0.9255867735674388,1.025234538899056,0.6518762712367395,0.4357769546987078,1.1588264977168623,0.9471662542903504,0.537511199383759,0.4635428544903414,1.1929827840711358,0.45588198817832115,0.3570291342110381,1.1015814000172375,1.0400832499714379,0.7856889704560298,0.30032293293466394,0.5874770457129719,0.2875286575318031,0.6803431736890725,0.8356543354287992,0.5706199065502268,0.5543075918208643,1.1584101072685695,0.6967721588396069,1.179870482293879,1.2123653164545285,0.5152850890860524,0.7462951255006397,0.5178735828174408,0.9119698394506341,0.3232456041073901,0.37818807281046174,1.0402599039416938,0.8530138633645882,1.2102663584920665,0.35314676087836105,0.26067012700616277,1.102438885641873,0.9448207298717207,0.8982091774485559,0.4777783416178014,0.5014301521874635,0.278996744335948,0.25532419057106426,0.2907850134355181,0.3847857849174381,0.4985357439270929,1.1264209436044927,0.39637306658896776,0.9833615147320935,0.49929535000461134,0.7418568713931474,0.3057355265014021,0.6371305089711483,1.1537672613991066,0.530216406990571,0.29048782432830444,0.3568833750870314,1.0849695494811857,0.8257193053312043,1.094426333120087,0.8077647590980618,0.8758583970701171,0.47341254492962503
1.0487832357736653,0.9301407717603004,0.37518579220255044,0.9752576604151365,0.8206097466388297,1.134206463348408,0.6101364074715191,0.4912014575995415,1.096514338690278,0.9856631142391898,1.1956981470002823,1.075978212708082,1.0792867993167556,1.123698593466345,0.5972770390305076,1.1976880259644709,0.3023550201874724,0.5951922084942105,1.168239086675437,0.7117161438131191,0.5374616648972501,0.6776013337033373,0.3672039056802334,0.7570596467387183,0.6231226184223836,0.7555087603898639,0.4207083633124802,0.9410558127392618,1.1884821582141547,0.3854595367946908,0.8061906926300116,0.6065961759862056,0.7559316543195584,1.2079458599261375,1.0541655649838841,1.136171294055993,1.0990980199586762,0.7588940700698802,0.5925910828111318,0.9237562297840898,0.3349662898894664,1.0104000672874827,0.3332230662080723,0.7882201018684752,0.661144336479987,0.8603760597816921,0.6024810469433511,1.0306993041716286,1.1137896229650033,0.8662907483541447,0.644190494599908,0.31290747601802393,0.26808109220568543,0.819230212091448,0.5702987424967425,0.2584955786072095,0.4283315124282163,0.3364575071201523,1.0312906474056922,0.2570965324948872,0.7337968965827963,1.1402206705545561,1.1539530651898893,0.7944613321491686,0.8540049977395001,0.7148547808132707,1.0623173327141189,0.6753564962699836,0.5457528346203294,0.30713271934333,0.943169360253846,1.1930207096457361,0.8727412763774776,0.7984009367419117,0.6915472888798304,0.6631944788027977,0.8338582673080154,0.42357214415143973,0.9398210713287619,0.8148191628863961,0.565008275189774,0.7460754785005311,0.5541552544854651,0.45165521126689223,0.4389298137649523,0.8874988029341632,0.47488678022553177,1.018467795664134,0.8239615175016297,0.5013076871421568,0.65984767311835,0.3031206241990011,0.6528895789566308,1.071110527741516,1.152901011163371,0.833386232327748,0.8191415704542683,0.9013361058002055,1.0435911972023235,0.330846801643254
1.2479341105333375,0.8686113782151843,0.9355652872289714,0.7366689414247029,0.28038705969683686,0.4780797719489325,0.33764274676383854,1.2258737549100538,1.1689265336395545,1.2483475113929496,1.099975371480662,0.35063747852353333,1.1289789002822674,0.9739730554660938,0.830467600993696,0.3223164752579386,1.0175676285179183,1.16748584313199,0.3518036829495369,1.170994521096576,0.9067560634745571,0.6925455148147456,0.5872065755657521,0.43792038081532303,1.1916919866580304,0.39407878601319957,0.2804636863089601,0.5216331812743696,0.9117777324716385,0.4814752137652981,1.0295167014240634,0.5044813316182603,0.4119230066322137,0.7911138248788447,1.1164231835397,0.7085185621870154,0.633397141058259,1.1114456860213242,0.8776688771588087,0.7003503857807928,0.6862460263571574,0.926398368910006,1.1129596233130186,0.783323547859605,0.9540314525916569,1.0849737856829624,0.376110141678625,1.1601961241446963,0.6567737485720052,0.294860557627717,1.0982031285528955,0.4373467913267889,0.6503298684107582,1.1707708496360754,1.156653296951999,1.0110059829495555,0.48936983634204634,0.2514283430791767,0.26940124561821543,1.0693982309664927,0.7404490967359499,0.5203485904955844,0.5706627547364322,0.41844055113191525,1.1213335923402825,0.8805886973085435,1.0024092332120094,0.4972060737388768,0.7456539208832471,1.1437741877619447,1.0513715354636366,1.045072881181164,0.6628393977589064,0.4473139705760599,1.194984785555843,0.6556193902554424,0.6214633393344715,1.207835304448503,0.7318372535762582,0.589203431271918,0.8255495078311033,0.4191039004206515,1.0208145216643212,0.32824209858002273,1.109434582833551,0.8952777553235629,0.7694487863912376,0.47164731461755915,1.1130287792502847,0.41620053680874547,0.7749340842434675,1.0455818365422829,1.185217810170875,0.6855050274532593,1.0644191972146748,0.9999869843799752,0.6323645979167108,0.4040757324730835,0.530590215974369,1.124933324350649
0.6007118154517102,1.0027166395576412,0.6803058948994627,1.1234232380816604,1.1809486955069777,0.46204483990822665,1.186957823031063,1.0515371118829897,0.5022410201733616,1.1831133313435576,0.9190223373291083,0.4898741127559447,0.8217723520483222,0.37055841640369025,0.3891967013456955,1.2051152072917013,0.666504431903879,0.5405045056714204,0.7559579077349317,0.9445954272532854,1.2185373316998922,0.8993223245768817,0.39284196481433187,0.3269716693808741,0.417357032236781,0.8739984855289824,0.45444837246427305,0.4406098330744498,0.32680304831442153,1.118409523946934,0.2662003973394672,0.26289746978952544,0.908102218056492,0.8550895185405384,0.309617325344659,0.8145906389334635,0.4182785885077128,1.1160356750457565,0.44201608474003673,0.9989631508603986,0.9083074395060619,0.5509663196316217,0.7305599408362681,0.6556452594472375,0.46745293221723594,0.9603515007123322,0.37985701341788103,0.6328333947684353,1.0123612137071727,0.8725469904622817,0.7429827104580891,0.2824707716917483,0.7998769211562105,1.2184191305004077,0.44124212907612137,0.9630142918617408,0.6679685080138871,0.6995833529202623,0.5770067684961021,0.6098249006365665,0.3697467885005319,1.072760243032332,0.8023380134555028,1.0104646062760667,1.2489046997630768,0.6995989060077373,1.003312931879257,0.9983752494281826,0.6711189044340816,0.7798090570700541,0.647634985732753,0.43125025555155194,1.1098544903351217,0.5672552164497,0.3916113506178993,0.9295518365726839,0.6989117225927901,1.1046174631518353,0.37434531744241073,0.5726837070778202,1.2005939659311244,0.37613578629576516,0.5772211831614539,1.0381189399452189,0.5062549238890726,1.076727648396282,0.8126887557907294,0.5194900501333634,0.7313827117484275,0.5994741195326255,0.7271297673956832,0.6670552362327056,0.2617650943669977,0.32234850989748554,0.7091591303759114,0.7598899482056102,1.1845580725432818,0.8965350987807326,0.8067983843731716,1.108751259190892
1.017188288931127,0.4086051052930737,0.4505247267003367,1.1507018640112585,0.9395267510315611,0.8609809888509917,0.8038022407123763,1.2095766443210334,1.0050419287462784,0.8925651995351915,0.7122955610006072,0.3919719897609939,0.7674463517550413,1.1524533072858416,0.6940437492022029,0.7725765993367452,1.0721798868164232,0.7199882681579366,0.4708527829630089,0.9789810616558164,0.8536372005593751,1.1862806214689265,0.9420736470243689,0.9461561451379252,0.7503594462155606,0.5236404178607716,0.5904115561142597,0.4346324573473692,0.6046662049850828,1.1764637979561847,1.0683804247795352,0.7902994067614997,1.2477493890102007,0.47048763941474925,0.9420505530397448,0.9130272037231474,1.0864421924698697,0.25991069549115364,0.39602101929696254,0.6069824294686639,0.6877168249335414,0.4340447720502135,0.31875390642248747,0.4191618938424202,0.6166788797029814,0.36250313052663174,0.9261957463565392,0.8806352949830805,0.39387615538978016,0.5589177228437661,0.721902510564523,0.9933528955700124,0.8695825928270868,0.7905526753889242,0.8654289150329266,0.6162863862065222,0.5011920046044672,1.0868634222265923,0.8779587353429078,0.7907656313005429,1.0526562441522198,0.7683239230398234,0.30050747083228213,1.2349291084414915,0.8577627687434245,0.43863224642407483,0.966325343476028,0.5120350045068746,0.6605227843514279,0.9193483507627961,0.5863127275049556,0.9620079611981627,0.5018147020091317,0.5319295517515608,0.892833390815738,0.3170937326298787,0.7871693216040289,0.4804948373515209,0.4642718093102596,0.894906323864917,1.1091303597512332,1.1826457173411677,0.4921958920131422,1.0854861556432962,0.6301949979751775,0.35691986437982137,1.1949474208215045,0.49271498679858317,0.3285271859415728,0.991806475246172,0.697623872665525,0.47911661391139904,0.8378856919297817,1.036182669198213,0.5017884533468844,0.35482264094076554,0.6821171756158945,0.4326516187437722,0.9587285799048996,0.6535703924496014
0.6519309136092422,1.1308707591989284,0.7415945467414369,0.6717209268734554,0.9265133857772465,0.6610284698067047,0.5555243106580235,0.7378540439263624,0.71053949727414,0.671248053294072,0.6617655415845085,0.5979414115821666,0.6804274103209902,0.3164438443557749,0.8762343214210638,0.5495656779538739,1.1003480011198954,1.1401411373960146,0.28892996332566745,1.1116909037873453,0.3269794670649663,0.3140063466086209,0.4562521138361526,0.6327987644363878,0.9408839765508228,0.7378343185440125,0.7605807574595599,0.592107620863594,0.8006633794408515,0.6696273828068103,0.2901388590853665,1.1011507354259817,0.7017394759814438,0.8756507894272765,0.38998737672176287,0.9290666044956374,0.7989096316400717,1.028046306483199,1.1880641395681313,0.8847441411040295,0.5267541319513086,1.006451087988912,0.799717255163311,1.2274565631838426,0.6409174268411623,0.9859204063739488,1.1086001069824982,0.6801427320968263,0.2586190025917803,0.6187251554708459,0.7403124894098283,0.9733303039939631,0.9134903451287101,0.708204805252216,0.6557144241809477,0.30293593556881826,0.570567586016499,0.8223151856300766,0.5251902117734757,0.9273006863356594,0.4969654124670625,0.7118064815620186,0.2938810883687436,1.195774717008461,0.6547058743291702,0.7578974160033809,0.9193854236698692,1.1317173063953962,0.4813487132001505,1.0815739259104524,0.48448400678316994,0.6349587226375571,1.2310294891150761,0.7808590342884758,0.631980045462946,0.8437057829514346,0.45353552248180484,0.577566293922126,0.31449068045584627,1.101484449313994,0.47835561417884764,0.8549500131477042,0.41905774913370575,0.4126522181899006,1.1212718509501172,0.7547543235655417,0.44557064710152305,1.2416730528316782,0.8105393524167709,1.0067049101114696,1.0251907692939057,0.48179027761657967,0.7513964785953243,0.6269499716862721,0.6203201754505222,1.108291335553106,0.7888193672496691,1.000523980696749,0.384431082835734,0.9523961425404268
0.7298756203039088,1.121843527745232,0.3142089370751341,0.5268277972350516,0.4656751523977172,1.0898613028667203,0.6469815170742834,0.3597361986775035,1.0919985528900615,0.8861773647082327,0.9009734671509542,0.7003509789054126,0.5669465877911193,0.7839674725477638,0.7388978317924514,0.3268620752761635,0.46199405469865806,0.9577213502675275,0.2860188182914264,0.524071589342191,0.325583613854067,1.0747432373470076,0.641859373188026,1.0718309465853593,0.9471358058918092,0.3322723242770619,0.8651291405411998,0.6799576197798217,0.6532077561332522,0.3006224722690741,1.1399133763628626,1.207631646272588,0.6047285567302126,0.8216076494829438,0.665818568018411,1.1817404033165082,0.4391957923903549,0.7107336002416739,1.1676472779044333,0.4364198048539746,0.8081711838904407,0.7241579458790797,0.6671642789757021,1.103317186666586,1.2264565294354102,0.5250988815591244,1.212732583861139,0.6877650549881285,0.2699729325780281,1.0197314182968802,1.0967850018697454,0.38605623443164294,1.08629131310246,1.195017094248494,0.2910823649555553,1.0049325397850504,0.3849784860716421,1.2492072989434408,1.1595866950537772,0.9526295764379158,1.149612489372315,0.5644341058114054,0.9703732127322029,0.4471060388236522,0.4752071002162016,0.7785842014374423,0.726991915378175,1.1418202114066127,0.3863711050294584,0.40031062248396876,0.7306480283124089,0.6522946780763187,0.8637079695437473,0.3016856799111318,1.2068146705908778,1.022031785972355,0.4057516228655298,0.45989284230499716,0.8242935397085736,0.8591953913933262,0.4701098300191635,0.9094900581245843,1.0248584021819558,1.1043459827827156,0.9131478293998225,0.9470911382607585,0.8916757101614959,0.44740373373054254,0.5820738908238204,0.9169053866842103,0.776768907269492,1.1513999412292333,1.1233841643710476,0.35036749509505394,0.27023623263995045,0.5597645831851871,0.6961143071251877,0.58908761326268,1.0640669059512669,0.8070659326839171
0.8775054632183701,0.27924728303455915,0.8319714019143988,0.8423503285933622,0.9088854702326572,1.1500231233980112,0.6972025405048357,0.797959488973693,0.9784906771616132,1.035651618080232,0.7954318694069055,0.9988263369633065,0.6845959608587118,0.39213712379345766,0.6517788006543243,0.7506242680704178,0.9073534821701286,0.31220322616470275,0.42522177210582734,1.057070903866703,1.201423220845566,0.5423831104121931,1.1456747776187788,0.9095107686407702,0.8986389567688156,0.709584057213623,1.1606057172144217,1.0809491710550683,1.0836440104751723,0.2893918336928194,1.2419627472386434,0.8157449506132892,0.6507041668344666,0.43483839794702495,0.7985884150546885,1.2469494174116695,0.9703839985864458,1.238840541303663,1.1374689402128824,0.9993694366449569,0.5970023354121999,0.4757895521506291,1.1277494048626249,0.7483330282942372,1.204666356879069,0.8891078469947064,0.8783471175494444,0.56037088910812,0.8366017374045605,1.0609351926726105,1.0819415416880522,1.086078900795281,0.46546290727573003,0.9236098319966951,0.5972884743056978,1.2051751604781324,0.5461767655589985,0.5368466456472,0.8838894618324419,1.2059800588260723,1.160824220330396,0.8309685866315925,0.694479977977791,1.1253632399007607,0.5070960893951117,1.0606038482601612,0.892278163507115,0.44644131522278585,0.4466885582312131,0.28859156193813384,0.8018287335341685,1.0332900924388664,1.0435374022288308,0.40853615849992353,0.5799748952902765,1.078212757886594,1.130421902873605,0.7418759594608237,0.8720294792520092,1.1031729786467226,0.45117296711390076,0.6517936703333638,0.3797062579900269,0.9367677955971696,0.5917118793416883,0.8368204450735637,1.0672592689875229,0.825520216966124,0.4049417853379359,0.4840281753068746,0.5667171220252161,1.0839166004610368,0.33400171452062566,0.8837790395432505,0.7739931674646672,1.221297460306592,0.8148183139601971,0.9598954333814536,0.8561095998529731,1.102956113673749
1.1236771141863389,1.0758167505647627,0.5189934044350977,1.1623633456166909,0.6438644056541585,0.6034213793027181,0.8505943333606173,0.7043773345599609,1.0264474464997246,0.3683361909233873,0.3122731058818856,0.9011475848816741,1.0238796557301564,0.26170661073090407,1.243848388899698,1.0445155444907486,0.7222818041629817,0.39730304427897034,1.1167703545060004,0.44524060295649204,0.5472907903073336,0.6939194545063778,0.4543163833989703,1.0462414505413684,0.5252882134518602,0.5564634680428203,0.7598540095504577,0.3698910934727121,1.0646710047099892,0.8239498660690104,0.5440674621767778,0.7644613277398942,0.36514617839520114,0.3095870973531437,0.6527394847468307,0.9701574609309402,0.7611136384895005,0.7332320758754352,0.8754334501665935,0.7956959688130258,1.182867690126633,0.8666219781652751,0.45399460360938737,0.8532454226840298,1.0501375827520758,0.5909619736429885,0.43410132336095697,1.0121296204503247,0.7053949052479408,0.6503566268398306,0.6535199924402112,0.404786034846112,0.37048182243846794,0.31489927953840946,0.5152285225026746,0.4901515960220142,0.8222838145420012,0.5304550647600553,0.3219067173164456,0.7813399532366091,1.1933101118741498,0.9798891177035978,0.5062923753692176,0.9544936364116847,0.7294549781497657,0.9855207057935812,0.28836155478797465,0.8638459450077243,0.3053323871633461,1.1288811459128523,0.8817748436527554,1.2127848079807322,0.3355995528227683,1.0626930433757824,1.2121859094918002,0.4205303893937753,0.683723702831421,0.2696105324742536,0.7557422983554444,0.51459711188103,1.1724988963025031,1.1589808919148643,0.7037537602503535,0.7700826832165839,0.9336995457246208,1.0827790710232947,0.8102414637830525,1.1752646416569643,1.0990345132834731,0.8380862458546977,0.5081581676584783,0.8035308853571833,0.9315260298866503,1.1301313534336417,0.7550578002704087,0.36786010867977015,0.7205050789923272,0.2978655989061071,1.1995374371136518,0.5650559693186544
1.234083469199295,0.3788698674734452,1.047559100637188,0.4606621890056666,0.9012329770414921,0.48687055897448206,0.7656794276964978,1.094357082739616,0.9061618376810715,0.6599048896962882,0.7625026487703317,0.8709285674784312,0.8519234310151316,0.672034260127639,1.130314762148927,0.9570864772666982,1.1301567379214852,0.2578415907719168,0.5324787439770267,0.5953419522448878,0.34206698608247543,0.27191332877500896,0.7578050639587791,0.5219460394184487,0.40620656868662197,1.0723812111853543,0.7512756446257294,0.9849258473948942,0.8618310201032214,0.642895108893179,0.46031855628579366,0.3350563854892411,1.133273601426224,0.8543593197147711,0.7696116758030075,0.5372212092051508,0.8543129822403198,1.2368959453882975,1.0582682112162782,0.4540643885466006,1.172645139603572,0.290333852138452,1.076464609492183,0.4772610535596623,0.49165892081918516,1.247672263264659,0.3556503454489307,1.1861765641665052,0.7680153489085197,1.1971529360063546,0.583299859870525,0.5511755869973588,1.1015371718979257,0.7157255776674976,0.9360911539434869,0.5735246137370379,0.691853708091064,0.4097494602339442,1.159005588835703,0.6497195509744276,0.77023048910309,0.6609329049627582,0.4404134960249102,0.7038465638069116,0.6172777012807092,0.9137916239414441,0.8714644226567846,0.3377176417199643,0.44813074182357704,0.5649332274589325,0.5071185039986945,0.37665587284719393,0.43345788475886504,0.38260399074681106,1.151485851100749,1.1474190500781738,0.6620936096325392,0.9213680088967957,1.067102133002615,0.7695018547649811,1.1026661531017208,0.8879304895796655,0.7569301160771944,1.080250192781385,0.2696832153814137,0.3222717090113515,0.5050036525010757,0.39689656887777924,0.7715995129911216,0.820689661576848,0.2877473169674334,0.8661108004157211,0.9301096984332773,1.1377535094139863,0.7752504648304882,1.2082511722325031,0.2979675585794759,0.6578600255909134,0.5895289191306933,0.7736723999989852
1.0182734138645182,0.5851188542591419,0.5603619589235738,0.8729665835634828,0.3565930303079907,1.0305255152438617,1.1693919732144173,0.3480825807842446,0.42742876946970687,1.089802285635617,1.0564036172328395,0.6023749466096544,1.142523289954846,0.5450407076541562,0.8734059581594401,0.30022601146397376,0.4657406791764541,0.8809217902291634,1.2004591705752956,0.5856104542698427,0.8490445871503816,0.551046077834313,0.669271661166022,0.9423589224610581,0.8859403268267109,0.3069787269973683,0.30024300982298213,0.7814549141893053,0.6234579451327052,0.2786524275776545,1.0153633638580408,0.7988728015425998,0.664825655521352,1.0136922693503205,1.2465263087986191,1.1297524022943435,0.7108983382065819,1.0045693612057365,0.3190369369113749,0.5419111734978073,0.7523718199720955,0.5761702541282535,0.8076886911854527,0.7937870703917469,0.3180373140916697,0.5135514794967778,1.0628509715367578,1.1907508592344611,0.2574631404172194,0.6564627179520722,0.7419280240391293,0.498976899161365,0.4066128148926499,0.4902450184643039,1.1987904976919181,0.43381288948181496,0.5967187612359112,0.4140635882653352,1.2077666581762225,1.2037036264917078,0.9270937847836443,0.8792191930082921,0.9199534908592181,0.790610994324729,1.1638145226249441,0.36338709555257254,1.027877705536877,0.6415370996016292,0.25920089762537946,0.37897890792716526,1.1986540809029906,0.6706302368788194,1.0084036730342032,0.48339626945812697,0.5203832353106563,0.9061460918474422,0.2856121502728415,0.7731581498176416,1.1110088213080136,0.700536539067076,1.0248834322529488,1.0191698695235876,0.9373899126857146,0.6692492493189658,0.9856426600113652,0.940701039499166,0.5125502300200002,1.2208541978677,1.1832764123790667,0.7342661981097255,0.833195161883046,0.724325570550291,0.9190800168622832,1.2076634748089732,1.2240312249720637,0.341011806882517,1.1320481860076987,0.9550345222633327,0.35814594233719865,0.7353723712045505
0.6677667821673338,0.9935082562916078,0.7052201490818012,0.8815602200925206,0.907845304603036,0.5248060355481361,0.7469634829058303,0.7382411370217782,0.7950269188969383,0.633832951933044,0.7092398775969581,1.0914475530847598,0.6933800143791877,0.736000493797603,0.8193773611822828,0.3229018353679035,0.9278132003100442,0.6976734254104183,0.8316222929891935,1.2285254683891407,0.8736487782902661,0.7526312426301305,0.26812404104572973,0.5140619846937188,0.8493021161394377,0.6686072749183299,0.2849115526562238,0.5379453426759925,0.5053363737632441,0.8332523923125568,0.5030263409202532,0.6299790789653946,0.6372744114248413,0.7734013709220082,0.3852173137128547,0.2992209145407616,1.0787089838180064,0.4986048846133063,0.5847890418906792,0.9986087085818324,0.5778839940182585,0.7185569945911346,0.30461030321346905,0.9449701331214758,0.5669041377206248,0.5291304707742697,0.8287564763599993,0.42478128487493383,0.6726866196574257,1.02183603523011,0.822772509737109,0.6223070985730478,1.2247600813361954,0.7198043214486816,0.5180471873786378,0.8269361233448397,0.996452128857114,0.5351865960100478,0.3277124183917255,0.8921102350255211,1.0285158800616636,0.9493129211553037,0.2504015440253399,1.099600174982458,0.6182954676557095,0.970616290663715,0.7503583603843902,0.9633217295012723,0.8772584006359783,0.7184612370870865,0.41975849820713584,0.7309416080843035,0.2719865220393236,0.7033706056041573,1.0535417768264277,1.1318548008206828,0.7479763025873932,1.1486389283011031,0.8656243966831266,0.2616448995030962,0.6427351142242276,0.6185624690277138,0.8832834823329955,0.4439939562233972,0.7370160405162395,0.7840277303847177,0.2892530530709999,1.1974772343956246,1.0560165046030692,0.7999789863838642,0.4799614154010342,0.6416665428788089,1.192334494935037,1.117705459766688,1.1614540034548393,0.48103613794705946,0.6943938189157698,0.47687051633149413,0.7565012010369253,0.6039058262568587
0.6713570022770702,0.4107598960483082,0.26162053990810064,0.983113022415281,1.2494137257706666,1.0726143185136783,1.2421580148233127,0.40004866469398426,1.234669739524508,0.8218722712271865,0.3019565775542684,0.7212871673981646,0.857089578718754,0.8271998867345508,0.870660479824584,0.6528732826326371,0.8577521222527226,0.38427485090227553,0.6866141897687661,1.1065372237479267,0.8985048201186882,0.306176077347439,1.0427581135728128,1.1890684794502917,0.429356010289241,0.708431424131438,0.8011599619163721,0.7428195845328246,0.3558743182131293,0.26130253658902247,1.1155623831722035,0.8571352808835769,0.9096902729304743,0.4767726253196457,0.9254560453364256,0.4810808528744962,1.0795627156830498,0.7883949792869577,0.5637031247571562,0.7326012356615207,0.9871324139566391,0.39795833410940584,1.2218453013254846,0.7651670283865888,0.5167945494338309,1.1806722555623983,0.8682850210137198,1.124743649656566,0.9680681612008608,0.7338772645642591,0.48833721062799695,0.5046637658899619,1.092538229398637,0.7054655720063617,1.0614659391516819,0.40484139464745494,1.143509971393318,1.0428400452735271,0.7823602348613149,0.5481503562765556,0.3810146186504656,0.9611218170152859,1.0558911691968542,0.7301349396383732,0.6234445911454355,0.7503051563545148,0.6075133284272369,0.9094232468499163,0.5663754073876829,0.8483060756960188,1.2156531747664123,0.6263118169549976,1.066877985893783,0.7671208881133305,1.245604201803506,0.7352807171101983,0.8041697216110001,0.41439268432841414,0.26275647970743055,0.8068121431407401,0.7543807042987668,1.2100118808191254,1.0607206729451748,0.5348526766106136,1.0631821472844614,0.6291608639799434,0.5554442265484817,1.1345719870582625,0.9429717937736674,0.7417906326236681,0.3981339220163831,1.1654768812183316,1.0730875290068804,0.2521409193454752,0.411712778330108,0.2965799420865416,0.8389436485073487,1.0452870447972225,0.33581077170943885,1.1414550645563724
0.9875823015888915,1.0679670241190622,0.3224468877945589,0.3815676851272598,0.29821203886055603,0.6737382536487628,1.1014249577450959,0.57467592689006,1.1873880664971188,0.8377693608621982,1.036278199384033,1.2291049380151544,0.8813075530919887,0.29373907230894736,0.45131210782243325,0.5452904940479433,0.5453014775718328,1.2079341210567704,0.8300888346694546,0.9511698615902597,0.5174020278575413,0.7410957293831651,0.3190459063145997,0.8863742815333744,0.9551391455705633,0.9750060762991187,0.6881786132483445,0.5499420697770226,0.604897683486554,1.037371958149273,0.3528425921574767,0.6387263478765467,0.6920334209311235,0.9165219766930349,0.6460009663856152,1.147385717463715,0.9593888218243862,1.2421356394785827,0.8856453219526133,0.4660314403930722,0.28671294348306664,1.2346544775908397,0.7626152441031999,1.2402851705849414,0.7559258001463939,0.27464440463632267,1.0314620887547092,0.9874314414271221,0.6926937019674358,1.147532326522084,1.0439550847155905,0.7389509264384521,0.7508766058895991,0.832144802814742,0.3053598169384095,0.6061939434613794,1.006789222902397,1.1557567906364479,0.5533642822141704,0.37646424540357115,0.8509571949974972,0.30196609813118025,0.3292496061299288,0.6232073691051269,0.633534512433977,1.1440995361061592,0.5274267348009791,0.874700669406608,1.2231447114269085,0.2809706034225101,0.2648561225075038,0.613189123716225,0.26394901869191145,1.0136104796141585,0.5026630021712823,0.792033345097202,0.8088408709546665,1.0541092460611317,0.9452296557477357,0.9115243241461749,0.7143317447951528,1.070461290158315,0.29475143392623815,0.7551640182933148,1.2046376520064683,0.5902749822340309,0.9946036790033801,0.46455652133000225,0.25502550336531193,0.8154563660741082,0.9038299638276777,0.37561270352030207,0.291972726243506,0.6302411664133902,0.6188825215558892,0.9551131466389949,0.38918780275798703,0.880779733104932,1.219526523324007,0.4158779246625355
0.48877714576830233,1.0821341779577418,0.6424935564066848,0.9658249646820886,1.2271741842213173,0.9175498992914705,0.4585105143573358,0.9873570773877997,0.29317373579701167,0.43447625313363936,0.4513637821359744,0.8841421382957368,0.8416971623063255,0.37300329512374564,0.6451377432643186,0.48238432305604784,0.3866009036511726,0.7796597239456199,0.7666983852262678,0.9770567616153901,0.26511068421447503,1.1771106288584274,0.7242550209769536,0.5745118001753421,0.7051719917336564,0.824287575090211,1.0891803949802985,0.846081955238306,0.6631725172077195,0.5564328227033716,0.37595519637935826,0.49029912345036675,0.898233468807846,0.33010572660960225,0.3830097989073288,0.506191514439355,0.35540137739646227,1.1075306077519236,0.6059577734706405,1.2172711903702975,0.7247690060436512,0.45909736458961425,0.5408768542315825,0.8613416562477262,1.0277279100677932,0.9466889878731969,0.9532772277324516,0.5028374006902893,0.9822192063122223,1.1577612436501785,0.7364827657324229,0.6574078813546854,1.2314214249220252,0.6067704903492512,0.7881210100398132,0.947013013934263,0.5820007021176792,1.2250871697076813,0.6428390764814024,1.0925545014651812,0.2842979013033117,1.109747805685067,0.44148961490811944,0.7432474930259858,1.086620210367658,1.1698709341305427,0.8928020501620825,0.5325408636624436,0.44371705077629786,0.5248956582570877,0.7311256918168456,0.30226866756159654,0.9071188390612733,0.6973324266661878,0.6867771693233197,1.1690382770286711,0.9570311693228843,1.0419610144667157,0.6679992169203516,0.8419144044190701,0.5033981075593726,1.1039484630145435,0.5464407247793972,0.7813307926731757,1.1757885494945683,0.8708326327741929,0.2975177572071104,0.8840550560109833,0.6778234566382499,0.9655059546211288,0.9312092578215488,0.668446789716228,0.7210828507045132,1.068542579905503,0.6739561794632619,1.1002987365717918,0.25338784798263914,0.8375617721497983,0.28868495825719154,0.39950863952069615
0.36047411313139466,0.7574677337608362,0.7299388347171235,1.159032520665641,0.6569079607228706,0.3455353138346682,1.1805952146439163,0.7260181293687665,0.4148148157294371,0.6122354416522884,0.5086208348880388,0.37626474156450274,0.9526337730855163,0.8086423964504253,0.2894595328908993,0.5310044989087136,0.9016397604772766,0.4918932941128892,1.008776253757325,0.8120727944025711,1.2150153694544719,0.3553932181078052,0.8106782949389499,0.5195118622922726,0.9177605916031529,0.917212337194181,0.4106795847118452,0.6838439228552442,0.9258229251040736,0.2902580030092321,1.2291515551006156,0.3449652752283765,0.3114462901307875,0.6918337048019546,0.40873676337430953,0.47065105962174847,1.0888538619040689,0.3473668937912211,0.3985067816436808,0.9651250198168879,0.5863233942703335,0.38035313004326554,0.7194068419892581,0.620973712592169,1.108322938878858,0.9753263907358781,1.0844582528560966,0.31728461292151455,0.4830189643968348,0.33741680787108386,0.5840455484199596,1.2365694907793265,0.3473767291080042,0.41427044945592806,0.3205500637098946,0.8101159830093484,0.9944421678375537,0.48228965409645264,0.4296512179553419,0.6121816027941516,0.7475660833887259,0.7082533147650479,0.6362363952990896,0.8291298040350491,0.9007883208469019,0.30515659060178546,0.9428011986299087,0.628024949434402,0.5958285703095939,0.282799874276896,0.5833678381165628,0.9355386205626233,0.6150939202318059,1.0398646210355387,0.7701807365667597,1.1499095433546718,0.4274818349910118,0.3771811892168869,0.815557483226387,0.9862798987834215,0.755028046148767,0.4221942674257543,0.5301341187753797,1.0555808264412336,1.1592650434553406,1.1409953746442647,0.46929528250483066,1.0108914729612402,0.4474862816520323,0.35962819440343974,1.002154892257666,0.5945619079878753,0.6479530562013335,0.6162530059984742,0.6105329178516478,0.6840710818159804,0.49529009364364296,0.6035488542043371,1.0035039011073081,0.8269095353227514
0.6046221576407765,0.2563858717168336,0.8500205481193037,0.42968310887024197,1.1207534503372591,0.873859324676573,0.3663663978854761,0.6258882851457693,0.3817287734545619,0.5845112887419321,0.4147063534322959,0.926177562075434,0.4874334683748063,0.5931673531726582,0.7255460374868267,1.0534827432968847,0.9885974581323307,0.7506035711547075,0.5324960659728523,1.197090667108519,0.5008930456911025,1.0144407280755043,0.8784264566145871,0.4409265850716435,1.0873670797701507,1.0270492856517561,0.2749716621170496,0.41440552907887873,0.9081598242975735,0.8383522209831533,0.9238388982700046,0.5649184445888957,1.0637233437222275,0.4133667583984202,1.199273106245617,0.38812529314024724,0.9210129805329098,0.9563719968099961,0.8464670754135437,1.2071348325397961,1.1705358851025547,0.4535348738868964,1.107857783517489,1.0221520276158382,1.0948640854105085,1.0863785774103993,0.3062139054598785,0.517997266884378,1.0631420044817255,1.1864933313102257,0.3568209929639906,0.30592635012822567,0.5530657611751016,0.7537194345899563,1.1840329911306393,0.6364625643279352,0.4019801824740512,1.1312975456140917,0.8280721020124125,0.9104697213644312,0.4048426816202274,0.5124160816962144,0.7348587397161036,0.43907765377834884,0.8641688503188927,1.0706415603544788,1.1209675998625426,0.3529461447002862,0.6078411586415332,0.670335389195499,0.6991234139302508,0.6862144171200454,0.8614948527191991,0.8683463070454575,0.5449311358038643,0.698160873369002,0.5022231342306188,0.6485592241441276,0.8990806020188844,0.8213395284530771,0.28049654785275446,0.5209632078712195,0.3960169055921082,1.0413527236523343,0.7621699559338871,0.7461759261011153,0.9562324985317819,1.2360279281964297,1.1607979110488678,0.9996257521490237,0.7535768963385915,0.7481507202511484,0.5601472210908021,0.8515485063797061,1.048495963603913,1.1785220750424297,0.9545860321333502,0.7324514703811176,0.775102398142244,0.907494229984942
0.5372389916540817,0.5370381331749128,0.5416625787093032,0.48754332492387764,1.0323854840582736,0.7017676787372291,1.0674497084911916,0.6444762785700353,0.9759799099852955,0.2761967085320648,0.5802150648714975,0.575104015431699,0.7623637775457907,0.979173487549448,0.7930245839576632,1.1792280536318538,0.56562734376335,0.9296203327351078,0.6030503916003024,0.7462587528823615,0.9260262880525475,0.6596710533759926,0.9386316293078756,0.9446409588937278,0.41972842857692316,1.1122029736581887,0.6990387679301259,0.3665830745556967,0.32010813964125695,0.6476844144330547,1.096887224428953,0.3466448342877523,1.1905039528794026,0.43445905105988336,1.129601496711762,1.1091117576469165,0.9470241660042995,0.595579585870813,1.0643839206690815,0.6771050453603432,0.26200302727268254,1.0190611331597244,0.5549031243850635,0.42046251158164205,0.6096755612230678,1.2244393106384752,0.9975206367465048,1.1622082367815256,0.8384312404534523,1.0755348415204158,0.4888451604036069,0.3921813763873516,0.8882244150406114,1.080202884345762,1.0163512805573902,0.6702496018075419,0.3803179880912909,0.578255089277337,1.2079793532488905,0.7208164193658981,0.4329229259620847,0.4917645074796816,0.6049951158139418,1.1509077302669906,0.5841430223838622,0.2876973904226706,0.5923340824609907,0.969022820433601,0.25845149606246054,1.1451000290662443,0.820664578980789,0.44479380264392676,0.9460314069891137,0.36309973942382245,0.26526483964602976,0.5244126316356817,1.0607304652304128,0.4201526411445169,0.6002366143270768,0.3167502548507569,0.38181037349745917,0.5356265996835771,0.5391782538564431,0.8313665572045749,0.610142114138938,1.0747231640769201,1.0326515628228767,0.4304238220813704,0.42458398467636027,0.3858861501275942,1.1440546052038867,0.7076318745451751,0.7013367251540973,0.856316947374532,0.7740376698675869,0.8402990717555996,0.3491945301128786,0.8473493009778531,0.6186206524982887,0.44461925432456517
0.5463081204559901,0.8669269183757422,0.9449818861265425,1.2213950940416396,0.8170162609866678,0.8366084631754741,0.6306232934765801,0.7094467684059866,1.067785329856945,0.27419176389135524,1.006751505688635,0.9363271966860974,0.35422480280834767,0.9022916485919397,0.4777497361032096,0.6551026945275664,0.8948326040223138,0.3262392179735645,1.1440943025332508,0.6305177098698945,0.9566298698787096,0.905173714524338,0.5032723835227151,0.4687156129979273,0.2691448679968367,0.5638754967224705,0.4874785567522575,0.7966956820721302,0.6452593154311578,1.2238004133571496,0.574329377351518,0.42689695082398393,0.898765386159386,0.45229394915820365,1.1570419604150217,0.7500582591910867,0.6129828404038716,0.2569822618803481,0.6321234944599732,0.7251003406917205,0.8028148757183491,0.6755056592718428,0.4426763964867003,0.6345158137062665,0.9372343434606829,1.2256019191566523,1.1008527573220954,0.8831786748957723,0.46076309942990623,1.041310714312667,1.1992811717559837,0.3028258939086025,0.6000068684731787,0.9140122280676023,0.9079499112045923,0.8121108826232295,0.5956270370361589,0.3628405445168844,0.753072600271609,0.44892977979503834,0.6150475666926015,0.7330141128439505,0.5707121649842939,0.9241869488296138,1.0679041768324393,0.6171696256950227,1.0197723073855856,0.7538887967912735,1.089207953039459,1.2326524114935693,0.685589158012709,1.0660335023020684,0.5924752191863042,0.4063314383928386,0.47012924419752666,0.6431704345642641,1.197170616843394,0.5047205004575489,1.1670985051717944,0.3664455240847114,1.1365895961689465,0.5209092232468712,0.5597653141429034,1.0307854833654764,0.7150353247306728,0.6521563818439675,0.7053184100619284,1.0160258995192963,0.5360600516592855,0.3166279984103747,1.1863427533982278,0.7688895316510814,0.6341941849259775,0.615025304038823,0.822099816971625,0.8800071354465232,1.1588874403864677,0.7224621139148905,0.31584216450865465,0.6407174422546241
0.48360775104990994,1.2311861780274236,1.1101223971892047,0.43097695270948977,0.9884492092513265,0.4180142077448634,1.1279743204450696,1.0350165438370569,0.4635113663106719,1.0816970436757734,0.7693858595039373,0.31964114816240574,0.6345113276448126,1.0956043629899068,1.2140288471655136,1.156111002132497,0.6451309076115033,0.524703815047892,1.1964565131504055,0.413035336931591,0.8600074170794857,0.5102365979852294,0.2599787766584494,0.8453032659274891,1.0291025863957868,0.788022705363903,0.29961437333883745,1.1524130332861033,0.4317788672173619,0.7941986625037022,0.9264837495206044,1.237336158579546,1.2045659288588109,0.6367070570439779,1.2415327758273866,0.9248932030541548,1.1292795561570066,0.6534809690269996,0.3822687150984817,1.1479552161850193,0.990663581066626,0.815415939752538,0.37907124693088146,0.5969589503775858,0.56283419752422,0.3152767575664639,0.5361350424583143,0.9710546608978718,0.48672047585383293,0.45091133968552244,0.5550996868195266,0.8758411949823758,1.1783725519807917,0.5883678659252158,1.0738963816246643,0.2558647278871613,1.057702369044057,1.1200249255201657,0.33291458139448116,0.8516866086204651,0.682437166716503,1.1368315394689592,1.2139160120731884,0.8832689173374889,0.28836386135570113,0.7922999756210791,0.8113558241893379,0.9587656323456546,0.2819944601443247,0.8870475535036275,0.664846850301595,1.052560748151628,0.35796244811083555,0.6870337254497708,0.5319368843417585,0.6377643285297497,0.38593274736732064,0.5132461748305444,0.3839748667497812,0.8464745775439524,1.0016797670314233,1.105408162104288,0.7718844619274783,0.441773458293671,0.9398960033133608,0.35239446279317654,0.9480743384786489,0.588801169927113,0.7668367677344992,1.2260796862214676,1.0573709397924893,0.3899189772269941,0.6823338998786653,1.1544739272812876,1.1030135589879255,1.09541920170077,0.4650225693561846,0.9483133239405601,0.8721669241736077,1.1965638429787437
0.2920931896363619,0.8818135270166684,1.0298509888933498,1.1043850933695791,1.1285155613013478,0.9868737449441821,1.1180566901074505,1.1420846889402343,0.755852692951829,0.5230708099728124,0.45488127415071256,0.4248814371759594,0.7376670686212644,0.9424928266692253,1.159454610937242,0.571495701247882,0.9632068832826177,1.0569654908839936,1.1425582274864745,1.0362056522610579,0.5629073942136482,0.4094922625413583,0.973443662354912,0.5146350269253573,0.8596974251526159,1.0901080784391999,0.974598286847629,0.5939576865576855,0.4068127053168057,0.5252391810370083,0.8442418273085972,0.6941035569066186,0.4014323143699633,0.3011502056203976,0.45831539000851795,0.48906638407502967,0.9753716002348575,0.4847544217249713,0.44668819731282305,0.7750493402453846,0.7350179875240412,0.27100915698636074,0.5478593983902112,0.6818070951077773,0.3109055432351827,1.0718393227529024,0.8904472739932529,0.5071523511090958,0.878030464569537,1.055119208754665,0.4188592893670353,0.3045092774137196,0.31562608817781757,1.1855230227588573,0.8975197955701631,0.32850986845360985,0.49634824724230187,0.8861056346436186,0.8700013334774084,0.3106830689506823,0.8731724245321872,0.6283475816826469,0.8915796812433943,0.34949622618063814,1.1207971723381132,0.39810079862712744,1.1328364906780792,0.49894352479687276,1.1901798347292414,0.4116376937845918,0.9827234154133065,0.7363916280888938,0.31964586774826564,0.6468893930890396,0.6935997013181872,0.536866874982794,0.7476495545052182,0.8062363940257727,0.9215118072810374,0.5249791919736402,0.6728684090590871,0.2818847952085921,0.9137044789262561,0.30006452709329434,1.1339977768711869,0.31150573645863855,0.637952168654892,0.4256264655680023,0.5133636189980793,1.2069917688704415,0.8855934820081872,0.7631415015132771,1.2292618656086425,0.7532283453861176,1.0559281534153586,0.5468002050518389,0.4545936142917758,0.6836969331069596,0.8352203293909553,0.496617422690674
0.2678739347334138,0.5098035810641598,0.28961882534835715,0.7422778564480348,0.654140321651033,1.1127970775432285,1.055925400117621,1.2053346865039283,1.0907030280112,0.7680787662388154,1.1278300781520407,1.1057372589057863,0.9022242595454725,0.6799310773901481,0.9721432354559059,0.7264369863437916,0.4492152748940531,0.7096648704026612,0.6694479939573136,0.9844439320755914,0.5210962537640658,0.41046261427122643,0.7856565993475786,0.9119689447938686,0.9496395696221217,1.2394511309650564,0.3615929999572475,0.9830001072226232,1.077302149737246,0.9594388646339748,0.853150120122947,0.7818717665050166,0.7274161894803537,0.6477934409290982,0.6054393373640617,1.0080404210112164,0.36259046652919447,1.0688692705204716,0.487483305169384,0.9572789119056672,0.33540303016272166,0.28443130857331456,1.0300480870400435,1.0317798259287263,0.9515652656029423,0.8963099336573813,0.5641620638369721,0.9693881555748203,1.0799395932124434,1.1001327346850367,0.7106727916549932,1.0864397373761232,0.7994118320609646,1.1622075712491822,1.2189443971742913,1.1312580677630115,0.3132534088986796,0.41473089608106173,0.590222994451257,0.6633424598711922,0.32442841843851566,0.9997257467835433,0.2734329553673882,0.8541739381725918,0.7627498997939296,0.9963138125690768,0.7778121082956208,0.5744382286350662,1.1420743510936207,1.1558493899993056,0.9358762750864646,0.5484506611477605,0.8389360225625478,0.9935442696372946,0.42110247841340187,0.5185796043329666,0.46417625273958685,0.6614109317604655,0.25435957995658043,0.32964512903476584,0.7671503622838772,0.3260999889807743,0.6311005136118141,1.1236338226347002,0.45698630300011955,0.3013343713236776,0.4099132450241275,0.6713769412138549,0.45986467727912117,0.31043654494056405,0.5537209535911887,0.49241881388721087,0.33863297474958076,0.7147842059375008,0.3822115228202997,0.6042657213276258,0.4315079616214955,0.45227318174203035,0.5308832730675997,0.9183607021173941
1.2377223897360317,0.8840057030996114,0.7305069472578289,0.49723107440317704,0.5770331615632387,0.46673980009077565,1.0400304363070614,1.036903386255295,0.9828015447662506,0.548725573588773,1.129581854951529,0.4771795570235149,1.2005310525862036,0.9229666223944324,0.7833866287653626,0.4760289978159997,1.1402150026361744,0.7965771420322949,1.0303655030068817,0.6343550385241349,0.8476682827027031,0.32049194564314465,1.0861177032072487,1.0649397285405393,1.0881549749886426,1.1395193110437631,0.8583195000077717,0.908661354939767,0.29191521671625753,0.5214920025427113,0.9325324595377216,1.1236185287372153,0.8518067339454473,0.7617074471147008,0.9192190299248667,1.0100055449620986,0.6577780344061627,0.5873306088457655,0.5498975929945362,0.50217287749553,1.2224613900279022,0.6958255498270162,0.7216263651952617,0.7341730321634075,0.25982755256978785,0.8973421343730912,1.207971066482454,0.27812150627792376,0.6656277820291552,0.539150334454151,0.5570877433602487,0.7619386306819278,0.8408662673951145,0.45934839938409877,0.9639579478647715,0.32787898909129076,0.3817095352063551,0.6798312575130026,1.1059251895912978,0.796614939663671,0.7536917612374446,0.3468187309872186,0.6801759084443132,0.37096066223849233,0.6482502348634128,0.25835470417213857,0.7676298283979672,0.5842153372601147,0.7855219160859636,0.7662478232000605,1.0832712820358479,0.8880927257964524,0.7706553537341115,0.8307371397973519,1.1232543566916726,1.1110629364797195,0.31007316835498244,1.1977328040063053,1.174651105405181,0.6796027434485468,0.6199988859599774,0.5239148706299037,0.9694702313133812,0.32555449376276957,1.168193158461703,0.6301501419576699,0.6481494935229065,1.0438359121486163,0.8490993251027524,0.6932534414749622,1.2329449216202213,0.43433134898819126,1.1722308698387298,1.2475137456618959,0.9639145840836343,1.1559519191946444,0.26398171297136475,0.46393378280104725,1.160221701410312,0.9901493936975908
0.6777731337358623,0.7899853797158555,0.35493017841817487,1.1207499012725113,0.9175933855635847,0.3457145555201617,0.5546791390980408,0.5654068957480127,0.7922372054918483,1.1906792451153405,1.120578425046007,1.0870411252429402,0.8506510665483559,0.5253811742554185,1.119969159647685,0.890476042175844,0.5374095964655797,0.6828160022094693,0.7263357333010988,0.27519341395922936,1.1160956336116916,0.435646704901243,1.0713883629006942,1.0280252431446533,1.0528109348245005,0.6214672626243768,0.5310497501668892,1.181554914309481,0.6691828759021213,1.154243291407565,0.8253591731290986,1.2455689004906878,0.8317366474211867,0.7332942849663252,0.7338025398606473,0.5625980249083001,1.1363803619601418,1.077523693953817,0.8927950705063091,0.6967264687026405,0.7680104313760979,1.0666552432016236,0.47748160369354,1.0440144502659627,0.6591825874584886,0.3783499266146948,0.28342357243550376,0.6253213457730138,0.5083004291275922,1.2022600783623236,0.28515925027119415,0.7770076245815337,0.9027281237772241,0.289417585120363,1.1746586095822469,0.9568035962105051,1.1087449685295803,0.5372576948770676,0.6846781483164702,0.6860469741185791,0.4326251302531011,0.7260567021510618,1.12500869974397,0.32869767519539905,0.7471672807176857,0.41859904843403684,0.8278770814409091,0.2757424097472162,0.7935955749112921,0.4037493121029181,0.49995898123949556,0.5381521357774031,0.9922010091211325,0.6381330810022493,0.9549111327313361,0.3198619206846617,0.5755033381261354,0.37637014194700513,0.3625041332380915,0.8043225980836554,0.9907798671606725,0.44987297464944365,0.58616533857958,0.4966884297439973,1.065180231969889,0.5872377508358421,0.8299678202031429,0.7148498037040522,0.33892952275502386,0.43624493829977473,0.5241361671919383,0.3148342187861912,0.7302367134710267,0.7435003640726167,0.6854361289020355,1.1509634960387638,1.0218054684782345,0.2558037688429411,0.5541100073428369,0.6981286994651595
0.6343266471596817,1.0298453951511437,0.49204501586252747,0.6953052550026655,1.0578459419412587,0.2736385860463364,0.3309192830512522,0.9381347060865421,0.8403476904587729,0.5092967588657737,0.4887962113815393,0.5292760884544104,0.9935939161765598,0.5563134987782127,0.3806523438234629,1.228981115174809,0.6177859877561529,0.2938999426430051,0.7475398521461022,1.0889973277180107,1.1967337289233955,0.9142193849889683,1.0933261677878832,1.0108513309307816,1.2109201469288247,0.4451665172186504,0.423496050355022,1.070981017299141,0.4182036557665182,0.6247219705073764,0.679062369302666,0.8327144493446815,0.6514617790890432,0.6327841004030406,0.6683895333783335,0.6606826330102828,0.297196701697379,0.2505979388347953,0.850945484537719,0.3734498658103551,0.8641862443190114,1.1352388787075651,0.4161849996097492,0.8264889031398659,0.5793792693020757,0.9001871664456533,0.829792843832955,0.8767533485423312,1.1170116069106004,0.29986014639916425,0.5731452172794173,0.8115945077121942,0.5056662233318144,0.9913087083507622,0.767131892010638,1.1700381641090525,0.8837832847472876,0.986794568710197,0.4428396089422456,0.9986721752509908,0.8239751750317419,1.2416861403927357,0.551456186410668,0.7773108956423933,0.9174155305338311,0.8307968298534757,0.9993153551424344,0.5910478728306235,0.9037779229561563,1.1717266694516613,0.8595285097540636,0.48600793032371203,0.7597355100039371,0.42076028345038563,0.335200477559662,0.9276111820995941,0.39368762518421274,1.2236921348501988,0.34488423014757463,0.5787459883496066,1.0341871792320796,0.48185961388284837,0.5402836773147603,0.9453189496243846,1.2288560151782346,0.9679370236225695,1.1980532818528902,0.7875231002030485,0.3081677587209247,0.7353448971344181,0.45265692199043106,1.012652558756141,0.8737422454995412,0.42839825192858105,0.5446489030625005,1.226482776200871,1.1250345312452585,0.5509577155586725,0.6997254105921061,1.1875259867595829
0.9296472826930698,0.3569806388269584,1.2366625932671464,0.7648173539296902,1.0122851347766157,0.891971500443266,0.6529801787651615,0.6876031240553919,0.75836054691628,0.6796568127389351,0.7012393441809881,0.8928819100587077,0.7562660594952028,1.0389851599207933,1.040509794274885,0.8534930960433786,0.3080919520803498,0.41574977982015593,0.45468010905728395,0.26141798345407363,0.35590580440375763,1.1316906118435082,0.7350946599795402,0.43772240569225207,0.7859350788521182,0.7393925374065887,0.6297515229193175,0.816605258905463,1.1293302156784741,0.7998685627762052,0.5259226943805468,1.0624738210441715,0.5880844093662614,1.0891466080707524,0.607811249335593,0.45969027743020086,1.2114166196420495,0.5578191500261191,0.9460798615670392,0.4559800358769617,0.4866097827075073,0.3367065675956402,0.5827294765103791,0.5920694346575553,0.9433775385188524,1.2324825806012478,0.4165035470495151,0.3960965655413202,0.9192682917508349,0.39990925324713966,0.7941086239394686,0.42081370630621073,0.6145664275198645,1.0776102613491534,0.36706441298186265,0.5206836043017311,0.5032011633699767,0.7034162306242681,0.44110562269114495,1.0779249545453125,0.8874046122611835,1.0204378027923369,0.34455634477438823,0.652785534046495,0.26276542651789736,0.9643875620372924,1.214690478828461,1.0533045735180335,0.637050011934887,1.007469050723103,0.8351947853928539,0.9805146540263266,0.6724457900308791,0.47683710232549514,0.9000924511399314,0.4228200514564523,0.9599330734342463,0.48063864021426395,0.5830076330522442,0.970433702225778,1.0132851902031592,1.0479431892533,0.7911880558570243,0.6594479376273091,1.130251773281687,0.9928215015848658,0.3187509520886773,1.245159410200121,0.6222452951860714,1.0801772429995875,0.6921541137865828,0.67744192085656,1.0801829666176939,0.763069422863438,0.30001882090218635,1.1518383164416712,0.8641627026161989,0.9989176404785196,0.7937624559186557,0.9866567352187905
0.46825388786506417,1.0110279025020281,0.39249554290151323,0.6092333693997657,1.0478136488586345,0.8570940360887808,0.42352451498650867,0.5046706220460512,0.5475484513188206,1.1227302504846017,1.234989656140875,0.944150573509831,0.8841040313763313,0.6964195164015822,0.3748208139668483,0.6078140841135489,0.3615122123212764,0.6955416387418909,0.8411303032585165,0.953699779629051,0.40482861259771985,1.0641256855911618,0.5836283958368657,0.3383849469845187,0.7384956326599054,0.9916414518360422,1.0514457762229537,0.9070304982341073,0.8070405132750351,0.30057310382422886,1.018581330913202,0.5769410243366753,0.3768240225504188,0.3953266924205041,0.8437806319434522,1.2265610233229043,0.9291625683195628,0.49116521430776194,0.6125019845315132,0.2509434152676311,0.7334980851068038,0.7883631021010228,1.189924372885709,1.0599787436834724,1.016245472760379,1.161818569539447,0.9622202051771587,1.0730035744469348,0.6980854872830765,0.7875811380515143,0.8017123720199669,0.44769030311448754,1.0936805296649776,1.2178645659513552,0.7781777214230171,0.6204914370595143,0.8052958253281813,1.239279945106385,1.0187641807211603,1.021243074033178,0.8067092565528539,0.460528488440613,1.0083847715899177,0.8388102701562232,1.1215518564582476,1.1666431026939161,0.32356335421576565,1.1472984957497385,0.8972222833978555,0.9817052727231516,0.6197378108726888,0.2903252397209507,0.6480871782362309,0.825501018469059,0.9036564764056204,0.5945058933940632,0.7837254136714444,1.022873936381853,0.6235662860390806,0.8937706081012446,0.9726117248344496,0.8131265938920469,0.2737163603057906,1.126313969915509,0.5299373296919067,0.3008539688337398,0.7573940938449606,0.649109299557426,0.9706644545078623,1.2006117747428902,0.30684057071238846,0.8766436833117583,0.6104630291492555,1.06401673551993,0.737249560345451,0.3773720360333609,0.4381999816798623,1.0441627088376095,0.3502318781762861,0.7079245798608979
1.1999611839502253,0.7912665786761103,0.7488881534513561,0.8429508514349274,0.685583314812933,0.79669741271407,0.9449510889024617,1.0908715794259227,0.8150219928590161,1.0919335667918086,1.0220124763099903,0.7626547531450529,0.32093221613377343,1.0483803405183525,1.0442106625494054,0.8978174459905284,0.7658619027123281,0.4591854654079278,0.43613589775334793,1.220257109726057,1.1947362587830797,0.9351343098744841,1.04155820259137,0.9489488284873856,0.6518871998907301,0.7425690707532976,0.6420935769045727,1.1483864665840349,0.481380636376848,0.6761212379522308,0.4762724300031862,0.5557439574472911,0.6417424505622782,0.755696743781374,0.825593428640082,0.8956025770584116,0.8813759776433766,0.483567361068611,1.0739976518799783,0.28926505164866023,0.6791494919583219,1.1632296862792706,0.5930267125900244,0.4882896705530916,0.5540946359712838,0.6891306608048505,0.4258902834186621,0.48503129881191864,0.7379001952793018,0.8257924711223097,0.6065589211768887,0.5688173228730047,0.44494276897015983,1.1398363940883107,0.3768728280630933,0.8189214058447163,0.7775796224253504,0.3047449822595951,0.5155875983073599,0.2888129478118021,0.9882955104783077,0.7514414736979107,0.8560138319360813,0.3392221680572386,0.6967395253113928,0.9554966519346239,0.30343460239101716,0.7682183156359275,0.29476838868848687,0.9591807037944047,0.7360575419026809,0.34476847103459396,0.27644690259766747,0.6734388048997925,1.2062211736436277,0.31154303413483686,0.3938344709903109,0.5889699261728214,0.4643000723228786,0.582818361091672,0.45450433869279583,0.255770661292968,0.32978912363400037,0.5479797946622695,0.3559559113440477,0.47112326288901496,0.5789197782107244,0.8654007547092398,0.804806758273948,0.8842526534515374,1.2284944646717908,0.9775933433047433,0.6804219080879669,1.0268603268982814,0.6054366807245314,1.0737242861369873,0.5352779969408797,0.45246754209575,1.1821617192136324,0.819335201776094
1.0363450144155522,1.2129920038589947,0.8681557343181191,0.41352387258502277,1.0678342161750216,0.4819470961159754,0.5960997265377855,0.288426348962325,0.9388853020500907,0.4361014178462773,0.2771674212255598,0.5553106766967313,0.504391580841847,1.0724223736682785,0.525767568251357,0.37292067846538757,0.5175926767279715,0.29997902865967874,0.5815646990671938,0.6876613281482035,0.9865352283347926,0.36043186341110267,0.7012941130292549,0.6183472137943513,0.40369104284420454,0.7331808633136685,1.0007696492110556,0.6495187845869348,0.7524272871663764,1.082363539660995,0.9423543061544142,0.6527037209945602,0.41266081510548513,0.3120414169565543,0.4114578340642401,1.1845438807155155,0.5205592564879914,0.3181866197654627,0.45408766115576027,1.2272838231769292,0.32489584200198374,0.6379727543978864,1.2381240759546355,0.4743829797997955,1.0616270144448534,0.28994797328609434,0.48538326189835757,0.9022811128184463,0.4542564679363964,0.8951500833009034,0.6973027562526006,0.8434964158218514,1.0768678471733621,0.8505347682064148,0.842493479176405,1.1317089696385847,0.9054359784406613,0.6050152661362467,1.017233394159223,0.4441287704459722,0.5856092442409013,0.48362476364856655,0.8203125078265039,0.6809830628472584,0.5929665197000782,0.921779270254866,1.1875503374073384,0.7055016952192202,0.30404762734972657,0.4503398210964423,0.5637821433057287,0.2567881740235898,0.5855572016966571,0.7649275088606721,0.25302087135616125,0.519973636855462,0.25924158840551437,0.3930813954173139,0.8351216609271247,1.0048725289085607,0.5879699792404788,0.6793227657041953,0.667969543586527,0.2618713466693593,0.3622410719915886,0.5242618501588997,0.7583116942766945,0.6152442016153719,0.6728764684667788,0.603905667211817,0.8384335564164248,0.9293166653135535,0.659518480278714,1.038581765108471,0.5015130396764008,0.6598384781095941,0.7259266973649633,1.2090439968714077,0.6245361524510411,0.9426134434251007
0.3394110023122595,0.5918721660386861,0.952464970544104,0.6410815366517607,0.37020905537060844,0.6409059959055147,1.225610200859915,1.1517619921354236,1.1233229158608076,1.0526433097957104,0.31520459126049205,0.4626443763710961,0.6118530932051387,1.1075623376612838,1.127090581018189,1.1386590802653986,1.0854802257421943,1.0936496640518238,1.1050302016199351,0.48497340499595276,1.132993824829773,0.5391874462959498,0.4334421964034345,0.6823462264033473,0.8226072328820224,1.0882304210818006,0.3754862967991507,0.5767947058577774,0.9814863597031158,1.055648805363342,0.48333282264932664,0.9225072626736491,0.9843656764922184,0.32115567887790974,0.7217398375184391,0.5533855436291332,0.49879178873917707,0.4371242704105017,0.7190407475181539,0.4923536951367623,0.3561603535474672,1.0795658314283685,0.7352304557653562,0.7545029240548358,0.5439167605049338,0.6122934900002048,0.7443708110457581,0.6551971425753297,0.8768026300648439,0.26696912931546646,1.2155179182347664,0.4601177759402145,0.8126554229027424,0.7800523392123808,0.7324930605276629,1.19190558726042,0.4831875544216163,0.7319001671099774,0.4558873107665994,0.7866075092637743,1.0151065916331308,0.6595609272625093,0.3035765596074079,0.42478671504515797,0.3882455656340571,0.6443411463506643,0.7798756255182061,0.28082461869937025,0.7072304196195444,0.46100669170752606,0.3918443976169852,0.40294318647542615,1.2260201575244942,0.42067743530223367,0.4979324498058072,1.0184210711172421,1.0581570490242127,1.1078891852462398,0.6929140980419636,0.8986950425330354,0.7198454349836749,0.6578849268503589,1.1929127113917564,0.5506556405607441,0.5412233185782761,0.7976119841428094,0.2739754473765317,0.6427856463287049,0.8157515642245824,0.8533255656445984,0.8069520916641753,0.7205007190896823,0.6247310225357599,0.9580237839979118,0.9446717295969576,1.2408013559459379,1.2043459516233008,0.7524027934801267,0.3307792138743436,0.8421901804292182
0.6675807757849284,0.8826218931339481,0.8096486834869141,1.2194123223352875,0.7944890979608495,0.844476335186173,0.890972077345332,0.7114774646247342,0.8862913539792481,0.7081868867378927,0.7139313768123328,0.2831893545624262,0.7224933550065136,1.1666352358412073,1.1940420938253977,0.7530839507798364,0.26469338865495384,1.2311925291641157,0.4570758092108552,0.9548710100433817,0.45263263413534316,0.559806875322469,1.1049740195614743,0.28114909279339106,0.5270125243259788,0.6114037790671863,1.0227714196650792,0.26081108363519634,1.2081180089194339,0.47431855885352625,0.8753301699544539,0.9321916892550988,0.45883093549459,0.8238658496770963,0.8034717762098499,1.0318909129968898,1.1920582194885956,0.8055495698856199,1.0509387215414303,0.913310709504002,1.0874725196187747,0.3836956543994362,0.4291639182901509,0.5108492459620889,0.6963263599865612,1.076390311600555,1.164834949996878,0.8460435954776472,0.6087425105428886,1.2103667746221303,0.6273484772303116,0.36633172713326123,1.0121875111940821,0.2778410512625863,0.8725753978327817,0.9895632481112681,1.1144029871943977,0.7531335547483198,0.5716863687013094,1.1848220404438012,0.6827670817081937,1.0300840237349647,0.3904990097955173,1.2371000859241166,0.6894653743584421,0.2512844255268014,0.8649030145669361,1.1292043375853826,0.7996223011060349,0.938292998427255,0.46380121066273283,0.31899000871045946,1.1235555762270888,0.9129062523445658,1.1777914793753155,1.1350153245472585,0.42619440616424753,0.5588608992364632,0.2841755890410874,0.8874453787179021,0.5807929914276556,0.36394526944454353,0.9715117798434236,0.8280750491848317,0.8641837239845392,0.39451522390695026,0.5630253547015813,0.9456407534454081,0.6154514846532736,0.5620013061084503,0.9057962798997199,0.6378985289517298,1.175529321646895,0.5042178290666882,1.0194853873155871,0.7222809643288011,0.4973513718177428,1.1669787490185026,0.63729117367533,1.1286975838260758
1.1291183075621647,1.1820281055100175,0.25977084741918366,0.5081334327011275,0.25575866049812157,0.7467668588591694,1.072480563634361,0.8872014768082804,1.011121537043158,0.7329688720853552,1.1592202058615602,0.5539464012407238,0.29564874550238374,0.6809852205132962,0.39879596940511564,0.6993497420396421,0.6290940486719362,1.0431428739967394,0.3211582851734328,1.0671281420155851,0.8375858711094019,0.4999569463976212,1.1325598767723473,0.5095764492750492,1.1713075122129755,1.1097946748116456,0.48693332490664865,1.0765510741914643,0.47044600424541894,0.4760790710105627,0.9970782671290289,0.5652394346494508,0.30856530528453385,0.816018424887821,0.8202869387313905,1.0158586438847421,0.5482724542341227,0.5413610728377445,0.43015864773261925,1.0890996987996115,0.48981995220659025,1.1853944896677988,1.1411400917935093,0.2590870349512163,0.9770185270141339,0.951499101465166,0.46171437214797084,0.3574505526289081,1.2456451766743493,0.294588092734144,0.508226813259983,1.2201168864184322,0.9636073662634715,0.49665644684477783,0.2600469810548316,0.33661976085469403,0.5593685620800128,0.5659358223856368,0.7154869724396994,1.0849567750521167,0.7341844983225968,1.0212248152904038,0.8725493962131138,0.8111502124351744,0.7463227712843788,0.37015925873562194,0.7324236015947289,0.2630102134258727,1.1378176403358191,0.4697227501103969,0.3555136464012011,1.2458023677799186,0.5793780670342177,1.102538740855967,1.182133915398283,0.47152715190236705,0.856216642220766,0.9088554042268422,0.5696520622553006,0.803427700787068,1.004940200158329,0.9261417886014571,0.33812656950055775,0.6259383754032933,1.0543203260971725,0.38394121940000037,1.0698681475270049,1.1878869760948834,1.186146335432113,1.1598236408320604,0.7470236477772066,0.6259599096406637,1.078929891193012,1.1120840858402314,0.4947895190294248,0.8038360825022206,0.981645903919888,0.9567652818616311,0.8502025470925807,0.6068886622804012
1.1947320222914102,0.35250972799067926,0.5764613082439919,0.9067366645412922,0.5745858299002703,1.2377855202148873,0.3825246727418484,0.9093539222057827,0.410071634954573,0.3834799724159438,0.7887017979527142,0.903162790531283,0.3900240975533177,0.5688668183211388,0.7126756050653935,0.8358647884535192,0.5873455467690927,1.103784921704667,0.3190075926128163,0.7964303160778473,0.9511395944174736,0.7650056597097231,0.7163097561401701,0.283676403874464,0.8331908042770976,0.6568048009517236,0.9273931298888728,1.0509807004033649,1.136181772129345,1.0673053122132368,0.4687138889065392,0.3832099241366287,0.8023661378172343,1.128033512844457,0.4601071929123518,0.9416556518665415,1.0255052967189995,0.667394782329148,0.35986311374078295,0.8006604592365643,0.44495827149863054,1.0014233175313025,0.7103553731348269,0.8982975272988015,0.9429202292247886,0.7093436555939564,0.3942400211181035,0.2669127999216073,0.7301835152618878,0.3930619527234024,0.4934670440667601,0.2719818148096229,0.457511495384879,0.7096147517329264,0.4448404916553641,0.9191541555348508,0.9441316539762369,0.979240249097568,1.1931958496934507,1.0925345083518017,0.8981021272610714,0.47810037790238513,0.4578238414588358,0.9374368609408673,0.6536466944934778,0.7845545447560391,0.3436574526074745,1.1947500802102118,0.35466063390789626,0.6886716968030488,0.9330695751901241,0.5388099699540896,0.8377954050663722,0.5079395067869006,0.9705864193706374,0.7135478392589218,0.5869219130767456,0.8164436850866266,1.0604329135731705,0.2613896680885528,0.5793535242499547,0.9520971883794911,1.0963180127808738,0.7848727557587553,1.1492503069815647,1.193788889207958,0.8039417338546375,0.7923589504923214,0.30490489091077433,1.1204004631058369,0.2820635170945416,0.8900487969300563,0.3589999898629761,1.143443465376265,0.29944743667934726,0.7797749152567985,0.6894482232929203,0.9724334230224131,0.7636526718213296,0.5498857400558049
0.7174015112498697,1.1872284872364511,0.7677116433847114,0.5751900642246949,0.6164615348713979,0.38643975255673313,1.1120144822726226,1.1451177407065365,0.7115574744197899,0.33060151375712465,0.7478125080342902,1.1883048184484828,0.5268143077913058,0.8321987465941139,1.230987378162685,0.8747838627894025,0.26932763091760104,0.4919771303170454,1.190784520503108,1.2170352752561462,0.9301118854469727,0.7855538148796726,0.32569972730978747,1.1291857726012475,0.8428401805081102,0.5782331056783394,0.8157815548409963,0.3544545181001514,1.1843041141674902,1.1803984201693254,0.3099433008613083,0.8823962564655086,0.8452297327194016,0.8078736756600732,0.9922713922522868,1.2156389752668004,0.6431217982070792,0.6268668803471885,1.1336839676879897,0.4031445000839562,0.7549114512501393,1.1913343927869016,0.9596713435045244,0.761093821472398,1.2373684723122,0.3051015351588311,1.0089768318540306,1.1595644273803012,0.7358856061896132,0.264014517526057,0.7077646127041342,1.0526974053360216,0.8188127364338729,0.8785039000835678,0.7413304319121309,0.6603037218726621,0.2661246463722149,1.1247470734889746,1.1817314247538246,0.5532081937596749,0.26835838399922396,1.17222331815486,0.7540700797484243,0.5754182806826078,0.9286600938268971,0.9251298858444197,1.0180893784186664,0.7392162486880907,1.0726479271938894,1.0320018255939414,0.9107273931091515,0.3992680126692473,1.0972967455354938,0.7415142258318266,1.0157633210475399,0.7203240479372064,0.8354859383150356,0.7217563093908743,0.9397015348618686,0.9465071834768891,0.38823208678533716,0.9708932190520977,0.982300770608181,1.1265981188350187,0.8737533843692328,1.054202907297781,0.7005824928161174,1.0183999289487797,0.9233914790298352,0.808231750279661,0.8623112888403968,0.7447943549418734,0.35812335247709604,0.44415269661854906,1.0987527005652349,0.5717370298582778,0.5478473483600218,0.3350436213060711,0.944541974037274,0.4638388894952643
0.8634113892107077,0.9378857223008134,0.33786649914483335,1.0234731256866008,0.6461726916092554,0.9451445540475938,1.1727571905133942,0.8866696821672073,0.2593316198270933,0.9779393069737652,0.3554736999566306,1.121204482263052,1.2215326909010507,0.6211724234376276,0.7334074359731466,0.32177580622651303,0.3743683990005102,1.2106269755131998,0.7569204379618346,0.3016687216579611,0.6581516908666981,0.6068859751711102,0.6378260899169312,0.4933966832185305,0.60492466087701,0.703989911199699,1.1791447172116873,0.8268573811327002,1.1664205445320661,0.34536092127300355,0.3809737429941741,0.3783258621887645,1.1219130612805055,1.2097910204048503,0.27519909482106963,0.6435553361063155,0.389254070784704,1.1259049249998947,0.5929296627591959,0.9781164373361664,1.018747131362513,0.9266172335525065,1.2337115832091516,0.6955178144931612,0.47516102421593187,0.6768947278233026,0.750619532333931,0.5196300087671828,0.8158517874106719,0.8168584332940947,1.009520148716944,1.038035149575022,1.1177231528050924,0.8072518333184107,1.2005035615891348,0.7207009994910616,0.6226571298941472,1.188719301977863,0.4568718754222878,0.6794478970787026,0.9039942214202483,0.8425681827648268,0.7948816860293935,0.34473891477934415,0.670896528759226,0.6674482838964625,0.9972246450885869,0.5919344935747266,0.4600473372920696,1.0339525180978408,1.2006063715798727,0.49099625799591795,0.6912743367500687,1.2255273290209017,0.3414829579296471,1.1235753057597342,0.565653626982324,0.7458194726485391,0.9748708535798805,0.6260417911091565,0.6490404520483041,0.978470945558592,0.8609465257026532,1.1624850542303684,0.25563131274805373,0.4306549020911703,0.5355250717153396,0.3392065588169638,1.1412826648277505,0.5747989153803605,0.9661738769564306,1.0991322479885106,0.6778695148529912,0.3804556365513939,0.2599597412043033,0.32502208889291817,0.7059159370221137,0.4699911268969307,0.30548394206791063,0.28778296806459513
0.4170339460920752,0.3178370591051719,0.6006269312091808,0.3808736607183498,0.9454672066898622,0.6543187681042921,0.7370619188189359,0.8639335847600618,0.496678864521623,0.7464611523552998,0.906780104724294,1.0160647765353026,0.5813470071030508,0.851074166800233,1.113547522514545,0.9326172212234024,0.6636426749186353,0.4469257044534284,0.6594120718170183,0.7547955983045281,0.2653948916913085,0.603789158736436,1.0535376594626034,0.807337169573008,0.3019893519777075,1.0124469586748686,0.637322517975314,0.7139816981668874,0.8854143568619098,0.7000586394262253,0.8559969672710255,0.8284925082293301,0.8269816124176819,0.29869484839992977,0.6048318555431627,0.3807173235897573,0.26071529769535895,1.1552989990105154,0.933870124909032,0.850251410099583,0.3119465185789879,0.613403931999427,0.300175350319974,1.2169685146183153,0.9123179135395824,0.7190249397178835,1.1617851123817715,1.069677002780459,1.1667560031187467,1.1822668839209722,0.4559881841884732,0.547214113845096,0.6821162368019293,0.9926359896816905,0.6336090403551584,0.29914839034517704,0.6017098179588083,1.055093376799526,0.6082190412430728,0.7207059473159374,0.8685851490721154,0.6299242909620145,0.5335071902709394,1.2258708627835366,1.2114175778465732,0.9806790115283902,0.561703321492812,1.17421843484266,0.6440836485100319,0.7032617725258596,0.9796784136472413,1.1861255715401346,0.26795786375015096,0.5832417405507276,0.7638758347782336,1.0127990528758053,0.33693956069225417,0.9822379140922876,0.9481169240835235,1.1926097101586555,1.2299144327823803,0.2500528269322968,1.0702929606091773,0.5159740646541121,0.4363167765185335,0.656567807905491,0.5480425227913559,0.46115803743192696,1.0538847087352534,0.5433896755829783,0.6667490606240531,1.124701984326712,0.34865737673280905,1.2256049685891122,1.1871124939214721,1.1456512304019184,0.32120671754123253,0.25881483329447263,0.5345406102720561,0.29301396438005534
1.2411686261369765,0.5509635669468163,0.28320310879136656,1.2198210450785447,0.6385581012703457,0.6781996149256148,0.8562529377509774,0.31665204056068996,0.9764617151130048,0.6868507026151796,1.0721031606002254,1.0384473432532988,0.7320410581120825,0.9555858626438246,0.8387315221313199,0.4919316803155296,0.7428645844474466,1.2014298103618324,1.0608785810079184,0.9684539473225501,0.8329260568042631,1.0785555979060812,1.1517740285462286,0.2889793206611304,0.2817437653729886,0.3760020278639943,0.31616518883444045,0.36870909550911146,0.8798206544347077,0.587454278964229,1.0994464062257356,0.943422128056309,0.5954808537234457,0.34800768478074107,1.0302126485356335,0.9217088592440608,0.7942573370152508,0.74295697165586,0.2753486042639385,0.9812505893473751,0.8268079196382558,1.1881811725247224,0.34669455978756714,0.8211991839629137,0.8596819082757774,1.178555532894136,0.3966145571598423,1.2493503004722002,1.0508180998597503,0.9159471660804642,0.9592961271407681,0.3856266160073134,1.2165907702233167,0.5297669308870409,0.6743720260536347,0.4410621393463582,0.7934844285830145,1.1005801973065994,0.3993993884537723,0.4073715833499104,0.5598471167532799,0.7519355807808606,1.1984251555414929,0.5362590353831832,0.8492775178235918,0.7718622953321788,0.5562392452284004,0.27439099311009674,0.5666024348274129,1.042189938275245,0.30204583875613145,0.7701602230243957,0.3245104618186401,0.8450463449237612,0.4815829912889994,0.7630772183680499,0.4729500085577536,0.33777291412344057,0.5609730213830333,1.0679847710772052,0.4758814129335759,1.2039208038467222,0.6541098477429571,0.7121404732699007,0.34972620385336795,0.6056219992575655,0.6331014335905845,0.7521316409195324,0.43404103482144674,0.28341799470505946,1.007295572071193,0.42056037800651846,0.8690930952711197,1.118323963650368,0.8776198739827059,1.052675812526287,1.0486873709303626,0.9661276404767375,1.0692305768401023,1.1200551931092828
0.4816717013834434,0.9581720886452816,0.32857849715502074,0.7037895413836392,0.6986936226225307,0.9675977656581762,1.0148098009029956,0.7684080219452041,1.2418099513493635,0.9795082286523967,0.6304200075075623,0.9149849034759953,0.44609771273839294,0.9384050184921369,0.6253299079196019,0.9639526325065898,0.6542897472548691,1.244819293965951,1.085825927910516,1.112640471149179,0.5031015391796088,1.0392928483196857,0.45347274249759584,0.9168473913056581,0.6733351441531975,0.4464192158720174,0.2691554855512529,1.2305682270607234,0.6532106331838228,1.1206884554574392,0.29499682123542437,0.9506114963944516,1.0530118815263205,0.2940658615703814,0.8138929210554023,0.9793098004772062,1.2257788185489327,0.5801559503156044,0.9400468884094496,1.0197466228570873,0.36921044284057336,0.5255667763091785,0.9704567414627562,1.1134315777893846,1.16509845449003,0.8910861035821595,0.8959278930230393,0.46143125799891116,0.7011300697978414,1.0726574684804273,0.2711498233494163,0.3956286467054234,0.7022151001017181,0.8149526076524732,0.9646960890066222,1.0405136075336476,0.3227362617771965,0.8005453006199955,0.7599850793134971,0.2810681302444563,0.3357942848994895,0.8550712534377437,1.0924641068355752,0.6738081851735742,1.0574779356519088,0.3241761955943122,1.0878413809055185,0.8314248948690871,0.650155272865399,1.0886217961980567,1.1342451739289543,0.6148180963078569,0.7603927213487066,0.34019570020024437,0.43121804361361726,0.9207472004717734,0.4380585664790756,0.9181806619579052,0.3496639220767759,0.8376944695313122,0.8621586589432291,1.0642087670546632,0.47150105085385274,0.7991440152414512,0.61332447556901,1.0410040740654072,1.0855707099645604,0.2700117236287748,0.5459263489802884,1.0658208510252951,0.4770012993384206,0.38623365154572564,0.3936916072617339,1.1432361472099468,0.5718466352013203,0.3895267805596693,0.4933019279829671,0.59443828842851,0.32989368779136086,0.9283931464059073
1.1927317741351255,0.3173506014687717,0.6469232762015961,0.48605046334646396,0.48754413087432746,0.9424361513243696,0.42483862726041255,0.40016900081704165,0.3491780995872159,1.0155128989911097,1.0256118509253276,0.510286857566003,0.8607800710757683,0.6245528870201214,0.5357835555258702,1.0725347943841967,0.7809376784120938,0.9617228057460487,0.5821910331156046,0.42925561190779005,0.7002542461428903,0.5577958316807456,0.3169736120252715,0.5730273457540939,0.33456537809723785,1.201444825663092,1.0768585609727532,0.46469588746335544,1.002397882303788,0.33352491468001877,0.9841512590416462,1.0034721106595967,0.7902788931874211,0.43527685033354,0.5111624325108602,0.8250605734588147,0.6191361938092045,0.35680070400236363,0.5661013115469705,1.225410367684745,0.28646105082561846,0.5821725220617325,0.531825003295472,0.38945023620516017,0.40636214164487505,0.5616529166546489,0.48287914615181504,0.5151707411833556,0.968699265972796,0.2632812034585801,0.668932977983946,0.9474316172371925,0.3927856366678847,0.33814224339079213,0.853792757286118,0.7039588330478598,1.0401313737261084,1.0758882264268146,0.7105825506946666,1.1969028994605169,0.34093544991304114,0.8098905318457854,0.9723735076327985,0.899863921702575,0.35935590310947885,0.44201625096794883,0.3223572577413266,0.7989325244993376,0.40049549807258555,0.9047757512842602,1.1126751629457257,1.1233914579092192,1.2194393756758783,0.8560150024794432,1.0603032991233325,1.0973550539093668,0.6780193524396438,1.1458121013985787,0.522467184033096,0.5021819818192694,0.6829730498397063,1.1539816965892853,0.7620233891087593,1.1991124568882472,0.7513509936337459,0.7602129164781221,1.2172132068082684,0.5028549787625588,0.9670479387071047,0.700383213039008,0.471276591066184,0.8804009260359995,0.7723732639668011,1.1363763846243953,0.4964779095767362,1.0267682713500728,0.9754121231929704,1.0366525160763467,1.1054859546959577,0.9105324154364861
0.8996466489923685,0.8321704601762733,0.38271575404306035,0.32349674733001266,0.6232517916293401,1.2412559937021883,0.7525660764634424,0.9874337687214856,0.6514943158612883,0.40890816766935356,1.2144766539008116,1.1571950307058299,0.5306832155159743,0.4168602016987528,0.45322309108608727,1.0539585075525202,0.8451316749056815,1.231143731791822,0.9436180574737952,1.0500034817636814,1.2075810150838173,1.1637884438732593,1.1273504531328387,1.1479191869576657,0.8568469555401391,0.4254916273813574,0.7747356376614322,0.31723418009056115,0.7812940183509319,0.4611259425580374,0.5913186459500521,1.1228594215656647,0.32928028463119174,0.7912701109416781,0.9449531193430477,0.45681789313339627,0.6071923339930448,1.203402879382095,0.30574085358744174,0.82356328002671,0.3027439521622174,0.9508084180017403,0.43430139695009906,0.8192064631294277,1.0017981635869329,0.7753182644507214,0.4067604286516393,0.9128597876346657,0.8362354987807616,0.7920152984797261,1.0258650652027868,0.8928065910861737,0.6394346800776732,0.663665523583207,0.5489261500983332,0.5516622416311489,0.46778080176756853,0.5535039091479522,1.1507601624507324,0.49071258566350673,1.1732237469852285,0.7364050355361782,0.3279938664094091,0.2746972976861113,0.6472912929459057,1.089998223243943,1.131105148356566,0.4693204012113821,0.753570074403555,0.47842585230842016,0.6933203207726987,0.6449902705490325,0.9432095422188678,0.3396317733046179,0.3850381366805474,0.25953895402554494,0.9082837834261573,0.30778819701986415,1.0817853001851594,0.4537173932776666,0.32102456764932663,0.26564329530743414,0.7988417555934738,1.2486173191643846,0.29339717857856085,0.377849736993467,0.6886553813503745,0.7674012898249661,0.33427055918076554,0.5751329284002644,0.41141698768757395,0.5512257480622794,0.25721994700371775,0.7916868240337284,0.25900566426447524,0.87584666605061,0.3183483714481947,0.5889362199370263,0.34189609207710625,0.864642818934886
0.8577367948788591,0.5958830569529567,0.8175408482615582,0.41975790508754074,0.4772696272631515,0.37839428945412523,0.6486630277723131,0.7622219208126745,1.0500709686991594,0.8602251494776413,0.4537664591276891,0.920732311905834,0.4569925784384268,0.6805293384622075,1.0117981913776972,0.8025009674078891,0.25992382112783563,0.8195397795671037,1.0211228158518866,0.8027070757185453,0.6490353176424347,1.202815017002506,0.6394049389788753,1.138118188934036,1.1309730056396574,0.8177273179310546,1.0252440518349493,0.8448473795019096,0.9274380712282945,1.0024683375864942,0.7285283699195225,0.7499589919647884,0.8158505603132467,0.895572181427428,0.8173909441560734,0.7544559416693554,0.5940916178494421,0.31022694490029745,0.859812761548117,0.5916411126906018,1.0841641082084412,1.0153162995253862,0.2893618798197295,1.1179796267309028,0.8182686162687683,0.31605530782216007,0.9334294151572705,1.2154486346006212,0.7423670487012489,0.7095629775055219,0.5887329557744314,1.0327456742513867,1.2017024063905373,1.000160832954601,0.6608163955674278,0.6340190739649582,0.9270378148820102,0.6484787621092144,1.1800053777910726,0.4899489037236313,0.9392793212258371,0.7549328040894001,0.35613001930901944,1.060259130517287,0.5868477014471527,0.9749127466244395,0.5066616898959144,0.6788874313502106,1.0516425898313673,0.5240117803855475,0.8358630505279215,0.5850085699576958,0.32091619143856953,1.209235435323822,0.7186516369963852,0.6528900310500486,0.5138060749463575,0.39065333923366674,1.2304707977830711,0.5903848376775491,0.7378766059980595,1.1838587957857394,0.7883263720099121,0.48540724884152664,0.5984779757956553,0.9889920631562439,0.6433528387477618,0.2649611982563007,1.061861699832584,0.7211103549977539,0.6219947597891619,0.26857071876509886,0.5665963484126467,0.8964017366657997,0.48547141701087715,0.6591437879176223,1.205098556165686,1.069333752298861,1.0844542148916962,1.0992191446941049
0.7626885110165086,0.8709155177674771,0.9394649691372657,0.7697739485560177,0.32319592376844364,0.35410964938416634,0.3963739921622491,0.9302277792083533,0.45403563462889884,0.38535408227768553,0.7733296311947413,0.81044063098044,0.7665726284459791,0.39259414408190874,0.6365405068230279,0.7701698923107512,0.7140951594535039,0.5095417831760903,0.9046506868659545,0.6465536819899632,1.0898016066644267,0.5767425420300408,0.7917609642675633,0.5752906183617478,1.1329148165187222,0.8293144666619379,0.4844256000115147,0.9888666771330327,0.6784579038487955,0.3012938489812156,1.1788595498455656,0.9802491895295712,1.1580185454216623,0.2955851579486688,1.0462436094563872,0.5621897365691294,0.7705438373048584,0.5476502775682804,0.49080381607317325,0.8984645569002371,0.36797248362806156,1.1794034838491538,0.2718467119862018,0.833105757279898,0.5246658697879054,1.222568235649737,0.8436846199087332,1.165814348190744,0.4423157727843505,0.748967944220793,0.8137371014453995,1.1874811723991048,0.5697208493398542,0.943400853429044,0.46769979885723245,1.10439951332568,1.0532121232440932,0.5669130138185443,0.6335673910072921,0.33337905376875954,0.3771026137707404,0.4264119104278862,0.7427813458649557,0.7865781900286203,0.8194823881365918,1.144761987012495,0.8429847477554939,0.9022640059437702,0.691534010378897,0.5648411554087354,1.2260783324725189,0.45728252254973556,0.4393608757918628,0.9656626520723114,1.188578239586033,1.1572431672770787,0.26206993530061795,0.9666319367020314,0.7438470147415613,0.7265679435800185,0.9521643286483125,1.0597885286881046,0.8150737914801053,0.9769798713458154,0.4291796746253226,0.646887978224919,1.0965507758198627,0.5145462862260417,0.9689069446047903,1.0687379904546521,1.0970120353890835,1.1386426693629552,0.9271907236726554,0.7953628521336417,0.3877283015171411,0.5040211490955627,0.4430149854056986,0.380698253748313,0.6107884010787267,0.7302669256656275
0.4806698117177587,0.29574203381251285,1.0505866991090829,0.5870031764312863,0.8534485933813779,0.9743388171287412,0.6175344222915314,0.29167290060238427,0.8050849493022862,1.0013750860290456,0.5371379580845755,0.3609894692134811,0.2555057991604208,1.1400970351838082,0.7612754622007512,0.3928759613394117,1.2134992408875882,0.6869958856656209,0.40159507480009937,0.38171502857909356,0.43854060574925113,0.6044249487930549,1.2180658120507588,1.150960895690468,0.9090454101322324,0.7396244620502448,0.5950837455132337,0.28244344604718696,0.9814964640431391,0.7425353807142893,0.5819715047358455,0.8691727353658367,0.6463126254982205,1.1959708898455994,0.9850251861898234,0.6774665281666891,0.6906648834242936,0.5480662011700042,0.63680724205188,0.31844070924262613,0.29515136441229195,0.4548024090562095,1.0244856031197909,0.9680141781270015,0.7244349141471741,0.610059901930726,1.0048274583623313,0.7528755200655849,0.7139362634548909,0.32221318533518795,0.4549792328259108,0.941927363266592,1.118098159867063,1.240642737172179,1.2160214591302085,0.9989990174049569,0.8118769562415131,0.7173873354479254,0.7417379430189894,1.1785077519437785,0.6067231693089064,1.0627329043046794,0.4107133491909857,0.5282171870688221,1.1111135200614255,0.36755724912093657,1.1859941790017778,0.9771311968819275,0.7406135758981991,0.366804107733952,0.7823043638481663,0.6277968239094115,1.0213231432168501,1.0381597881357063,0.43583205556534255,0.9903130308439514,0.7689373642647569,0.6872816482446176,0.2597003549230422,0.5460655100389471,0.7632199758278188,1.0872191429586986,1.198704918239181,0.6280310622331952,0.8970701662588739,0.5129242476321471,0.6769053206363036,0.7640308194758695,0.9796066492353426,0.3746142077075212,1.0779120621490643,0.47690076724380825,0.7340389402278484,0.30120634919032907,0.8621662207231456,1.1097287835022325,1.1327420762070806,0.4233731567575082,0.8622090632572158,1.1204108285583003
0.42652803200550826,1.1215368061523763,0.4501502442448101,1.0788833658826094,0.9182127985550163,0.8283869170064091,0.31817230938549357,0.3347920160458032,0.9830712960296748,0.9069551562671395,1.0428544190338394,0.6970555438064254,0.2576640326492253,0.5958774607378574,0.7423254800011819,1.0253461504031356,0.7690322801295487,0.843560935378786,1.125883083517057,1.1152957589089123,0.9224604980250288,0.7556341534219588,0.31656472791422285,1.2461576734987787,0.461231831472931,0.8947452485768186,0.28010387221131894,0.9087176387270222,1.074471517604549,0.69210703467972,0.715336933939486,0.43663993979768256,0.5463258018998001,1.0921653766503812,0.8601079220362347,0.8952185758446639,1.1299146267270146,0.5704012861402149,0.3305808122865136,1.1473973183215862,0.6878998871429123,1.047998035219224,0.38443342736955,0.6220435678122074,0.5837765970697978,0.7278673549131358,0.5594625764461824,1.0451102825267247,0.49581858702257464,0.9344353610693075,0.9919953911261723,0.40585153655144346,1.1312506816818897,0.527891125987756,0.38063438155735974,0.5223153971810828,0.9908832067219855,0.5355796162386364,1.146236249146133,0.829737114939772,0.8424829939015964,0.7917603199410154,1.228265463529474,0.31160798529246925,0.32833821776200667,1.240222534615074,0.9281225015366464,0.2507168587065798,1.0987675852813141,0.5231596203699451,1.1553218283760898,0.566684356016926,1.0914397599562449,0.9541043607716369,1.2279934237382346,0.7928413743340746,0.8557594893589721,0.6535486208136884,0.39004481213422904,0.7649294953924828,1.122106063746581,0.3432873847219685,1.1522456230962312,0.2581081968862132,0.71427236932434,0.6254986220207202,0.8020181722956512,0.8231492479812457,0.3502413702675914,1.1076559882418273,0.6328242079635038,1.1792806516858092,1.2282694859989882,0.9955030853527727,0.4165455885938013,0.950188259294053,1.0594732096154345,0.5908765395839365,0.4028871156479982,0.6094450261822392
0.47048620907017535,1.223488969177397,0.41748258225906976,0.6808875236618059,0.8694903460096145,0.5241606665598059,0.275811906949487,0.9663233880626823,0.865985450260179,1.206614621083458,0.8275933658811575,0.7103582712019263,0.4690688091018578,0.4044597472233238,0.8272790292331312,0.5214093804467144,0.9275422674589532,0.323081562027015,0.7890945527360087,0.40727320817971535,1.2270069544389435,1.1911208125336734,0.8983180074520956,1.075415664123948,1.112996831358872,0.4798267257976184,1.2114923245741123,0.7822918759514544,0.3964362566028161,0.5844011789887487,0.2636824147606811,0.27568964486940817,0.39346945701802005,0.5466124821570931,0.738177675310814,0.9952147426908345,0.7555207917234903,0.4142868432724093,0.3971632510949453,0.3693810113381968,1.0939934719420248,0.9885460533969634,0.7177206159711509,0.3424495170370666,0.8293134027884609,0.6052839742369226,0.6979716563821899,0.38574585309990106,1.1648421498516548,0.7532204148586344,0.3022791032687596,0.4934426167654107,0.6001865243319611,0.7481892991739791,0.6218367845664194,0.3675018402123733,0.9118603122150055,1.2116114422544468,1.0567078077450613,0.9170368571253539,1.0855717050906488,0.3810798617047031,0.40852023402740945,0.41249841547444144,0.3225747980447108,0.4594067139499336,0.6644298124670366,1.1868534300910154,0.9560581146380308,0.4595192243125321,0.33303875781018644,0.927303959298141,0.8676945861885909,0.8397290360764658,1.244287985761059,0.7796445270351334,1.2128704940018098,0.38696663454423585,0.5720805753162658,0.4153704255131859,0.5389370166575826,0.9887780289185977,1.1257170365589393,0.25925252243590236,0.7453176469339088,0.7477565636068964,0.48094166459874443,1.1757516930553056,0.9677605448162309,1.147508835108354,0.8391187359802366,0.9674344508782536,1.1241037960662108,0.7553320333358803,0.7786298375366193,0.7977399094691369,1.217859924081416,0.6584873888822733,0.31616872172518085,1.1767075043390904
0.4364382621442545,1.2188778552856916,0.35456784033440025,0.4987142725876299,0.7134940438005724,0.3294193689889866,0.38516628915482276,0.32208433599867337,0.43802473461541613,0.3189580163564212,0.8845824175503038,1.11456360952267,0.28672136250082114,0.2754477599057509,1.1155771456245522,0.7466954228179465,0.5618638579168832,0.8723432646172461,0.5324724263700037,0.5597878592090992,0.3518931008729368,1.1263194331423114,0.3241054225748671,1.094871347755229,1.1360934353132082,0.8026622677767482,0.9178679067008134,0.3532650088750484,1.082929715574228,0.6445723153189238,0.33159872000483837,0.5345413856769338,0.4014455219353573,0.32718753022646796,0.3831821256675234,0.4822246909013431,0.7577578381885688,1.0331614309236972,0.5479772354958438,0.5778428378858183,0.5124083764893019,0.31379455625359787,0.855896815179483,0.7079002951270714,1.1390006108146657,0.9325117301162001,0.6554716763304185,1.2274381842040123,0.5854068134963469,1.015148849861264,1.1025426448755002,1.0921937308731144,0.3332576580506321,0.5795304137739967,0.2758389722200112,0.5019982216440717,0.6055297971520076,0.5628446280056681,0.2536563113446493,1.1615768872630525,0.29366092871300853,1.016157101582778,0.737467835463974,1.145033858853437,1.1003177081575988,0.261779876286642,0.9395342089054152,0.4145253723928124,0.7404544085197847,0.7053287498086022,0.44105186870868285,0.5395827046707271,0.8944231696298166,0.6999127810855054,0.8056171546824029,0.5977700976044378,0.8394708030932468,0.7567700407177881,0.8285853485929497,1.2277128128255,0.3362491713039649,1.209916689642091,1.051416810908627,0.7105660075622557,0.6776917880334611,0.5931155164170094,0.9935025357790752,0.8953456232506078,0.92981812521997,1.1967079150338882,0.9708163164749156,1.0126534899114843,0.6090707790431512,0.8977090747902298,0.8401164223444708,0.8595685338984641,0.7278906609457496,0.5987028108429784,0.4659382040201351,0.9486569800812401
1.0295844735667532,0.9996518317429247,0.8864302495436367,0.86714498660403,0.6297857801792298,0.33565824959643054,1.2131151115891738,0.3212567277652586,0.6053845686857394,0.3070547211512543,1.047914159615894,0.7966482201877885,0.3580257541306914,0.8958223862864843,1.2307393435834295,0.5342740929275167,1.0239913781527625,1.2311778367622945,0.6752281854376939,0.5400455319624369,0.258319942227192,0.3525679625835898,0.6254689284665004,0.4990087361090899,0.4466535849529587,0.6221732552468971,1.183205087759306,0.42252387694636206,0.7902965317903072,0.7799405869302329,0.508591591134784,0.6930337063376194,0.6827714843418189,0.41988707321905727,0.5113330178853838,0.6553253606469533,0.3883715947205566,0.3724978619659892,0.33975950056015713,1.065745380626121,0.6717126175259164,0.637223141210207,0.6783518005688463,0.6444793908388575,0.819304984412202,0.912232158329593,1.234089463966514,1.2143532340359866,1.2022640145333723,0.7352906340617154,0.44819638642166815,0.45930607583420857,0.9745579091588182,0.6906031140591747,0.4717794919335464,1.1707564510547337,1.0588585390335652,0.3480445381109398,0.5700595641835825,0.5956201689007895,0.48663313147000886,1.1824439783773508,0.6141210568415054,0.936024223935891,0.4628500860383574,1.2474229390535543,0.5939796363163702,0.4835804342223592,0.5076956481891797,1.158437547872265,0.6907549434413178,0.8271997464225614,0.27833745038338464,1.1083733797610624,0.4201427401771579,0.7705205336415145,0.7211725593781418,0.37654531119637724,0.32509364580531397,0.35792455496499387,1.1865656116580061,0.9285473414181606,1.1934281072652855,0.7383349130043346,1.2060197104865669,0.49190577259175783,0.7819883182707819,0.6647358025299938,1.0809224908218504,0.6474879924226278,0.491206774628023,0.4514614957931604,0.2954865414722746,0.7526398049755353,0.5480416983469145,0.341066182082181,0.9773972938459515,1.0136470325232199,0.37785381790869554,0.5071771360244273
0.6001252591667301,0.38008624013063197,0.9564757264869012,0.9567772168854458,1.1133336495718251,1.1441908746641183,0.799529535895017,0.26210847523488745,1.0337917844853972,0.5321870746932001,0.6459704726624549,0.6304005489704096,0.5888606493387516,0.8869023174547432,0.6575842085738169,0.38382836299969314,1.0229214818761152,0.44010764978372763,0.2875710903989074,1.1214140341908543,0.6835827926326143,0.6427307432714162,1.0538145451934469,0.8267023988577563,0.9874260857706773,0.911667259629189,0.5154964074290723,0.8179742973160805,1.0946659090902244,0.4113673583883831,0.2778522408210744,0.8671059444286563,0.8456798241615295,0.3769444137549727,0.6690994729170853,0.5191615709916292,1.2327395409103858,0.8849066591531628,1.1608262646863152,0.8473123783307118,0.2899225325637512,0.5327654570600986,0.2771066523362331,1.1170601823789474,0.881722418326584,0.9653223105291356,0.5422489567393879,0.41372895787917097,0.7830552900947112,0.3993816362264321,1.1243980317083309,0.3225223169544814,0.561512299013986,1.106950129869388,1.0304711383801548,0.8315888378497553,0.544701369885528,0.7768171660504134,0.6717742419361259,0.8715073111380841,1.13974899029538,1.197306899236962,0.889386421454098,0.49990172163688984,0.9187532544498137,0.5310738854451131,0.5272584163491861,0.5134734456938482,1.1349267468449666,0.3544803167539581,0.8347568083373047,0.3158921650319727,1.0785302595815085,1.206835667543063,0.5661048879408956,0.9053831994634532,0.8234016258977038,0.7266204563105404,1.1933572987098815,1.1819441396543722,0.628196349528219,0.8205614046246065,0.34849464167940325,0.27256969657344265,0.46473512512156323,0.6485020288039803,1.0590345502403418,1.1803511771330677,0.2915959562564695,0.4671404040376719,0.4181410858947471,0.4841944256168129,1.0956263001150188,0.741811322322456,0.2850649490187187,0.7239197609111919,0.620710657037784,0.3469513926267147,0.5624058976796318,0.8140849216886251
